year,municipality,municipality_type,source_geography_name,geoid,state_fips,county_fips,county_subdivision_fips,total_population,total_population_margin_of_error,foreign_born_population,foreign_born_margin_of_error,foreign_born_percent,data_product,estimate_period,source_table,total_population_variable,foreign_born_variable,source_file,official_source_url,notes
2000,Allendale,borough,"Allendale borough, New Jersey",0600000US3400300700,34,003,00700,6699,,766,,11.43,Census 2000 Summary File 3 Demographic Profile (sample),Census 2000 sample data,DP2,DP2_C86,DP2_C98,ProfileDataNJ.ZIP / 2ks34t2.csv,https://www2.census.gov/census_2000/datasets/100_and_sample_profile/New_Jersey/ProfileDataNJ.ZIP,Sample estimate from the Census 2000 long-form profile. The legacy file reports townships at summary level 060 and incorporated municipalities at summary level 160. It does not include margins of error; foreign_born_percent is derived from the two published counts.
2000,Alpine,borough,"Alpine borough, New Jersey",0600000US3400301090,34,003,01090,2183,,594,,27.21,Census 2000 Summary File 3 Demographic Profile (sample),Census 2000 sample data,DP2,DP2_C86,DP2_C98,ProfileDataNJ.ZIP / 2ks34t2.csv,https://www2.census.gov/census_2000/datasets/100_and_sample_profile/New_Jersey/ProfileDataNJ.ZIP,Sample estimate from the Census 2000 long-form profile. The legacy file reports townships at summary level 060 and incorporated municipalities at summary level 160. It does not include margins of error; foreign_born_percent is derived from the two published counts.
2000,Bergenfield,borough,"Bergenfield borough, New Jersey",0600000US3400305170,34,003,05170,26247,,8437,,32.14,Census 2000 Summary File 3 Demographic Profile (sample),Census 2000 sample data,DP2,DP2_C86,DP2_C98,ProfileDataNJ.ZIP / 2ks34t2.csv,https://www2.census.gov/census_2000/datasets/100_and_sample_profile/New_Jersey/ProfileDataNJ.ZIP,Sample estimate from the Census 2000 long-form profile. The legacy file reports townships at summary level 060 and incorporated municipalities at summary level 160. It does not include margins of error; foreign_born_percent is derived from the two published counts.
2000,Bogota,borough,"Bogota borough, New Jersey",0600000US3400306490,34,003,06490,8249,,1812,,21.97,Census 2000 Summary File 3 Demographic Profile (sample),Census 2000 sample data,DP2,DP2_C86,DP2_C98,ProfileDataNJ.ZIP / 2ks34t2.csv,https://www2.census.gov/census_2000/datasets/100_and_sample_profile/New_Jersey/ProfileDataNJ.ZIP,Sample estimate from the Census 2000 long-form profile. The legacy file reports townships at summary level 060 and incorporated municipalities at summary level 160. It does not include margins of error; foreign_born_percent is derived from the two published counts.
2000,Carlstadt,borough,"Carlstadt borough, New Jersey",0600000US3400310480,34,003,10480,5917,,1213,,20.5,Census 2000 Summary File 3 Demographic Profile (sample),Census 2000 sample data,DP2,DP2_C86,DP2_C98,ProfileDataNJ.ZIP / 2ks34t2.csv,https://www2.census.gov/census_2000/datasets/100_and_sample_profile/New_Jersey/ProfileDataNJ.ZIP,Sample estimate from the Census 2000 long-form profile. The legacy file reports townships at summary level 060 and incorporated municipalities at summary level 160. It does not include margins of error; foreign_born_percent is derived from the two published counts.
2000,Cliffside Park,borough,"Cliffside Park borough, New Jersey",0600000US3400313570,34,003,13570,23007,,9953,,43.26,Census 2000 Summary File 3 Demographic Profile (sample),Census 2000 sample data,DP2,DP2_C86,DP2_C98,ProfileDataNJ.ZIP / 2ks34t2.csv,https://www2.census.gov/census_2000/datasets/100_and_sample_profile/New_Jersey/ProfileDataNJ.ZIP,Sample estimate from the Census 2000 long-form profile. The legacy file reports townships at summary level 060 and incorporated municipalities at summary level 160. It does not include margins of error; foreign_born_percent is derived from the two published counts.
2000,Closter,borough,"Closter borough, New Jersey",0600000US3400313810,34,003,13810,8383,,2119,,25.28,Census 2000 Summary File 3 Demographic Profile (sample),Census 2000 sample data,DP2,DP2_C86,DP2_C98,ProfileDataNJ.ZIP / 2ks34t2.csv,https://www2.census.gov/census_2000/datasets/100_and_sample_profile/New_Jersey/ProfileDataNJ.ZIP,Sample estimate from the Census 2000 long-form profile. The legacy file reports townships at summary level 060 and incorporated municipalities at summary level 160. It does not include margins of error; foreign_born_percent is derived from the two published counts.
2000,Cresskill,borough,"Cresskill borough, New Jersey",0600000US3400315820,34,003,15820,7746,,1898,,24.5,Census 2000 Summary File 3 Demographic Profile (sample),Census 2000 sample data,DP2,DP2_C86,DP2_C98,ProfileDataNJ.ZIP / 2ks34t2.csv,https://www2.census.gov/census_2000/datasets/100_and_sample_profile/New_Jersey/ProfileDataNJ.ZIP,Sample estimate from the Census 2000 long-form profile. The legacy file reports townships at summary level 060 and incorporated municipalities at summary level 160. It does not include margins of error; foreign_born_percent is derived from the two published counts.
2000,Demarest,borough,"Demarest borough, New Jersey",0600000US3400317530,34,003,17530,4845,,1184,,24.44,Census 2000 Summary File 3 Demographic Profile (sample),Census 2000 sample data,DP2,DP2_C86,DP2_C98,ProfileDataNJ.ZIP / 2ks34t2.csv,https://www2.census.gov/census_2000/datasets/100_and_sample_profile/New_Jersey/ProfileDataNJ.ZIP,Sample estimate from the Census 2000 long-form profile. The legacy file reports townships at summary level 060 and incorporated municipalities at summary level 160. It does not include margins of error; foreign_born_percent is derived from the two published counts.
2000,Dumont,borough,"Dumont borough, New Jersey",0600000US3400318400,34,003,18400,17503,,3253,,18.59,Census 2000 Summary File 3 Demographic Profile (sample),Census 2000 sample data,DP2,DP2_C86,DP2_C98,ProfileDataNJ.ZIP / 2ks34t2.csv,https://www2.census.gov/census_2000/datasets/100_and_sample_profile/New_Jersey/ProfileDataNJ.ZIP,Sample estimate from the Census 2000 long-form profile. The legacy file reports townships at summary level 060 and incorporated municipalities at summary level 160. It does not include margins of error; foreign_born_percent is derived from the two published counts.
2000,East Rutherford,borough,"East Rutherford borough, New Jersey",0600000US3400319510,34,003,19510,8716,,2514,,28.84,Census 2000 Summary File 3 Demographic Profile (sample),Census 2000 sample data,DP2,DP2_C86,DP2_C98,ProfileDataNJ.ZIP / 2ks34t2.csv,https://www2.census.gov/census_2000/datasets/100_and_sample_profile/New_Jersey/ProfileDataNJ.ZIP,Sample estimate from the Census 2000 long-form profile. The legacy file reports townships at summary level 060 and incorporated municipalities at summary level 160. It does not include margins of error; foreign_born_percent is derived from the two published counts.
2000,Edgewater,borough,"Edgewater borough, New Jersey",0600000US3400320020,34,003,20020,7677,,2723,,35.47,Census 2000 Summary File 3 Demographic Profile (sample),Census 2000 sample data,DP2,DP2_C86,DP2_C98,ProfileDataNJ.ZIP / 2ks34t2.csv,https://www2.census.gov/census_2000/datasets/100_and_sample_profile/New_Jersey/ProfileDataNJ.ZIP,Sample estimate from the Census 2000 long-form profile. The legacy file reports townships at summary level 060 and incorporated municipalities at summary level 160. It does not include margins of error; foreign_born_percent is derived from the two published counts.
2000,Elmwood Park,borough,"Elmwood Park borough, New Jersey",0600000US3400321300,34,003,21300,18925,,5708,,30.16,Census 2000 Summary File 3 Demographic Profile (sample),Census 2000 sample data,DP2,DP2_C86,DP2_C98,ProfileDataNJ.ZIP / 2ks34t2.csv,https://www2.census.gov/census_2000/datasets/100_and_sample_profile/New_Jersey/ProfileDataNJ.ZIP,Sample estimate from the Census 2000 long-form profile. The legacy file reports townships at summary level 060 and incorporated municipalities at summary level 160. It does not include margins of error; foreign_born_percent is derived from the two published counts.
2000,Emerson,borough,"Emerson borough, New Jersey",0600000US3400321450,34,003,21450,7197,,1125,,15.63,Census 2000 Summary File 3 Demographic Profile (sample),Census 2000 sample data,DP2,DP2_C86,DP2_C98,ProfileDataNJ.ZIP / 2ks34t2.csv,https://www2.census.gov/census_2000/datasets/100_and_sample_profile/New_Jersey/ProfileDataNJ.ZIP,Sample estimate from the Census 2000 long-form profile. The legacy file reports townships at summary level 060 and incorporated municipalities at summary level 160. It does not include margins of error; foreign_born_percent is derived from the two published counts.
2000,Englewood,city,"Englewood city, New Jersey",0600000US3400321480,34,003,21480,26203,,8079,,30.83,Census 2000 Summary File 3 Demographic Profile (sample),Census 2000 sample data,DP2,DP2_C86,DP2_C98,ProfileDataNJ.ZIP / 2ks34t2.csv,https://www2.census.gov/census_2000/datasets/100_and_sample_profile/New_Jersey/ProfileDataNJ.ZIP,Sample estimate from the Census 2000 long-form profile. The legacy file reports townships at summary level 060 and incorporated municipalities at summary level 160. It does not include margins of error; foreign_born_percent is derived from the two published counts.
2000,Englewood Cliffs,borough,"Englewood Cliffs borough, New Jersey",0600000US3400321510,34,003,21510,5322,,2061,,38.73,Census 2000 Summary File 3 Demographic Profile (sample),Census 2000 sample data,DP2,DP2_C86,DP2_C98,ProfileDataNJ.ZIP / 2ks34t2.csv,https://www2.census.gov/census_2000/datasets/100_and_sample_profile/New_Jersey/ProfileDataNJ.ZIP,Sample estimate from the Census 2000 long-form profile. The legacy file reports townships at summary level 060 and incorporated municipalities at summary level 160. It does not include margins of error; foreign_born_percent is derived from the two published counts.
2000,Fair Lawn,borough,"Fair Lawn borough, New Jersey",0600000US3400322470,34,003,22470,31637,,8476,,26.79,Census 2000 Summary File 3 Demographic Profile (sample),Census 2000 sample data,DP2,DP2_C86,DP2_C98,ProfileDataNJ.ZIP / 2ks34t2.csv,https://www2.census.gov/census_2000/datasets/100_and_sample_profile/New_Jersey/ProfileDataNJ.ZIP,Sample estimate from the Census 2000 long-form profile. The legacy file reports townships at summary level 060 and incorporated municipalities at summary level 160. It does not include margins of error; foreign_born_percent is derived from the two published counts.
2000,Fairview,borough,"Fairview borough, New Jersey",0600000US3400322560,34,003,22560,13255,,6414,,48.39,Census 2000 Summary File 3 Demographic Profile (sample),Census 2000 sample data,DP2,DP2_C86,DP2_C98,ProfileDataNJ.ZIP / 2ks34t2.csv,https://www2.census.gov/census_2000/datasets/100_and_sample_profile/New_Jersey/ProfileDataNJ.ZIP,Sample estimate from the Census 2000 long-form profile. The legacy file reports townships at summary level 060 and incorporated municipalities at summary level 160. It does not include margins of error; foreign_born_percent is derived from the two published counts.
2000,Fort Lee,borough,"Fort Lee borough, New Jersey",0600000US3400324420,34,003,24420,35461,,15864,,44.74,Census 2000 Summary File 3 Demographic Profile (sample),Census 2000 sample data,DP2,DP2_C86,DP2_C98,ProfileDataNJ.ZIP / 2ks34t2.csv,https://www2.census.gov/census_2000/datasets/100_and_sample_profile/New_Jersey/ProfileDataNJ.ZIP,Sample estimate from the Census 2000 long-form profile. The legacy file reports townships at summary level 060 and incorporated municipalities at summary level 160. It does not include margins of error; foreign_born_percent is derived from the two published counts.
2000,Franklin Lakes,borough,"Franklin Lakes borough, New Jersey",0600000US3400324990,34,003,24990,10422,,1231,,11.81,Census 2000 Summary File 3 Demographic Profile (sample),Census 2000 sample data,DP2,DP2_C86,DP2_C98,ProfileDataNJ.ZIP / 2ks34t2.csv,https://www2.census.gov/census_2000/datasets/100_and_sample_profile/New_Jersey/ProfileDataNJ.ZIP,Sample estimate from the Census 2000 long-form profile. The legacy file reports townships at summary level 060 and incorporated municipalities at summary level 160. It does not include margins of error; foreign_born_percent is derived from the two published counts.
2000,Garfield,city,"Garfield city, New Jersey",0600000US3400325770,34,003,25770,29786,,11636,,39.07,Census 2000 Summary File 3 Demographic Profile (sample),Census 2000 sample data,DP2,DP2_C86,DP2_C98,ProfileDataNJ.ZIP / 2ks34t2.csv,https://www2.census.gov/census_2000/datasets/100_and_sample_profile/New_Jersey/ProfileDataNJ.ZIP,Sample estimate from the Census 2000 long-form profile. The legacy file reports townships at summary level 060 and incorporated municipalities at summary level 160. It does not include margins of error; foreign_born_percent is derived from the two published counts.
2000,Glen Rock,borough,"Glen Rock borough, New Jersey",0600000US3400326640,34,003,26640,11546,,1276,,11.05,Census 2000 Summary File 3 Demographic Profile (sample),Census 2000 sample data,DP2,DP2_C86,DP2_C98,ProfileDataNJ.ZIP / 2ks34t2.csv,https://www2.census.gov/census_2000/datasets/100_and_sample_profile/New_Jersey/ProfileDataNJ.ZIP,Sample estimate from the Census 2000 long-form profile. The legacy file reports townships at summary level 060 and incorporated municipalities at summary level 160. It does not include margins of error; foreign_born_percent is derived from the two published counts.
2000,Hackensack,city,"Hackensack city, New Jersey",0600000US3400328680,34,003,28680,42677,,14446,,33.85,Census 2000 Summary File 3 Demographic Profile (sample),Census 2000 sample data,DP2,DP2_C86,DP2_C98,ProfileDataNJ.ZIP / 2ks34t2.csv,https://www2.census.gov/census_2000/datasets/100_and_sample_profile/New_Jersey/ProfileDataNJ.ZIP,Sample estimate from the Census 2000 long-form profile. The legacy file reports townships at summary level 060 and incorporated municipalities at summary level 160. It does not include margins of error; foreign_born_percent is derived from the two published counts.
2000,Harrington Park,borough,"Harrington Park borough, New Jersey",0600000US3400330150,34,003,30150,4740,,781,,16.48,Census 2000 Summary File 3 Demographic Profile (sample),Census 2000 sample data,DP2,DP2_C86,DP2_C98,ProfileDataNJ.ZIP / 2ks34t2.csv,https://www2.census.gov/census_2000/datasets/100_and_sample_profile/New_Jersey/ProfileDataNJ.ZIP,Sample estimate from the Census 2000 long-form profile. The legacy file reports townships at summary level 060 and incorporated municipalities at summary level 160. It does not include margins of error; foreign_born_percent is derived from the two published counts.
2000,Hasbrouck Heights,borough,"Hasbrouck Heights borough, New Jersey",0600000US3400330420,34,003,30420,11662,,1977,,16.95,Census 2000 Summary File 3 Demographic Profile (sample),Census 2000 sample data,DP2,DP2_C86,DP2_C98,ProfileDataNJ.ZIP / 2ks34t2.csv,https://www2.census.gov/census_2000/datasets/100_and_sample_profile/New_Jersey/ProfileDataNJ.ZIP,Sample estimate from the Census 2000 long-form profile. The legacy file reports townships at summary level 060 and incorporated municipalities at summary level 160. It does not include margins of error; foreign_born_percent is derived from the two published counts.
2000,Haworth,borough,"Haworth borough, New Jersey",0600000US3400330540,34,003,30540,3390,,533,,15.72,Census 2000 Summary File 3 Demographic Profile (sample),Census 2000 sample data,DP2,DP2_C86,DP2_C98,ProfileDataNJ.ZIP / 2ks34t2.csv,https://www2.census.gov/census_2000/datasets/100_and_sample_profile/New_Jersey/ProfileDataNJ.ZIP,Sample estimate from the Census 2000 long-form profile. The legacy file reports townships at summary level 060 and incorporated municipalities at summary level 160. It does not include margins of error; foreign_born_percent is derived from the two published counts.
2000,Hillsdale,borough,"Hillsdale borough, New Jersey",0600000US3400331920,34,003,31920,10087,,1343,,13.31,Census 2000 Summary File 3 Demographic Profile (sample),Census 2000 sample data,DP2,DP2_C86,DP2_C98,ProfileDataNJ.ZIP / 2ks34t2.csv,https://www2.census.gov/census_2000/datasets/100_and_sample_profile/New_Jersey/ProfileDataNJ.ZIP,Sample estimate from the Census 2000 long-form profile. The legacy file reports townships at summary level 060 and incorporated municipalities at summary level 160. It does not include margins of error; foreign_born_percent is derived from the two published counts.
2000,Ho-Ho-Kus,borough,"Ho-Ho-Kus borough, New Jersey",0600000US3400332310,34,003,32310,4060,,360,,8.87,Census 2000 Summary File 3 Demographic Profile (sample),Census 2000 sample data,DP2,DP2_C86,DP2_C98,ProfileDataNJ.ZIP / 2ks34t2.csv,https://www2.census.gov/census_2000/datasets/100_and_sample_profile/New_Jersey/ProfileDataNJ.ZIP,Sample estimate from the Census 2000 long-form profile. The legacy file reports townships at summary level 060 and incorporated municipalities at summary level 160. It does not include margins of error; foreign_born_percent is derived from the two published counts.
2000,Leonia,borough,"Leonia borough, New Jersey",0600000US3400340020,34,003,40020,8914,,3195,,35.84,Census 2000 Summary File 3 Demographic Profile (sample),Census 2000 sample data,DP2,DP2_C86,DP2_C98,ProfileDataNJ.ZIP / 2ks34t2.csv,https://www2.census.gov/census_2000/datasets/100_and_sample_profile/New_Jersey/ProfileDataNJ.ZIP,Sample estimate from the Census 2000 long-form profile. The legacy file reports townships at summary level 060 and incorporated municipalities at summary level 160. It does not include margins of error; foreign_born_percent is derived from the two published counts.
2000,Little Ferry,borough,"Little Ferry borough, New Jersey",0600000US3400340680,34,003,40680,10800,,3357,,31.08,Census 2000 Summary File 3 Demographic Profile (sample),Census 2000 sample data,DP2,DP2_C86,DP2_C98,ProfileDataNJ.ZIP / 2ks34t2.csv,https://www2.census.gov/census_2000/datasets/100_and_sample_profile/New_Jersey/ProfileDataNJ.ZIP,Sample estimate from the Census 2000 long-form profile. The legacy file reports townships at summary level 060 and incorporated municipalities at summary level 160. It does not include margins of error; foreign_born_percent is derived from the two published counts.
2000,Lodi,borough,"Lodi borough, New Jersey",0600000US3400341100,34,003,41100,23971,,7131,,29.75,Census 2000 Summary File 3 Demographic Profile (sample),Census 2000 sample data,DP2,DP2_C86,DP2_C98,ProfileDataNJ.ZIP / 2ks34t2.csv,https://www2.census.gov/census_2000/datasets/100_and_sample_profile/New_Jersey/ProfileDataNJ.ZIP,Sample estimate from the Census 2000 long-form profile. The legacy file reports townships at summary level 060 and incorporated municipalities at summary level 160. It does not include margins of error; foreign_born_percent is derived from the two published counts.
2000,Lyndhurst,township,"Lyndhurst township, Bergen County, New Jersey",0600000US3400342090,34,003,42090,19383,,3479,,17.95,Census 2000 Summary File 3 Demographic Profile (sample),Census 2000 sample data,DP2,DP2_C86,DP2_C98,ProfileDataNJ.ZIP / 2ks34t2.csv,https://www2.census.gov/census_2000/datasets/100_and_sample_profile/New_Jersey/ProfileDataNJ.ZIP,Sample estimate from the Census 2000 long-form profile. The legacy file reports townships at summary level 060 and incorporated municipalities at summary level 160. It does not include margins of error; foreign_born_percent is derived from the two published counts.
2000,Mahwah,township,"Mahwah township, Bergen County, New Jersey",0600000US3400342750,34,003,42750,24062,,3194,,13.27,Census 2000 Summary File 3 Demographic Profile (sample),Census 2000 sample data,DP2,DP2_C86,DP2_C98,ProfileDataNJ.ZIP / 2ks34t2.csv,https://www2.census.gov/census_2000/datasets/100_and_sample_profile/New_Jersey/ProfileDataNJ.ZIP,Sample estimate from the Census 2000 long-form profile. The legacy file reports townships at summary level 060 and incorporated municipalities at summary level 160. It does not include margins of error; foreign_born_percent is derived from the two published counts.
2000,Maywood,borough,"Maywood borough, New Jersey",0600000US3400344880,34,003,44880,9523,,1795,,18.85,Census 2000 Summary File 3 Demographic Profile (sample),Census 2000 sample data,DP2,DP2_C86,DP2_C98,ProfileDataNJ.ZIP / 2ks34t2.csv,https://www2.census.gov/census_2000/datasets/100_and_sample_profile/New_Jersey/ProfileDataNJ.ZIP,Sample estimate from the Census 2000 long-form profile. The legacy file reports townships at summary level 060 and incorporated municipalities at summary level 160. It does not include margins of error; foreign_born_percent is derived from the two published counts.
2000,Midland Park,borough,"Midland Park borough, New Jersey",0600000US3400346110,34,003,46110,6947,,566,,8.15,Census 2000 Summary File 3 Demographic Profile (sample),Census 2000 sample data,DP2,DP2_C86,DP2_C98,ProfileDataNJ.ZIP / 2ks34t2.csv,https://www2.census.gov/census_2000/datasets/100_and_sample_profile/New_Jersey/ProfileDataNJ.ZIP,Sample estimate from the Census 2000 long-form profile. The legacy file reports townships at summary level 060 and incorporated municipalities at summary level 160. It does not include margins of error; foreign_born_percent is derived from the two published counts.
2000,Montvale,borough,"Montvale borough, New Jersey",0600000US3400347610,34,003,47610,7034,,923,,13.12,Census 2000 Summary File 3 Demographic Profile (sample),Census 2000 sample data,DP2,DP2_C86,DP2_C98,ProfileDataNJ.ZIP / 2ks34t2.csv,https://www2.census.gov/census_2000/datasets/100_and_sample_profile/New_Jersey/ProfileDataNJ.ZIP,Sample estimate from the Census 2000 long-form profile. The legacy file reports townships at summary level 060 and incorporated municipalities at summary level 160. It does not include margins of error; foreign_born_percent is derived from the two published counts.
2000,Moonachie,borough,"Moonachie borough, New Jersey",0600000US3400347700,34,003,47700,2754,,603,,21.9,Census 2000 Summary File 3 Demographic Profile (sample),Census 2000 sample data,DP2,DP2_C86,DP2_C98,ProfileDataNJ.ZIP / 2ks34t2.csv,https://www2.census.gov/census_2000/datasets/100_and_sample_profile/New_Jersey/ProfileDataNJ.ZIP,Sample estimate from the Census 2000 long-form profile. The legacy file reports townships at summary level 060 and incorporated municipalities at summary level 160. It does not include margins of error; foreign_born_percent is derived from the two published counts.
2000,New Milford,borough,"New Milford borough, New Jersey",0600000US3400351660,34,003,51660,16400,,4066,,24.79,Census 2000 Summary File 3 Demographic Profile (sample),Census 2000 sample data,DP2,DP2_C86,DP2_C98,ProfileDataNJ.ZIP / 2ks34t2.csv,https://www2.census.gov/census_2000/datasets/100_and_sample_profile/New_Jersey/ProfileDataNJ.ZIP,Sample estimate from the Census 2000 long-form profile. The legacy file reports townships at summary level 060 and incorporated municipalities at summary level 160. It does not include margins of error; foreign_born_percent is derived from the two published counts.
2000,North Arlington,borough,"North Arlington borough, New Jersey",0600000US3400352320,34,003,52320,15181,,3301,,21.74,Census 2000 Summary File 3 Demographic Profile (sample),Census 2000 sample data,DP2,DP2_C86,DP2_C98,ProfileDataNJ.ZIP / 2ks34t2.csv,https://www2.census.gov/census_2000/datasets/100_and_sample_profile/New_Jersey/ProfileDataNJ.ZIP,Sample estimate from the Census 2000 long-form profile. The legacy file reports townships at summary level 060 and incorporated municipalities at summary level 160. It does not include margins of error; foreign_born_percent is derived from the two published counts.
2000,Northvale,borough,"Northvale borough, New Jersey",0600000US3400353430,34,003,53430,4452,,866,,19.45,Census 2000 Summary File 3 Demographic Profile (sample),Census 2000 sample data,DP2,DP2_C86,DP2_C98,ProfileDataNJ.ZIP / 2ks34t2.csv,https://www2.census.gov/census_2000/datasets/100_and_sample_profile/New_Jersey/ProfileDataNJ.ZIP,Sample estimate from the Census 2000 long-form profile. The legacy file reports townships at summary level 060 and incorporated municipalities at summary level 160. It does not include margins of error; foreign_born_percent is derived from the two published counts.
2000,Norwood,borough,"Norwood borough, New Jersey",0600000US3400353610,34,003,53610,5751,,1286,,22.36,Census 2000 Summary File 3 Demographic Profile (sample),Census 2000 sample data,DP2,DP2_C86,DP2_C98,ProfileDataNJ.ZIP / 2ks34t2.csv,https://www2.census.gov/census_2000/datasets/100_and_sample_profile/New_Jersey/ProfileDataNJ.ZIP,Sample estimate from the Census 2000 long-form profile. The legacy file reports townships at summary level 060 and incorporated municipalities at summary level 160. It does not include margins of error; foreign_born_percent is derived from the two published counts.
2000,Oakland,borough,"Oakland borough, New Jersey",0600000US3400353850,34,003,53850,12466,,1150,,9.23,Census 2000 Summary File 3 Demographic Profile (sample),Census 2000 sample data,DP2,DP2_C86,DP2_C98,ProfileDataNJ.ZIP / 2ks34t2.csv,https://www2.census.gov/census_2000/datasets/100_and_sample_profile/New_Jersey/ProfileDataNJ.ZIP,Sample estimate from the Census 2000 long-form profile. The legacy file reports townships at summary level 060 and incorporated municipalities at summary level 160. It does not include margins of error; foreign_born_percent is derived from the two published counts.
2000,Old Tappan,borough,"Old Tappan borough, New Jersey",0600000US3400354870,34,003,54870,5482,,920,,16.78,Census 2000 Summary File 3 Demographic Profile (sample),Census 2000 sample data,DP2,DP2_C86,DP2_C98,ProfileDataNJ.ZIP / 2ks34t2.csv,https://www2.census.gov/census_2000/datasets/100_and_sample_profile/New_Jersey/ProfileDataNJ.ZIP,Sample estimate from the Census 2000 long-form profile. The legacy file reports townships at summary level 060 and incorporated municipalities at summary level 160. It does not include margins of error; foreign_born_percent is derived from the two published counts.
2000,Oradell,borough,"Oradell borough, New Jersey",0600000US3400354990,34,003,54990,8047,,1071,,13.31,Census 2000 Summary File 3 Demographic Profile (sample),Census 2000 sample data,DP2,DP2_C86,DP2_C98,ProfileDataNJ.ZIP / 2ks34t2.csv,https://www2.census.gov/census_2000/datasets/100_and_sample_profile/New_Jersey/ProfileDataNJ.ZIP,Sample estimate from the Census 2000 long-form profile. The legacy file reports townships at summary level 060 and incorporated municipalities at summary level 160. It does not include margins of error; foreign_born_percent is derived from the two published counts.
2000,Palisades Park,borough,"Palisades Park borough, New Jersey",0600000US3400355770,34,003,55770,17073,,9725,,56.96,Census 2000 Summary File 3 Demographic Profile (sample),Census 2000 sample data,DP2,DP2_C86,DP2_C98,ProfileDataNJ.ZIP / 2ks34t2.csv,https://www2.census.gov/census_2000/datasets/100_and_sample_profile/New_Jersey/ProfileDataNJ.ZIP,Sample estimate from the Census 2000 long-form profile. The legacy file reports townships at summary level 060 and incorporated municipalities at summary level 160. It does not include margins of error; foreign_born_percent is derived from the two published counts.
2000,Paramus,borough,"Paramus borough, New Jersey",0600000US3400355950,34,003,55950,25737,,6462,,25.11,Census 2000 Summary File 3 Demographic Profile (sample),Census 2000 sample data,DP2,DP2_C86,DP2_C98,ProfileDataNJ.ZIP / 2ks34t2.csv,https://www2.census.gov/census_2000/datasets/100_and_sample_profile/New_Jersey/ProfileDataNJ.ZIP,Sample estimate from the Census 2000 long-form profile. The legacy file reports townships at summary level 060 and incorporated municipalities at summary level 160. It does not include margins of error; foreign_born_percent is derived from the two published counts.
2000,Park Ridge,borough,"Park Ridge borough, New Jersey",0600000US3400356130,34,003,56130,8708,,1198,,13.76,Census 2000 Summary File 3 Demographic Profile (sample),Census 2000 sample data,DP2,DP2_C86,DP2_C98,ProfileDataNJ.ZIP / 2ks34t2.csv,https://www2.census.gov/census_2000/datasets/100_and_sample_profile/New_Jersey/ProfileDataNJ.ZIP,Sample estimate from the Census 2000 long-form profile. The legacy file reports townships at summary level 060 and incorporated municipalities at summary level 160. It does not include margins of error; foreign_born_percent is derived from the two published counts.
2000,Ramsey,borough,"Ramsey borough, New Jersey",0600000US3400361680,34,003,61680,14351,,1710,,11.92,Census 2000 Summary File 3 Demographic Profile (sample),Census 2000 sample data,DP2,DP2_C86,DP2_C98,ProfileDataNJ.ZIP / 2ks34t2.csv,https://www2.census.gov/census_2000/datasets/100_and_sample_profile/New_Jersey/ProfileDataNJ.ZIP,Sample estimate from the Census 2000 long-form profile. The legacy file reports townships at summary level 060 and incorporated municipalities at summary level 160. It does not include margins of error; foreign_born_percent is derived from the two published counts.
2000,Ridgefield,borough,"Ridgefield borough, New Jersey",0600000US3400362910,34,003,62910,10830,,3646,,33.67,Census 2000 Summary File 3 Demographic Profile (sample),Census 2000 sample data,DP2,DP2_C86,DP2_C98,ProfileDataNJ.ZIP / 2ks34t2.csv,https://www2.census.gov/census_2000/datasets/100_and_sample_profile/New_Jersey/ProfileDataNJ.ZIP,Sample estimate from the Census 2000 long-form profile. The legacy file reports townships at summary level 060 and incorporated municipalities at summary level 160. It does not include margins of error; foreign_born_percent is derived from the two published counts.
2000,Ridgefield Park,village,"Ridgefield Park village, New Jersey",0600000US3400362940,34,003,62940,12873,,3081,,23.93,Census 2000 Summary File 3 Demographic Profile (sample),Census 2000 sample data,DP2,DP2_C86,DP2_C98,ProfileDataNJ.ZIP / 2ks34t2.csv,https://www2.census.gov/census_2000/datasets/100_and_sample_profile/New_Jersey/ProfileDataNJ.ZIP,Sample estimate from the Census 2000 long-form profile. The legacy file reports townships at summary level 060 and incorporated municipalities at summary level 160. It does not include margins of error; foreign_born_percent is derived from the two published counts.
2000,Ridgewood,village,"Ridgewood village, New Jersey",0600000US3400363000,34,003,63000,24936,,4005,,16.06,Census 2000 Summary File 3 Demographic Profile (sample),Census 2000 sample data,DP2,DP2_C86,DP2_C98,ProfileDataNJ.ZIP / 2ks34t2.csv,https://www2.census.gov/census_2000/datasets/100_and_sample_profile/New_Jersey/ProfileDataNJ.ZIP,Sample estimate from the Census 2000 long-form profile. The legacy file reports townships at summary level 060 and incorporated municipalities at summary level 160. It does not include margins of error; foreign_born_percent is derived from the two published counts.
2000,River Edge,borough,"River Edge borough, New Jersey",0600000US3400363360,34,003,63360,10946,,2344,,21.41,Census 2000 Summary File 3 Demographic Profile (sample),Census 2000 sample data,DP2,DP2_C86,DP2_C98,ProfileDataNJ.ZIP / 2ks34t2.csv,https://www2.census.gov/census_2000/datasets/100_and_sample_profile/New_Jersey/ProfileDataNJ.ZIP,Sample estimate from the Census 2000 long-form profile. The legacy file reports townships at summary level 060 and incorporated municipalities at summary level 160. It does not include margins of error; foreign_born_percent is derived from the two published counts.
2000,River Vale,township,"River Vale township, Bergen County, New Jersey",0600000US3400363690,34,003,63690,9449,,1088,,11.51,Census 2000 Summary File 3 Demographic Profile (sample),Census 2000 sample data,DP2,DP2_C86,DP2_C98,ProfileDataNJ.ZIP / 2ks34t2.csv,https://www2.census.gov/census_2000/datasets/100_and_sample_profile/New_Jersey/ProfileDataNJ.ZIP,Sample estimate from the Census 2000 long-form profile. The legacy file reports townships at summary level 060 and incorporated municipalities at summary level 160. It does not include margins of error; foreign_born_percent is derived from the two published counts.
2000,Rochelle Park,township,"Rochelle Park township, Bergen County, New Jersey",0600000US3400363990,34,003,63990,5528,,888,,16.06,Census 2000 Summary File 3 Demographic Profile (sample),Census 2000 sample data,DP2,DP2_C86,DP2_C98,ProfileDataNJ.ZIP / 2ks34t2.csv,https://www2.census.gov/census_2000/datasets/100_and_sample_profile/New_Jersey/ProfileDataNJ.ZIP,Sample estimate from the Census 2000 long-form profile. The legacy file reports townships at summary level 060 and incorporated municipalities at summary level 160. It does not include margins of error; foreign_born_percent is derived from the two published counts.
2000,Rockleigh,borough,"Rockleigh borough, New Jersey",0600000US3400364170,34,003,64170,399,,80,,20.05,Census 2000 Summary File 3 Demographic Profile (sample),Census 2000 sample data,DP2,DP2_C86,DP2_C98,ProfileDataNJ.ZIP / 2ks34t2.csv,https://www2.census.gov/census_2000/datasets/100_and_sample_profile/New_Jersey/ProfileDataNJ.ZIP,Sample estimate from the Census 2000 long-form profile. The legacy file reports townships at summary level 060 and incorporated municipalities at summary level 160. It does not include margins of error; foreign_born_percent is derived from the two published counts.
2000,Rutherford,borough,"Rutherford borough, New Jersey",0600000US3400365280,34,003,65280,18110,,3644,,20.12,Census 2000 Summary File 3 Demographic Profile (sample),Census 2000 sample data,DP2,DP2_C86,DP2_C98,ProfileDataNJ.ZIP / 2ks34t2.csv,https://www2.census.gov/census_2000/datasets/100_and_sample_profile/New_Jersey/ProfileDataNJ.ZIP,Sample estimate from the Census 2000 long-form profile. The legacy file reports townships at summary level 060 and incorporated municipalities at summary level 160. It does not include margins of error; foreign_born_percent is derived from the two published counts.
2000,Saddle Brook,township,"Saddle Brook township, Bergen County, New Jersey",0600000US3400365340,34,003,65340,13155,,2112,,16.05,Census 2000 Summary File 3 Demographic Profile (sample),Census 2000 sample data,DP2,DP2_C86,DP2_C98,ProfileDataNJ.ZIP / 2ks34t2.csv,https://www2.census.gov/census_2000/datasets/100_and_sample_profile/New_Jersey/ProfileDataNJ.ZIP,Sample estimate from the Census 2000 long-form profile. The legacy file reports townships at summary level 060 and incorporated municipalities at summary level 160. It does not include margins of error; foreign_born_percent is derived from the two published counts.
2000,Saddle River,borough,"Saddle River borough, New Jersey",0600000US3400365400,34,003,65400,3201,,563,,17.59,Census 2000 Summary File 3 Demographic Profile (sample),Census 2000 sample data,DP2,DP2_C86,DP2_C98,ProfileDataNJ.ZIP / 2ks34t2.csv,https://www2.census.gov/census_2000/datasets/100_and_sample_profile/New_Jersey/ProfileDataNJ.ZIP,Sample estimate from the Census 2000 long-form profile. The legacy file reports townships at summary level 060 and incorporated municipalities at summary level 160. It does not include margins of error; foreign_born_percent is derived from the two published counts.
2000,South Hackensack,township,"South Hackensack township, Bergen County, New Jersey",0600000US3400368970,34,003,68970,2252,,612,,27.18,Census 2000 Summary File 3 Demographic Profile (sample),Census 2000 sample data,DP2,DP2_C86,DP2_C98,ProfileDataNJ.ZIP / 2ks34t2.csv,https://www2.census.gov/census_2000/datasets/100_and_sample_profile/New_Jersey/ProfileDataNJ.ZIP,Sample estimate from the Census 2000 long-form profile. The legacy file reports townships at summary level 060 and incorporated municipalities at summary level 160. It does not include margins of error; foreign_born_percent is derived from the two published counts.
2000,Teaneck,township,"Teaneck township, Bergen County, New Jersey",0600000US3400372360,34,003,72360,39260,,9435,,24.03,Census 2000 Summary File 3 Demographic Profile (sample),Census 2000 sample data,DP2,DP2_C86,DP2_C98,ProfileDataNJ.ZIP / 2ks34t2.csv,https://www2.census.gov/census_2000/datasets/100_and_sample_profile/New_Jersey/ProfileDataNJ.ZIP,Sample estimate from the Census 2000 long-form profile. The legacy file reports townships at summary level 060 and incorporated municipalities at summary level 160. It does not include margins of error; foreign_born_percent is derived from the two published counts.
2000,Tenafly,borough,"Tenafly borough, New Jersey",0600000US3400372420,34,003,72420,13806,,3944,,28.57,Census 2000 Summary File 3 Demographic Profile (sample),Census 2000 sample data,DP2,DP2_C86,DP2_C98,ProfileDataNJ.ZIP / 2ks34t2.csv,https://www2.census.gov/census_2000/datasets/100_and_sample_profile/New_Jersey/ProfileDataNJ.ZIP,Sample estimate from the Census 2000 long-form profile. The legacy file reports townships at summary level 060 and incorporated municipalities at summary level 160. It does not include margins of error; foreign_born_percent is derived from the two published counts.
2000,Teterboro,borough,"Teterboro borough, New Jersey",0600000US3400372480,34,003,72480,16,,0,,0,Census 2000 Summary File 3 Demographic Profile (sample),Census 2000 sample data,DP2,DP2_C86,DP2_C98,ProfileDataNJ.ZIP / 2ks34t2.csv,https://www2.census.gov/census_2000/datasets/100_and_sample_profile/New_Jersey/ProfileDataNJ.ZIP,Sample estimate from the Census 2000 long-form profile. The legacy file reports townships at summary level 060 and incorporated municipalities at summary level 160. It does not include margins of error; foreign_born_percent is derived from the two published counts.
2000,Upper Saddle River,borough,"Upper Saddle River borough, New Jersey",0600000US3400375140,34,003,75140,7741,,940,,12.14,Census 2000 Summary File 3 Demographic Profile (sample),Census 2000 sample data,DP2,DP2_C86,DP2_C98,ProfileDataNJ.ZIP / 2ks34t2.csv,https://www2.census.gov/census_2000/datasets/100_and_sample_profile/New_Jersey/ProfileDataNJ.ZIP,Sample estimate from the Census 2000 long-form profile. The legacy file reports townships at summary level 060 and incorporated municipalities at summary level 160. It does not include margins of error; foreign_born_percent is derived from the two published counts.
2000,Waldwick,borough,"Waldwick borough, New Jersey",0600000US3400376400,34,003,76400,9622,,1188,,12.35,Census 2000 Summary File 3 Demographic Profile (sample),Census 2000 sample data,DP2,DP2_C86,DP2_C98,ProfileDataNJ.ZIP / 2ks34t2.csv,https://www2.census.gov/census_2000/datasets/100_and_sample_profile/New_Jersey/ProfileDataNJ.ZIP,Sample estimate from the Census 2000 long-form profile. The legacy file reports townships at summary level 060 and incorporated municipalities at summary level 160. It does not include margins of error; foreign_born_percent is derived from the two published counts.
2000,Wallington,borough,"Wallington borough, New Jersey",0600000US3400376490,34,003,76490,11583,,4734,,40.87,Census 2000 Summary File 3 Demographic Profile (sample),Census 2000 sample data,DP2,DP2_C86,DP2_C98,ProfileDataNJ.ZIP / 2ks34t2.csv,https://www2.census.gov/census_2000/datasets/100_and_sample_profile/New_Jersey/ProfileDataNJ.ZIP,Sample estimate from the Census 2000 long-form profile. The legacy file reports townships at summary level 060 and incorporated municipalities at summary level 160. It does not include margins of error; foreign_born_percent is derived from the two published counts.
2000,Washington,township,"Washington township, Bergen County, New Jersey",0600000US3400377135,34,003,77135,8938,,1266,,14.16,Census 2000 Summary File 3 Demographic Profile (sample),Census 2000 sample data,DP2,DP2_C86,DP2_C98,ProfileDataNJ.ZIP / 2ks34t2.csv,https://www2.census.gov/census_2000/datasets/100_and_sample_profile/New_Jersey/ProfileDataNJ.ZIP,Sample estimate from the Census 2000 long-form profile. The legacy file reports townships at summary level 060 and incorporated municipalities at summary level 160. It does not include margins of error; foreign_born_percent is derived from the two published counts.
2000,Westwood,borough,"Westwood borough, New Jersey",0600000US3400380270,34,003,80270,10999,,1682,,15.29,Census 2000 Summary File 3 Demographic Profile (sample),Census 2000 sample data,DP2,DP2_C86,DP2_C98,ProfileDataNJ.ZIP / 2ks34t2.csv,https://www2.census.gov/census_2000/datasets/100_and_sample_profile/New_Jersey/ProfileDataNJ.ZIP,Sample estimate from the Census 2000 long-form profile. The legacy file reports townships at summary level 060 and incorporated municipalities at summary level 160. It does not include margins of error; foreign_born_percent is derived from the two published counts.
2000,Wood-Ridge,borough,"Wood-Ridge borough, New Jersey",0600000US3400382570,34,003,82570,7643,,1162,,15.2,Census 2000 Summary File 3 Demographic Profile (sample),Census 2000 sample data,DP2,DP2_C86,DP2_C98,ProfileDataNJ.ZIP / 2ks34t2.csv,https://www2.census.gov/census_2000/datasets/100_and_sample_profile/New_Jersey/ProfileDataNJ.ZIP,Sample estimate from the Census 2000 long-form profile. The legacy file reports townships at summary level 060 and incorporated municipalities at summary level 160. It does not include margins of error; foreign_born_percent is derived from the two published counts.
2000,Woodcliff Lake,borough,"Woodcliff Lake borough, New Jersey",0600000US3400382300,34,003,82300,5745,,583,,10.15,Census 2000 Summary File 3 Demographic Profile (sample),Census 2000 sample data,DP2,DP2_C86,DP2_C98,ProfileDataNJ.ZIP / 2ks34t2.csv,https://www2.census.gov/census_2000/datasets/100_and_sample_profile/New_Jersey/ProfileDataNJ.ZIP,Sample estimate from the Census 2000 long-form profile. The legacy file reports townships at summary level 060 and incorporated municipalities at summary level 160. It does not include margins of error; foreign_born_percent is derived from the two published counts.
2000,Wyckoff,township,"Wyckoff township, Bergen County, New Jersey",0600000US3400383050,34,003,83050,16508,,1530,,9.27,Census 2000 Summary File 3 Demographic Profile (sample),Census 2000 sample data,DP2,DP2_C86,DP2_C98,ProfileDataNJ.ZIP / 2ks34t2.csv,https://www2.census.gov/census_2000/datasets/100_and_sample_profile/New_Jersey/ProfileDataNJ.ZIP,Sample estimate from the Census 2000 long-form profile. The legacy file reports townships at summary level 060 and incorporated municipalities at summary level 160. It does not include margins of error; foreign_born_percent is derived from the two published counts.
2010,Allendale,borough,"Allendale borough, Bergen County, New Jersey",0600000US3400300700,34,003,00700,6489,34,862,183,13.28,2006-2010 ACS 5-Year Estimates,2006-2010,B05002,B05002_001E / B05002_001M,B05002_013E / B05002_013M,ACSDT5Y2010.B05002-Data.csv,https://data.census.gov/table/ACSDT5Y2010.B05002?g=050XX00US34003%240600000,ACS 5-year pooled survey estimate. Population margins of error are Census-published; foreign_born_percent is derived from the two published estimates.
2010,Alpine,borough,"Alpine borough, Bergen County, New Jersey",0600000US3400301090,34,003,01090,1926,199,667,141,34.63,2006-2010 ACS 5-Year Estimates,2006-2010,B05002,B05002_001E / B05002_001M,B05002_013E / B05002_013M,ACSDT5Y2010.B05002-Data.csv,https://data.census.gov/table/ACSDT5Y2010.B05002?g=050XX00US34003%240600000,ACS 5-year pooled survey estimate. Population margins of error are Census-published; foreign_born_percent is derived from the two published estimates.
2010,Bergenfield,borough,"Bergenfield borough, Bergen County, New Jersey",0600000US3400305170,34,003,05170,26517,46,10057,627,37.93,2006-2010 ACS 5-Year Estimates,2006-2010,B05002,B05002_001E / B05002_001M,B05002_013E / B05002_013M,ACSDT5Y2010.B05002-Data.csv,https://data.census.gov/table/ACSDT5Y2010.B05002?g=050XX00US34003%240600000,ACS 5-year pooled survey estimate. Population margins of error are Census-published; foreign_born_percent is derived from the two published estimates.
2010,Bogota,borough,"Bogota borough, Bergen County, New Jersey",0600000US3400306490,34,003,06490,8158,26,2353,359,28.84,2006-2010 ACS 5-Year Estimates,2006-2010,B05002,B05002_001E / B05002_001M,B05002_013E / B05002_013M,ACSDT5Y2010.B05002-Data.csv,https://data.census.gov/table/ACSDT5Y2010.B05002?g=050XX00US34003%240600000,ACS 5-year pooled survey estimate. Population margins of error are Census-published; foreign_born_percent is derived from the two published estimates.
2010,Carlstadt,borough,"Carlstadt borough, Bergen County, New Jersey",0600000US3400310480,34,003,10480,6060,20,1774,398,29.27,2006-2010 ACS 5-Year Estimates,2006-2010,B05002,B05002_001E / B05002_001M,B05002_013E / B05002_013M,ACSDT5Y2010.B05002-Data.csv,https://data.census.gov/table/ACSDT5Y2010.B05002?g=050XX00US34003%240600000,ACS 5-year pooled survey estimate. Population margins of error are Census-published; foreign_born_percent is derived from the two published estimates.
2010,Cliffside Park,borough,"Cliffside Park borough, Bergen County, New Jersey",0600000US3400313570,34,003,13570,23365,33,9454,735,40.46,2006-2010 ACS 5-Year Estimates,2006-2010,B05002,B05002_001E / B05002_001M,B05002_013E / B05002_013M,ACSDT5Y2010.B05002-Data.csv,https://data.census.gov/table/ACSDT5Y2010.B05002?g=050XX00US34003%240600000,ACS 5-year pooled survey estimate. Population margins of error are Census-published; foreign_born_percent is derived from the two published estimates.
2010,Closter,borough,"Closter borough, Bergen County, New Jersey",0600000US3400313810,34,003,13810,8318,26,2793,352,33.58,2006-2010 ACS 5-Year Estimates,2006-2010,B05002,B05002_001E / B05002_001M,B05002_013E / B05002_013M,ACSDT5Y2010.B05002-Data.csv,https://data.census.gov/table/ACSDT5Y2010.B05002?g=050XX00US34003%240600000,ACS 5-year pooled survey estimate. Population margins of error are Census-published; foreign_born_percent is derived from the two published estimates.
2010,Cresskill,borough,"Cresskill borough, Bergen County, New Jersey",0600000US3400315820,34,003,15820,8380,28,1986,326,23.7,2006-2010 ACS 5-Year Estimates,2006-2010,B05002,B05002_001E / B05002_001M,B05002_013E / B05002_013M,ACSDT5Y2010.B05002-Data.csv,https://data.census.gov/table/ACSDT5Y2010.B05002?g=050XX00US34003%240600000,ACS 5-year pooled survey estimate. Population margins of error are Census-published; foreign_born_percent is derived from the two published estimates.
2010,Demarest,borough,"Demarest borough, Bergen County, New Jersey",0600000US3400317530,34,003,17530,4850,26,1110,169,22.89,2006-2010 ACS 5-Year Estimates,2006-2010,B05002,B05002_001E / B05002_001M,B05002_013E / B05002_013M,ACSDT5Y2010.B05002-Data.csv,https://data.census.gov/table/ACSDT5Y2010.B05002?g=050XX00US34003%240600000,ACS 5-year pooled survey estimate. Population margins of error are Census-published; foreign_born_percent is derived from the two published estimates.
2010,Dumont,borough,"Dumont borough, Bergen County, New Jersey",0600000US3400318400,34,003,18400,17386,32,5034,723,28.95,2006-2010 ACS 5-Year Estimates,2006-2010,B05002,B05002_001E / B05002_001M,B05002_013E / B05002_013M,ACSDT5Y2010.B05002-Data.csv,https://data.census.gov/table/ACSDT5Y2010.B05002?g=050XX00US34003%240600000,ACS 5-year pooled survey estimate. Population margins of error are Census-published; foreign_born_percent is derived from the two published estimates.
2010,East Rutherford,borough,"East Rutherford borough, Bergen County, New Jersey",0600000US3400319510,34,003,19510,8829,25,3404,444,38.55,2006-2010 ACS 5-Year Estimates,2006-2010,B05002,B05002_001E / B05002_001M,B05002_013E / B05002_013M,ACSDT5Y2010.B05002-Data.csv,https://data.census.gov/table/ACSDT5Y2010.B05002?g=050XX00US34003%240600000,ACS 5-year pooled survey estimate. Population margins of error are Census-published; foreign_born_percent is derived from the two published estimates.
2010,Edgewater,borough,"Edgewater borough, Bergen County, New Jersey",0600000US3400320020,34,003,20020,10766,27,5143,464,47.77,2006-2010 ACS 5-Year Estimates,2006-2010,B05002,B05002_001E / B05002_001M,B05002_013E / B05002_013M,ACSDT5Y2010.B05002-Data.csv,https://data.census.gov/table/ACSDT5Y2010.B05002?g=050XX00US34003%240600000,ACS 5-year pooled survey estimate. Population margins of error are Census-published; foreign_born_percent is derived from the two published estimates.
2010,Elmwood Park,borough,"Elmwood Park borough, Bergen County, New Jersey",0600000US3400321300,34,003,21300,19214,33,6355,657,33.07,2006-2010 ACS 5-Year Estimates,2006-2010,B05002,B05002_001E / B05002_001M,B05002_013E / B05002_013M,ACSDT5Y2010.B05002-Data.csv,https://data.census.gov/table/ACSDT5Y2010.B05002?g=050XX00US34003%240600000,ACS 5-year pooled survey estimate. Population margins of error are Census-published; foreign_born_percent is derived from the two published estimates.
2010,Emerson,borough,"Emerson borough, Bergen County, New Jersey",0600000US3400321450,34,003,21450,7329,31,999,221,13.63,2006-2010 ACS 5-Year Estimates,2006-2010,B05002,B05002_001E / B05002_001M,B05002_013E / B05002_013M,ACSDT5Y2010.B05002-Data.csv,https://data.census.gov/table/ACSDT5Y2010.B05002?g=050XX00US34003%240600000,ACS 5-year pooled survey estimate. Population margins of error are Census-published; foreign_born_percent is derived from the two published estimates.
2010,Englewood,city,"Englewood city, Bergen County, New Jersey",0600000US3400321480,34,003,21480,26828,41,7815,688,29.13,2006-2010 ACS 5-Year Estimates,2006-2010,B05002,B05002_001E / B05002_001M,B05002_013E / B05002_013M,ACSDT5Y2010.B05002-Data.csv,https://data.census.gov/table/ACSDT5Y2010.B05002?g=050XX00US34003%240600000,ACS 5-year pooled survey estimate. Population margins of error are Census-published; foreign_born_percent is derived from the two published estimates.
2010,Englewood Cliffs,borough,"Englewood Cliffs borough, Bergen County, New Jersey",0600000US3400321510,34,003,21510,5266,38,2027,187,38.49,2006-2010 ACS 5-Year Estimates,2006-2010,B05002,B05002_001E / B05002_001M,B05002_013E / B05002_013M,ACSDT5Y2010.B05002-Data.csv,https://data.census.gov/table/ACSDT5Y2010.B05002?g=050XX00US34003%240600000,ACS 5-year pooled survey estimate. Population margins of error are Census-published; foreign_born_percent is derived from the two published estimates.
2010,Fair Lawn,borough,"Fair Lawn borough, Bergen County, New Jersey",0600000US3400322470,34,003,22470,32147,34,8469,621,26.34,2006-2010 ACS 5-Year Estimates,2006-2010,B05002,B05002_001E / B05002_001M,B05002_013E / B05002_013M,ACSDT5Y2010.B05002-Data.csv,https://data.census.gov/table/ACSDT5Y2010.B05002?g=050XX00US34003%240600000,ACS 5-year pooled survey estimate. Population margins of error are Census-published; foreign_born_percent is derived from the two published estimates.
2010,Fairview,borough,"Fairview borough, Bergen County, New Jersey",0600000US3400322560,34,003,22560,13656,23,7283,632,53.33,2006-2010 ACS 5-Year Estimates,2006-2010,B05002,B05002_001E / B05002_001M,B05002_013E / B05002_013M,ACSDT5Y2010.B05002-Data.csv,https://data.census.gov/table/ACSDT5Y2010.B05002?g=050XX00US34003%240600000,ACS 5-year pooled survey estimate. Population margins of error are Census-published; foreign_born_percent is derived from the two published estimates.
2010,Fort Lee,borough,"Fort Lee borough, Bergen County, New Jersey",0600000US3400324420,34,003,24420,35161,50,17177,792,48.85,2006-2010 ACS 5-Year Estimates,2006-2010,B05002,B05002_001E / B05002_001M,B05002_013E / B05002_013M,ACSDT5Y2010.B05002-Data.csv,https://data.census.gov/table/ACSDT5Y2010.B05002?g=050XX00US34003%240600000,ACS 5-year pooled survey estimate. Population margins of error are Census-published; foreign_born_percent is derived from the two published estimates.
2010,Franklin Lakes,borough,"Franklin Lakes borough, Bergen County, New Jersey",0600000US3400324990,34,003,24990,10506,22,1948,373,18.54,2006-2010 ACS 5-Year Estimates,2006-2010,B05002,B05002_001E / B05002_001M,B05002_013E / B05002_013M,ACSDT5Y2010.B05002-Data.csv,https://data.census.gov/table/ACSDT5Y2010.B05002?g=050XX00US34003%240600000,ACS 5-year pooled survey estimate. Population margins of error are Census-published; foreign_born_percent is derived from the two published estimates.
2010,Garfield,city,"Garfield city, Bergen County, New Jersey",0600000US3400325770,34,003,25770,30190,43,11977,715,39.67,2006-2010 ACS 5-Year Estimates,2006-2010,B05002,B05002_001E / B05002_001M,B05002_013E / B05002_013M,ACSDT5Y2010.B05002-Data.csv,https://data.census.gov/table/ACSDT5Y2010.B05002?g=050XX00US34003%240600000,ACS 5-year pooled survey estimate. Population margins of error are Census-published; foreign_born_percent is derived from the two published estimates.
2010,Glen Rock,borough,"Glen Rock borough, Bergen County, New Jersey",0600000US3400326640,34,003,26640,11545,57,1438,268,12.46,2006-2010 ACS 5-Year Estimates,2006-2010,B05002,B05002_001E / B05002_001M,B05002_013E / B05002_013M,ACSDT5Y2010.B05002-Data.csv,https://data.census.gov/table/ACSDT5Y2010.B05002?g=050XX00US34003%240600000,ACS 5-year pooled survey estimate. Population margins of error are Census-published; foreign_born_percent is derived from the two published estimates.
2010,Hackensack,city,"Hackensack city, Bergen County, New Jersey",0600000US3400328680,34,003,28680,42713,34,15875,1151,37.17,2006-2010 ACS 5-Year Estimates,2006-2010,B05002,B05002_001E / B05002_001M,B05002_013E / B05002_013M,ACSDT5Y2010.B05002-Data.csv,https://data.census.gov/table/ACSDT5Y2010.B05002?g=050XX00US34003%240600000,ACS 5-year pooled survey estimate. Population margins of error are Census-published; foreign_born_percent is derived from the two published estimates.
2010,Harrington Park,borough,"Harrington Park borough, Bergen County, New Jersey",0600000US3400330150,34,003,30150,4655,17,712,166,15.3,2006-2010 ACS 5-Year Estimates,2006-2010,B05002,B05002_001E / B05002_001M,B05002_013E / B05002_013M,ACSDT5Y2010.B05002-Data.csv,https://data.census.gov/table/ACSDT5Y2010.B05002?g=050XX00US34003%240600000,ACS 5-year pooled survey estimate. Population margins of error are Census-published; foreign_born_percent is derived from the two published estimates.
2010,Hasbrouck Heights,borough,"Hasbrouck Heights borough, Bergen County, New Jersey",0600000US3400330420,34,003,30420,11742,20,2130,400,18.14,2006-2010 ACS 5-Year Estimates,2006-2010,B05002,B05002_001E / B05002_001M,B05002_013E / B05002_013M,ACSDT5Y2010.B05002-Data.csv,https://data.census.gov/table/ACSDT5Y2010.B05002?g=050XX00US34003%240600000,ACS 5-year pooled survey estimate. Population margins of error are Census-published; foreign_born_percent is derived from the two published estimates.
2010,Haworth,borough,"Haworth borough, Bergen County, New Jersey",0600000US3400330540,34,003,30540,3374,40,524,97,15.53,2006-2010 ACS 5-Year Estimates,2006-2010,B05002,B05002_001E / B05002_001M,B05002_013E / B05002_013M,ACSDT5Y2010.B05002-Data.csv,https://data.census.gov/table/ACSDT5Y2010.B05002?g=050XX00US34003%240600000,ACS 5-year pooled survey estimate. Population margins of error are Census-published; foreign_born_percent is derived from the two published estimates.
2010,Hillsdale,borough,"Hillsdale borough, Bergen County, New Jersey",0600000US3400331920,34,003,31920,10141,19,1066,224,10.51,2006-2010 ACS 5-Year Estimates,2006-2010,B05002,B05002_001E / B05002_001M,B05002_013E / B05002_013M,ACSDT5Y2010.B05002-Data.csv,https://data.census.gov/table/ACSDT5Y2010.B05002?g=050XX00US34003%240600000,ACS 5-year pooled survey estimate. Population margins of error are Census-published; foreign_born_percent is derived from the two published estimates.
2010,Ho-Ho-Kus,borough,"Ho-Ho-Kus borough, Bergen County, New Jersey",0600000US3400332310,34,003,32310,4056,18,410,166,10.11,2006-2010 ACS 5-Year Estimates,2006-2010,B05002,B05002_001E / B05002_001M,B05002_013E / B05002_013M,ACSDT5Y2010.B05002-Data.csv,https://data.census.gov/table/ACSDT5Y2010.B05002?g=050XX00US34003%240600000,ACS 5-year pooled survey estimate. Population margins of error are Census-published; foreign_born_percent is derived from the two published estimates.
2010,Leonia,borough,"Leonia borough, Bergen County, New Jersey",0600000US3400340020,34,003,40020,8890,22,3520,361,39.6,2006-2010 ACS 5-Year Estimates,2006-2010,B05002,B05002_001E / B05002_001M,B05002_013E / B05002_013M,ACSDT5Y2010.B05002-Data.csv,https://data.census.gov/table/ACSDT5Y2010.B05002?g=050XX00US34003%240600000,ACS 5-year pooled survey estimate. Population margins of error are Census-published; foreign_born_percent is derived from the two published estimates.
2010,Little Ferry,borough,"Little Ferry borough, Bergen County, New Jersey",0600000US3400340680,34,003,40680,10602,24,4481,498,42.27,2006-2010 ACS 5-Year Estimates,2006-2010,B05002,B05002_001E / B05002_001M,B05002_013E / B05002_013M,ACSDT5Y2010.B05002-Data.csv,https://data.census.gov/table/ACSDT5Y2010.B05002?g=050XX00US34003%240600000,ACS 5-year pooled survey estimate. Population margins of error are Census-published; foreign_born_percent is derived from the two published estimates.
2010,Lodi,borough,"Lodi borough, Bergen County, New Jersey",0600000US3400341100,34,003,41100,23970,61,7982,787,33.3,2006-2010 ACS 5-Year Estimates,2006-2010,B05002,B05002_001E / B05002_001M,B05002_013E / B05002_013M,ACSDT5Y2010.B05002-Data.csv,https://data.census.gov/table/ACSDT5Y2010.B05002?g=050XX00US34003%240600000,ACS 5-year pooled survey estimate. Population margins of error are Census-published; foreign_born_percent is derived from the two published estimates.
2010,Lyndhurst,township,"Lyndhurst township, Bergen County, New Jersey",0600000US3400342090,34,003,42090,20242,34,4734,590,23.39,2006-2010 ACS 5-Year Estimates,2006-2010,B05002,B05002_001E / B05002_001M,B05002_013E / B05002_013M,ACSDT5Y2010.B05002-Data.csv,https://data.census.gov/table/ACSDT5Y2010.B05002?g=050XX00US34003%240600000,ACS 5-year pooled survey estimate. Population margins of error are Census-published; foreign_born_percent is derived from the two published estimates.
2010,Mahwah,township,"Mahwah township, Bergen County, New Jersey",0600000US3400342750,34,003,42750,25422,28,3566,495,14.03,2006-2010 ACS 5-Year Estimates,2006-2010,B05002,B05002_001E / B05002_001M,B05002_013E / B05002_013M,ACSDT5Y2010.B05002-Data.csv,https://data.census.gov/table/ACSDT5Y2010.B05002?g=050XX00US34003%240600000,ACS 5-year pooled survey estimate. Population margins of error are Census-published; foreign_born_percent is derived from the two published estimates.
2010,Maywood,borough,"Maywood borough, Bergen County, New Jersey",0600000US3400344880,34,003,44880,9503,31,2116,406,22.27,2006-2010 ACS 5-Year Estimates,2006-2010,B05002,B05002_001E / B05002_001M,B05002_013E / B05002_013M,ACSDT5Y2010.B05002-Data.csv,https://data.census.gov/table/ACSDT5Y2010.B05002?g=050XX00US34003%240600000,ACS 5-year pooled survey estimate. Population margins of error are Census-published; foreign_born_percent is derived from the two published estimates.
2010,Midland Park,borough,"Midland Park borough, Bergen County, New Jersey",0600000US3400346110,34,003,46110,7049,34,813,285,11.53,2006-2010 ACS 5-Year Estimates,2006-2010,B05002,B05002_001E / B05002_001M,B05002_013E / B05002_013M,ACSDT5Y2010.B05002-Data.csv,https://data.census.gov/table/ACSDT5Y2010.B05002?g=050XX00US34003%240600000,ACS 5-year pooled survey estimate. Population margins of error are Census-published; foreign_born_percent is derived from the two published estimates.
2010,Montvale,borough,"Montvale borough, Bergen County, New Jersey",0600000US3400347610,34,003,47610,7663,22,1185,340,15.46,2006-2010 ACS 5-Year Estimates,2006-2010,B05002,B05002_001E / B05002_001M,B05002_013E / B05002_013M,ACSDT5Y2010.B05002-Data.csv,https://data.census.gov/table/ACSDT5Y2010.B05002?g=050XX00US34003%240600000,ACS 5-year pooled survey estimate. Population margins of error are Census-published; foreign_born_percent is derived from the two published estimates.
2010,Moonachie,borough,"Moonachie borough, Bergen County, New Jersey",0600000US3400347700,34,003,47700,2706,21,670,168,24.76,2006-2010 ACS 5-Year Estimates,2006-2010,B05002,B05002_001E / B05002_001M,B05002_013E / B05002_013M,ACSDT5Y2010.B05002-Data.csv,https://data.census.gov/table/ACSDT5Y2010.B05002?g=050XX00US34003%240600000,ACS 5-year pooled survey estimate. Population margins of error are Census-published; foreign_born_percent is derived from the two published estimates.
2010,New Milford,borough,"New Milford borough, Bergen County, New Jersey",0600000US3400351660,34,003,51660,16260,29,4969,507,30.56,2006-2010 ACS 5-Year Estimates,2006-2010,B05002,B05002_001E / B05002_001M,B05002_013E / B05002_013M,ACSDT5Y2010.B05002-Data.csv,https://data.census.gov/table/ACSDT5Y2010.B05002?g=050XX00US34003%240600000,ACS 5-year pooled survey estimate. Population margins of error are Census-published; foreign_born_percent is derived from the two published estimates.
2010,North Arlington,borough,"North Arlington borough, Bergen County, New Jersey",0600000US3400352320,34,003,52320,15271,22,4256,530,27.87,2006-2010 ACS 5-Year Estimates,2006-2010,B05002,B05002_001E / B05002_001M,B05002_013E / B05002_013M,ACSDT5Y2010.B05002-Data.csv,https://data.census.gov/table/ACSDT5Y2010.B05002?g=050XX00US34003%240600000,ACS 5-year pooled survey estimate. Population margins of error are Census-published; foreign_born_percent is derived from the two published estimates.
2010,Northvale,borough,"Northvale borough, Bergen County, New Jersey",0600000US3400353430,34,003,53430,4585,21,1340,339,29.23,2006-2010 ACS 5-Year Estimates,2006-2010,B05002,B05002_001E / B05002_001M,B05002_013E / B05002_013M,ACSDT5Y2010.B05002-Data.csv,https://data.census.gov/table/ACSDT5Y2010.B05002?g=050XX00US34003%240600000,ACS 5-year pooled survey estimate. Population margins of error are Census-published; foreign_born_percent is derived from the two published estimates.
2010,Norwood,borough,"Norwood borough, Bergen County, New Jersey",0600000US3400353610,34,003,53610,5682,21,1710,303,30.1,2006-2010 ACS 5-Year Estimates,2006-2010,B05002,B05002_001E / B05002_001M,B05002_013E / B05002_013M,ACSDT5Y2010.B05002-Data.csv,https://data.census.gov/table/ACSDT5Y2010.B05002?g=050XX00US34003%240600000,ACS 5-year pooled survey estimate. Population margins of error are Census-published; foreign_born_percent is derived from the two published estimates.
2010,Oakland,borough,"Oakland borough, Bergen County, New Jersey",0600000US3400353850,34,003,53850,12642,38,1276,253,10.09,2006-2010 ACS 5-Year Estimates,2006-2010,B05002,B05002_001E / B05002_001M,B05002_013E / B05002_013M,ACSDT5Y2010.B05002-Data.csv,https://data.census.gov/table/ACSDT5Y2010.B05002?g=050XX00US34003%240600000,ACS 5-year pooled survey estimate. Population margins of error are Census-published; foreign_born_percent is derived from the two published estimates.
2010,Old Tappan,borough,"Old Tappan borough, Bergen County, New Jersey",0600000US3400354870,34,003,54870,5676,30,1208,216,21.28,2006-2010 ACS 5-Year Estimates,2006-2010,B05002,B05002_001E / B05002_001M,B05002_013E / B05002_013M,ACSDT5Y2010.B05002-Data.csv,https://data.census.gov/table/ACSDT5Y2010.B05002?g=050XX00US34003%240600000,ACS 5-year pooled survey estimate. Population margins of error are Census-published; foreign_born_percent is derived from the two published estimates.
2010,Oradell,borough,"Oradell borough, Bergen County, New Jersey",0600000US3400354990,34,003,54990,7936,50,1496,312,18.85,2006-2010 ACS 5-Year Estimates,2006-2010,B05002,B05002_001E / B05002_001M,B05002_013E / B05002_013M,ACSDT5Y2010.B05002-Data.csv,https://data.census.gov/table/ACSDT5Y2010.B05002?g=050XX00US34003%240600000,ACS 5-year pooled survey estimate. Population margins of error are Census-published; foreign_born_percent is derived from the two published estimates.
2010,Palisades Park,borough,"Palisades Park borough, Bergen County, New Jersey",0600000US3400355770,34,003,55770,19065,23,12841,677,67.35,2006-2010 ACS 5-Year Estimates,2006-2010,B05002,B05002_001E / B05002_001M,B05002_013E / B05002_013M,ACSDT5Y2010.B05002-Data.csv,https://data.census.gov/table/ACSDT5Y2010.B05002?g=050XX00US34003%240600000,ACS 5-year pooled survey estimate. Population margins of error are Census-published; foreign_born_percent is derived from the two published estimates.
2010,Paramus,borough,"Paramus borough, Bergen County, New Jersey",0600000US3400355950,34,003,55950,26084,32,7064,604,27.08,2006-2010 ACS 5-Year Estimates,2006-2010,B05002,B05002_001E / B05002_001M,B05002_013E / B05002_013M,ACSDT5Y2010.B05002-Data.csv,https://data.census.gov/table/ACSDT5Y2010.B05002?g=050XX00US34003%240600000,ACS 5-year pooled survey estimate. Population margins of error are Census-published; foreign_born_percent is derived from the two published estimates.
2010,Park Ridge,borough,"Park Ridge borough, Bergen County, New Jersey",0600000US3400356130,34,003,56130,8615,43,1001,284,11.62,2006-2010 ACS 5-Year Estimates,2006-2010,B05002,B05002_001E / B05002_001M,B05002_013E / B05002_013M,ACSDT5Y2010.B05002-Data.csv,https://data.census.gov/table/ACSDT5Y2010.B05002?g=050XX00US34003%240600000,ACS 5-year pooled survey estimate. Population margins of error are Census-published; foreign_born_percent is derived from the two published estimates.
2010,Ramsey,borough,"Ramsey borough, Bergen County, New Jersey",0600000US3400361680,34,003,61680,14376,28,1992,480,13.86,2006-2010 ACS 5-Year Estimates,2006-2010,B05002,B05002_001E / B05002_001M,B05002_013E / B05002_013M,ACSDT5Y2010.B05002-Data.csv,https://data.census.gov/table/ACSDT5Y2010.B05002?g=050XX00US34003%240600000,ACS 5-year pooled survey estimate. Population margins of error are Census-published; foreign_born_percent is derived from the two published estimates.
2010,Ridgefield,borough,"Ridgefield borough, Bergen County, New Jersey",0600000US3400362910,34,003,62910,10939,27,4595,493,42.01,2006-2010 ACS 5-Year Estimates,2006-2010,B05002,B05002_001E / B05002_001M,B05002_013E / B05002_013M,ACSDT5Y2010.B05002-Data.csv,https://data.census.gov/table/ACSDT5Y2010.B05002?g=050XX00US34003%240600000,ACS 5-year pooled survey estimate. Population margins of error are Census-published; foreign_born_percent is derived from the two published estimates.
2010,Ridgefield Park,village,"Ridgefield Park village, Bergen County, New Jersey",0600000US3400362940,34,003,62940,12690,30,4630,472,36.49,2006-2010 ACS 5-Year Estimates,2006-2010,B05002,B05002_001E / B05002_001M,B05002_013E / B05002_013M,ACSDT5Y2010.B05002-Data.csv,https://data.census.gov/table/ACSDT5Y2010.B05002?g=050XX00US34003%240600000,ACS 5-year pooled survey estimate. Population margins of error are Census-published; foreign_born_percent is derived from the two published estimates.
2010,Ridgewood,village,"Ridgewood village, Bergen County, New Jersey",0600000US3400363000,34,003,63000,24827,51,4569,464,18.4,2006-2010 ACS 5-Year Estimates,2006-2010,B05002,B05002_001E / B05002_001M,B05002_013E / B05002_013M,ACSDT5Y2010.B05002-Data.csv,https://data.census.gov/table/ACSDT5Y2010.B05002?g=050XX00US34003%240600000,ACS 5-year pooled survey estimate. Population margins of error are Census-published; foreign_born_percent is derived from the two published estimates.
2010,River Edge,borough,"River Edge borough, Bergen County, New Jersey",0600000US3400363360,34,003,63360,11199,44,2539,298,22.67,2006-2010 ACS 5-Year Estimates,2006-2010,B05002,B05002_001E / B05002_001M,B05002_013E / B05002_013M,ACSDT5Y2010.B05002-Data.csv,https://data.census.gov/table/ACSDT5Y2010.B05002?g=050XX00US34003%240600000,ACS 5-year pooled survey estimate. Population margins of error are Census-published; foreign_born_percent is derived from the two published estimates.
2010,River Vale,township,"River Vale township, Bergen County, New Jersey",0600000US3400363690,34,003,63690,9575,19,1281,213,13.38,2006-2010 ACS 5-Year Estimates,2006-2010,B05002,B05002_001E / B05002_001M,B05002_013E / B05002_013M,ACSDT5Y2010.B05002-Data.csv,https://data.census.gov/table/ACSDT5Y2010.B05002?g=050XX00US34003%240600000,ACS 5-year pooled survey estimate. Population margins of error are Census-published; foreign_born_percent is derived from the two published estimates.
2010,Rochelle Park,township,"Rochelle Park township, Bergen County, New Jersey",0600000US3400363990,34,003,63990,5497,21,1344,315,24.45,2006-2010 ACS 5-Year Estimates,2006-2010,B05002,B05002_001E / B05002_001M,B05002_013E / B05002_013M,ACSDT5Y2010.B05002-Data.csv,https://data.census.gov/table/ACSDT5Y2010.B05002?g=050XX00US34003%240600000,ACS 5-year pooled survey estimate. Population margins of error are Census-published; foreign_born_percent is derived from the two published estimates.
2010,Rockleigh,borough,"Rockleigh borough, Bergen County, New Jersey",0600000US3400364170,34,003,64170,519,222,91,58,17.53,2006-2010 ACS 5-Year Estimates,2006-2010,B05002,B05002_001E / B05002_001M,B05002_013E / B05002_013M,ACSDT5Y2010.B05002-Data.csv,https://data.census.gov/table/ACSDT5Y2010.B05002?g=050XX00US34003%240600000,ACS 5-year pooled survey estimate. Population margins of error are Census-published; foreign_born_percent is derived from the two published estimates.
2010,Rutherford,borough,"Rutherford borough, Bergen County, New Jersey",0600000US3400365280,34,003,65280,17970,32,3521,475,19.59,2006-2010 ACS 5-Year Estimates,2006-2010,B05002,B05002_001E / B05002_001M,B05002_013E / B05002_013M,ACSDT5Y2010.B05002-Data.csv,https://data.census.gov/table/ACSDT5Y2010.B05002?g=050XX00US34003%240600000,ACS 5-year pooled survey estimate. Population margins of error are Census-published; foreign_born_percent is derived from the two published estimates.
2010,Saddle Brook,township,"Saddle Brook township, Bergen County, New Jersey",0600000US3400365340,34,003,65340,13487,30,2035,454,15.09,2006-2010 ACS 5-Year Estimates,2006-2010,B05002,B05002_001E / B05002_001M,B05002_013E / B05002_013M,ACSDT5Y2010.B05002-Data.csv,https://data.census.gov/table/ACSDT5Y2010.B05002?g=050XX00US34003%240600000,ACS 5-year pooled survey estimate. Population margins of error are Census-published; foreign_born_percent is derived from the two published estimates.
2010,Saddle River,borough,"Saddle River borough, Bergen County, New Jersey",0600000US3400365400,34,003,65400,3137,22,793,358,25.28,2006-2010 ACS 5-Year Estimates,2006-2010,B05002,B05002_001E / B05002_001M,B05002_013E / B05002_013M,ACSDT5Y2010.B05002-Data.csv,https://data.census.gov/table/ACSDT5Y2010.B05002?g=050XX00US34003%240600000,ACS 5-year pooled survey estimate. Population margins of error are Census-published; foreign_born_percent is derived from the two published estimates.
2010,South Hackensack,township,"South Hackensack township, Bergen County, New Jersey",0600000US3400368970,34,003,68970,2260,205,636,170,28.14,2006-2010 ACS 5-Year Estimates,2006-2010,B05002,B05002_001E / B05002_001M,B05002_013E / B05002_013M,ACSDT5Y2010.B05002-Data.csv,https://data.census.gov/table/ACSDT5Y2010.B05002?g=050XX00US34003%240600000,ACS 5-year pooled survey estimate. Population margins of error are Census-published; foreign_born_percent is derived from the two published estimates.
2010,Teaneck,township,"Teaneck township, Bergen County, New Jersey",0600000US3400372360,34,003,72360,39481,54,9810,915,24.85,2006-2010 ACS 5-Year Estimates,2006-2010,B05002,B05002_001E / B05002_001M,B05002_013E / B05002_013M,ACSDT5Y2010.B05002-Data.csv,https://data.census.gov/table/ACSDT5Y2010.B05002?g=050XX00US34003%240600000,ACS 5-year pooled survey estimate. Population margins of error are Census-published; foreign_born_percent is derived from the two published estimates.
2010,Tenafly,borough,"Tenafly borough, Bergen County, New Jersey",0600000US3400372420,34,003,72420,14276,48,4847,524,33.95,2006-2010 ACS 5-Year Estimates,2006-2010,B05002,B05002_001E / B05002_001M,B05002_013E / B05002_013M,ACSDT5Y2010.B05002-Data.csv,https://data.census.gov/table/ACSDT5Y2010.B05002?g=050XX00US34003%240600000,ACS 5-year pooled survey estimate. Population margins of error are Census-published; foreign_born_percent is derived from the two published estimates.
2010,Teterboro,borough,"Teterboro borough, Bergen County, New Jersey",0600000US3400372480,34,003,72480,97,61,30,33,30.93,2006-2010 ACS 5-Year Estimates,2006-2010,B05002,B05002_001E / B05002_001M,B05002_013E / B05002_013M,ACSDT5Y2010.B05002-Data.csv,https://data.census.gov/table/ACSDT5Y2010.B05002?g=050XX00US34003%240600000,ACS 5-year pooled survey estimate. Population margins of error are Census-published; foreign_born_percent is derived from the two published estimates.
2010,Upper Saddle River,borough,"Upper Saddle River borough, Bergen County, New Jersey",0600000US3400375140,34,003,75140,8085,26,1359,252,16.81,2006-2010 ACS 5-Year Estimates,2006-2010,B05002,B05002_001E / B05002_001M,B05002_013E / B05002_013M,ACSDT5Y2010.B05002-Data.csv,https://data.census.gov/table/ACSDT5Y2010.B05002?g=050XX00US34003%240600000,ACS 5-year pooled survey estimate. Population margins of error are Census-published; foreign_born_percent is derived from the two published estimates.
2010,Waldwick,borough,"Waldwick borough, Bergen County, New Jersey",0600000US3400376400,34,003,76400,9580,33,1194,289,12.46,2006-2010 ACS 5-Year Estimates,2006-2010,B05002,B05002_001E / B05002_001M,B05002_013E / B05002_013M,ACSDT5Y2010.B05002-Data.csv,https://data.census.gov/table/ACSDT5Y2010.B05002?g=050XX00US34003%240600000,ACS 5-year pooled survey estimate. Population margins of error are Census-published; foreign_born_percent is derived from the two published estimates.
2010,Wallington,borough,"Wallington borough, Bergen County, New Jersey",0600000US3400376490,34,003,76490,11328,47,5764,498,50.88,2006-2010 ACS 5-Year Estimates,2006-2010,B05002,B05002_001E / B05002_001M,B05002_013E / B05002_013M,ACSDT5Y2010.B05002-Data.csv,https://data.census.gov/table/ACSDT5Y2010.B05002?g=050XX00US34003%240600000,ACS 5-year pooled survey estimate. Population margins of error are Census-published; foreign_born_percent is derived from the two published estimates.
2010,Washington,township,"Washington township, Bergen County, New Jersey",0600000US3400377135,34,003,77135,9016,29,1083,202,12.01,2006-2010 ACS 5-Year Estimates,2006-2010,B05002,B05002_001E / B05002_001M,B05002_013E / B05002_013M,ACSDT5Y2010.B05002-Data.csv,https://data.census.gov/table/ACSDT5Y2010.B05002?g=050XX00US34003%240600000,ACS 5-year pooled survey estimate. Population margins of error are Census-published; foreign_born_percent is derived from the two published estimates.
2010,Westwood,borough,"Westwood borough, Bergen County, New Jersey",0600000US3400380270,34,003,80270,10873,24,1526,324,14.03,2006-2010 ACS 5-Year Estimates,2006-2010,B05002,B05002_001E / B05002_001M,B05002_013E / B05002_013M,ACSDT5Y2010.B05002-Data.csv,https://data.census.gov/table/ACSDT5Y2010.B05002?g=050XX00US34003%240600000,ACS 5-year pooled survey estimate. Population margins of error are Census-published; foreign_born_percent is derived from the two published estimates.
2010,Wood-Ridge,borough,"Wood-Ridge borough, Bergen County, New Jersey",0600000US3400382570,34,003,82570,7572,28,1270,266,16.77,2006-2010 ACS 5-Year Estimates,2006-2010,B05002,B05002_001E / B05002_001M,B05002_013E / B05002_013M,ACSDT5Y2010.B05002-Data.csv,https://data.census.gov/table/ACSDT5Y2010.B05002?g=050XX00US34003%240600000,ACS 5-year pooled survey estimate. Population margins of error are Census-published; foreign_born_percent is derived from the two published estimates.
2010,Woodcliff Lake,borough,"Woodcliff Lake borough, Bergen County, New Jersey",0600000US3400382300,34,003,82300,5694,20,1050,281,18.44,2006-2010 ACS 5-Year Estimates,2006-2010,B05002,B05002_001E / B05002_001M,B05002_013E / B05002_013M,ACSDT5Y2010.B05002-Data.csv,https://data.census.gov/table/ACSDT5Y2010.B05002?g=050XX00US34003%240600000,ACS 5-year pooled survey estimate. Population margins of error are Census-published; foreign_born_percent is derived from the two published estimates.
2010,Wyckoff,township,"Wyckoff township, Bergen County, New Jersey",0600000US3400383050,34,003,83050,16574,29,1430,246,8.63,2006-2010 ACS 5-Year Estimates,2006-2010,B05002,B05002_001E / B05002_001M,B05002_013E / B05002_013M,ACSDT5Y2010.B05002-Data.csv,https://data.census.gov/table/ACSDT5Y2010.B05002?g=050XX00US34003%240600000,ACS 5-year pooled survey estimate. Population margins of error are Census-published; foreign_born_percent is derived from the two published estimates.
2020,Allendale,borough,"Allendale borough, Bergen County, New Jersey",0600000US3400300700,34,003,00700,6757,24,1036,359,15.33,2016-2020 ACS 5-Year Estimates,2016-2020,B05002,B05002_001E / B05002_001M,B05002_013E / B05002_013M,ACSDT5Y2020.B05002-Data.csv,https://data.census.gov/table/ACSDT5Y2020.B05002?g=050XX00US34003%240600000,ACS 5-year pooled survey estimate. Population margins of error are Census-published; foreign_born_percent is derived from the two published estimates.
2020,Alpine,borough,"Alpine borough, Bergen County, New Jersey",0600000US3400301090,34,003,01090,1459,224,490,99,33.58,2016-2020 ACS 5-Year Estimates,2016-2020,B05002,B05002_001E / B05002_001M,B05002_013E / B05002_013M,ACSDT5Y2020.B05002-Data.csv,https://data.census.gov/table/ACSDT5Y2020.B05002?g=050XX00US34003%240600000,ACS 5-year pooled survey estimate. Population margins of error are Census-published; foreign_born_percent is derived from the two published estimates.
2020,Bergenfield,borough,"Bergenfield borough, Bergen County, New Jersey",0600000US3400305170,34,003,05170,27375,31,9872,818,36.06,2016-2020 ACS 5-Year Estimates,2016-2020,B05002,B05002_001E / B05002_001M,B05002_013E / B05002_013M,ACSDT5Y2020.B05002-Data.csv,https://data.census.gov/table/ACSDT5Y2020.B05002?g=050XX00US34003%240600000,ACS 5-year pooled survey estimate. Population margins of error are Census-published; foreign_born_percent is derived from the two published estimates.
2020,Bogota,borough,"Bogota borough, Bergen County, New Jersey",0600000US3400306490,34,003,06490,8375,41,2599,340,31.03,2016-2020 ACS 5-Year Estimates,2016-2020,B05002,B05002_001E / B05002_001M,B05002_013E / B05002_013M,ACSDT5Y2020.B05002-Data.csv,https://data.census.gov/table/ACSDT5Y2020.B05002?g=050XX00US34003%240600000,ACS 5-year pooled survey estimate. Population margins of error are Census-published; foreign_born_percent is derived from the two published estimates.
2020,Carlstadt,borough,"Carlstadt borough, Bergen County, New Jersey",0600000US3400310480,34,003,10480,6158,20,1712,576,27.8,2016-2020 ACS 5-Year Estimates,2016-2020,B05002,B05002_001E / B05002_001M,B05002_013E / B05002_013M,ACSDT5Y2020.B05002-Data.csv,https://data.census.gov/table/ACSDT5Y2020.B05002?g=050XX00US34003%240600000,ACS 5-year pooled survey estimate. Population margins of error are Census-published; foreign_born_percent is derived from the two published estimates.
2020,Cliffside Park,borough,"Cliffside Park borough, Bergen County, New Jersey",0600000US3400313570,34,003,13570,25410,33,11940,1035,46.99,2016-2020 ACS 5-Year Estimates,2016-2020,B05002,B05002_001E / B05002_001M,B05002_013E / B05002_013M,ACSDT5Y2020.B05002-Data.csv,https://data.census.gov/table/ACSDT5Y2020.B05002?g=050XX00US34003%240600000,ACS 5-year pooled survey estimate. Population margins of error are Census-published; foreign_born_percent is derived from the two published estimates.
2020,Closter,borough,"Closter borough, Bergen County, New Jersey",0600000US3400313810,34,003,13810,8551,33,2909,419,34.02,2016-2020 ACS 5-Year Estimates,2016-2020,B05002,B05002_001E / B05002_001M,B05002_013E / B05002_013M,ACSDT5Y2020.B05002-Data.csv,https://data.census.gov/table/ACSDT5Y2020.B05002?g=050XX00US34003%240600000,ACS 5-year pooled survey estimate. Population margins of error are Census-published; foreign_born_percent is derived from the two published estimates.
2020,Cresskill,borough,"Cresskill borough, Bergen County, New Jersey",0600000US3400315820,34,003,15820,8701,45,2959,433,34.01,2016-2020 ACS 5-Year Estimates,2016-2020,B05002,B05002_001E / B05002_001M,B05002_013E / B05002_013M,ACSDT5Y2020.B05002-Data.csv,https://data.census.gov/table/ACSDT5Y2020.B05002?g=050XX00US34003%240600000,ACS 5-year pooled survey estimate. Population margins of error are Census-published; foreign_born_percent is derived from the two published estimates.
2020,Demarest,borough,"Demarest borough, Bergen County, New Jersey",0600000US3400317530,34,003,17530,4911,22,1688,261,34.37,2016-2020 ACS 5-Year Estimates,2016-2020,B05002,B05002_001E / B05002_001M,B05002_013E / B05002_013M,ACSDT5Y2020.B05002-Data.csv,https://data.census.gov/table/ACSDT5Y2020.B05002?g=050XX00US34003%240600000,ACS 5-year pooled survey estimate. Population margins of error are Census-published; foreign_born_percent is derived from the two published estimates.
2020,Dumont,borough,"Dumont borough, Bergen County, New Jersey",0600000US3400318400,34,003,18400,17598,50,5061,709,28.76,2016-2020 ACS 5-Year Estimates,2016-2020,B05002,B05002_001E / B05002_001M,B05002_013E / B05002_013M,ACSDT5Y2020.B05002-Data.csv,https://data.census.gov/table/ACSDT5Y2020.B05002?g=050XX00US34003%240600000,ACS 5-year pooled survey estimate. Population margins of error are Census-published; foreign_born_percent is derived from the two published estimates.
2020,East Rutherford,borough,"East Rutherford borough, Bergen County, New Jersey",0600000US3400319510,34,003,19510,9707,30,2922,450,30.1,2016-2020 ACS 5-Year Estimates,2016-2020,B05002,B05002_001E / B05002_001M,B05002_013E / B05002_013M,ACSDT5Y2020.B05002-Data.csv,https://data.census.gov/table/ACSDT5Y2020.B05002?g=050XX00US34003%240600000,ACS 5-year pooled survey estimate. Population margins of error are Census-published; foreign_born_percent is derived from the two published estimates.
2020,Edgewater,borough,"Edgewater borough, Bergen County, New Jersey",0600000US3400320020,34,003,20020,12890,40,6312,616,48.97,2016-2020 ACS 5-Year Estimates,2016-2020,B05002,B05002_001E / B05002_001M,B05002_013E / B05002_013M,ACSDT5Y2020.B05002-Data.csv,https://data.census.gov/table/ACSDT5Y2020.B05002?g=050XX00US34003%240600000,ACS 5-year pooled survey estimate. Population margins of error are Census-published; foreign_born_percent is derived from the two published estimates.
2020,Elmwood Park,borough,"Elmwood Park borough, Bergen County, New Jersey",0600000US3400321300,34,003,21300,20019,39,6624,611,33.09,2016-2020 ACS 5-Year Estimates,2016-2020,B05002,B05002_001E / B05002_001M,B05002_013E / B05002_013M,ACSDT5Y2020.B05002-Data.csv,https://data.census.gov/table/ACSDT5Y2020.B05002?g=050XX00US34003%240600000,ACS 5-year pooled survey estimate. Population margins of error are Census-published; foreign_born_percent is derived from the two published estimates.
2020,Emerson,borough,"Emerson borough, Bergen County, New Jersey",0600000US3400321450,34,003,21450,7606,43,1659,352,21.81,2016-2020 ACS 5-Year Estimates,2016-2020,B05002,B05002_001E / B05002_001M,B05002_013E / B05002_013M,ACSDT5Y2020.B05002-Data.csv,https://data.census.gov/table/ACSDT5Y2020.B05002?g=050XX00US34003%240600000,ACS 5-year pooled survey estimate. Population margins of error are Census-published; foreign_born_percent is derived from the two published estimates.
2020,Englewood,city,"Englewood city, Bergen County, New Jersey",0600000US3400321480,34,003,21480,28390,34,10290,1285,36.25,2016-2020 ACS 5-Year Estimates,2016-2020,B05002,B05002_001E / B05002_001M,B05002_013E / B05002_013M,ACSDT5Y2020.B05002-Data.csv,https://data.census.gov/table/ACSDT5Y2020.B05002?g=050XX00US34003%240600000,ACS 5-year pooled survey estimate. Population margins of error are Census-published; foreign_born_percent is derived from the two published estimates.
2020,Englewood Cliffs,borough,"Englewood Cliffs borough, Bergen County, New Jersey",0600000US3400321510,34,003,21510,5349,23,2316,281,43.3,2016-2020 ACS 5-Year Estimates,2016-2020,B05002,B05002_001E / B05002_001M,B05002_013E / B05002_013M,ACSDT5Y2020.B05002-Data.csv,https://data.census.gov/table/ACSDT5Y2020.B05002?g=050XX00US34003%240600000,ACS 5-year pooled survey estimate. Population margins of error are Census-published; foreign_born_percent is derived from the two published estimates.
2020,Fair Lawn,borough,"Fair Lawn borough, Bergen County, New Jersey",0600000US3400322470,34,003,22470,32986,27,10294,984,31.21,2016-2020 ACS 5-Year Estimates,2016-2020,B05002,B05002_001E / B05002_001M,B05002_013E / B05002_013M,ACSDT5Y2020.B05002-Data.csv,https://data.census.gov/table/ACSDT5Y2020.B05002?g=050XX00US34003%240600000,ACS 5-year pooled survey estimate. Population margins of error are Census-published; foreign_born_percent is derived from the two published estimates.
2020,Fairview,borough,"Fairview borough, Bergen County, New Jersey",0600000US3400322560,34,003,22560,14218,26,7566,699,53.21,2016-2020 ACS 5-Year Estimates,2016-2020,B05002,B05002_001E / B05002_001M,B05002_013E / B05002_013M,ACSDT5Y2020.B05002-Data.csv,https://data.census.gov/table/ACSDT5Y2020.B05002?g=050XX00US34003%240600000,ACS 5-year pooled survey estimate. Population margins of error are Census-published; foreign_born_percent is derived from the two published estimates.
2020,Fort Lee,borough,"Fort Lee borough, Bergen County, New Jersey",0600000US3400324420,34,003,24420,37843,33,18644,917,49.27,2016-2020 ACS 5-Year Estimates,2016-2020,B05002,B05002_001E / B05002_001M,B05002_013E / B05002_013M,ACSDT5Y2020.B05002-Data.csv,https://data.census.gov/table/ACSDT5Y2020.B05002?g=050XX00US34003%240600000,ACS 5-year pooled survey estimate. Population margins of error are Census-published; foreign_born_percent is derived from the two published estimates.
2020,Franklin Lakes,borough,"Franklin Lakes borough, Bergen County, New Jersey",0600000US3400324990,34,003,24990,11044,30,1753,381,15.87,2016-2020 ACS 5-Year Estimates,2016-2020,B05002,B05002_001E / B05002_001M,B05002_013E / B05002_013M,ACSDT5Y2020.B05002-Data.csv,https://data.census.gov/table/ACSDT5Y2020.B05002?g=050XX00US34003%240600000,ACS 5-year pooled survey estimate. Population margins of error are Census-published; foreign_born_percent is derived from the two published estimates.
2020,Garfield,city,"Garfield city, Bergen County, New Jersey",0600000US3400325770,34,003,25770,31722,45,14365,1012,45.28,2016-2020 ACS 5-Year Estimates,2016-2020,B05002,B05002_001E / B05002_001M,B05002_013E / B05002_013M,ACSDT5Y2020.B05002-Data.csv,https://data.census.gov/table/ACSDT5Y2020.B05002?g=050XX00US34003%240600000,ACS 5-year pooled survey estimate. Population margins of error are Census-published; foreign_born_percent is derived from the two published estimates.
2020,Glen Rock,borough,"Glen Rock borough, Bergen County, New Jersey",0600000US3400326640,34,003,26640,11747,29,1564,312,13.31,2016-2020 ACS 5-Year Estimates,2016-2020,B05002,B05002_001E / B05002_001M,B05002_013E / B05002_013M,ACSDT5Y2020.B05002-Data.csv,https://data.census.gov/table/ACSDT5Y2020.B05002?g=050XX00US34003%240600000,ACS 5-year pooled survey estimate. Population margins of error are Census-published; foreign_born_percent is derived from the two published estimates.
2020,Hackensack,city,"Hackensack city, Bergen County, New Jersey",0600000US3400328680,34,003,28680,44266,34,17092,1090,38.61,2016-2020 ACS 5-Year Estimates,2016-2020,B05002,B05002_001E / B05002_001M,B05002_013E / B05002_013M,ACSDT5Y2020.B05002-Data.csv,https://data.census.gov/table/ACSDT5Y2020.B05002?g=050XX00US34003%240600000,ACS 5-year pooled survey estimate. Population margins of error are Census-published; foreign_born_percent is derived from the two published estimates.
2020,Harrington Park,borough,"Harrington Park borough, Bergen County, New Jersey",0600000US3400330150,34,003,30150,4735,21,709,135,14.97,2016-2020 ACS 5-Year Estimates,2016-2020,B05002,B05002_001E / B05002_001M,B05002_013E / B05002_013M,ACSDT5Y2020.B05002-Data.csv,https://data.census.gov/table/ACSDT5Y2020.B05002?g=050XX00US34003%240600000,ACS 5-year pooled survey estimate. Population margins of error are Census-published; foreign_born_percent is derived from the two published estimates.
2020,Hasbrouck Heights,borough,"Hasbrouck Heights borough, Bergen County, New Jersey",0600000US3400330420,34,003,30420,12026,33,3547,730,29.49,2016-2020 ACS 5-Year Estimates,2016-2020,B05002,B05002_001E / B05002_001M,B05002_013E / B05002_013M,ACSDT5Y2020.B05002-Data.csv,https://data.census.gov/table/ACSDT5Y2020.B05002?g=050XX00US34003%240600000,ACS 5-year pooled survey estimate. Population margins of error are Census-published; foreign_born_percent is derived from the two published estimates.
2020,Haworth,borough,"Haworth borough, Bergen County, New Jersey",0600000US3400330540,34,003,30540,3400,28,482,117,14.18,2016-2020 ACS 5-Year Estimates,2016-2020,B05002,B05002_001E / B05002_001M,B05002_013E / B05002_013M,ACSDT5Y2020.B05002-Data.csv,https://data.census.gov/table/ACSDT5Y2020.B05002?g=050XX00US34003%240600000,ACS 5-year pooled survey estimate. Population margins of error are Census-published; foreign_born_percent is derived from the two published estimates.
2020,Hillsdale,borough,"Hillsdale borough, Bergen County, New Jersey",0600000US3400331920,34,003,31920,10317,48,1439,263,13.95,2016-2020 ACS 5-Year Estimates,2016-2020,B05002,B05002_001E / B05002_001M,B05002_013E / B05002_013M,ACSDT5Y2020.B05002-Data.csv,https://data.census.gov/table/ACSDT5Y2020.B05002?g=050XX00US34003%240600000,ACS 5-year pooled survey estimate. Population margins of error are Census-published; foreign_born_percent is derived from the two published estimates.
2020,Ho-Ho-Kus,borough,"Ho-Ho-Kus borough, Bergen County, New Jersey",0600000US3400332310,34,003,32310,4096,37,578,244,14.11,2016-2020 ACS 5-Year Estimates,2016-2020,B05002,B05002_001E / B05002_001M,B05002_013E / B05002_013M,ACSDT5Y2020.B05002-Data.csv,https://data.census.gov/table/ACSDT5Y2020.B05002?g=050XX00US34003%240600000,ACS 5-year pooled survey estimate. Population margins of error are Census-published; foreign_born_percent is derived from the two published estimates.
2020,Leonia,borough,"Leonia borough, Bergen County, New Jersey",0600000US3400340020,34,003,40020,9059,27,3660,356,40.4,2016-2020 ACS 5-Year Estimates,2016-2020,B05002,B05002_001E / B05002_001M,B05002_013E / B05002_013M,ACSDT5Y2020.B05002-Data.csv,https://data.census.gov/table/ACSDT5Y2020.B05002?g=050XX00US34003%240600000,ACS 5-year pooled survey estimate. Population margins of error are Census-published; foreign_born_percent is derived from the two published estimates.
2020,Little Ferry,borough,"Little Ferry borough, Bergen County, New Jersey",0600000US3400340680,34,003,40680,10761,27,4873,541,45.28,2016-2020 ACS 5-Year Estimates,2016-2020,B05002,B05002_001E / B05002_001M,B05002_013E / B05002_013M,ACSDT5Y2020.B05002-Data.csv,https://data.census.gov/table/ACSDT5Y2020.B05002?g=050XX00US34003%240600000,ACS 5-year pooled survey estimate. Population margins of error are Census-published; foreign_born_percent is derived from the two published estimates.
2020,Lodi,borough,"Lodi borough, Bergen County, New Jersey",0600000US3400341100,34,003,41100,24389,38,9424,1013,38.64,2016-2020 ACS 5-Year Estimates,2016-2020,B05002,B05002_001E / B05002_001M,B05002_013E / B05002_013M,ACSDT5Y2020.B05002-Data.csv,https://data.census.gov/table/ACSDT5Y2020.B05002?g=050XX00US34003%240600000,ACS 5-year pooled survey estimate. Population margins of error are Census-published; foreign_born_percent is derived from the two published estimates.
2020,Lyndhurst,township,"Lyndhurst township, Bergen County, New Jersey",0600000US3400342090,34,003,42090,22453,60,6196,766,27.6,2016-2020 ACS 5-Year Estimates,2016-2020,B05002,B05002_001E / B05002_001M,B05002_013E / B05002_013M,ACSDT5Y2020.B05002-Data.csv,https://data.census.gov/table/ACSDT5Y2020.B05002?g=050XX00US34003%240600000,ACS 5-year pooled survey estimate. Population margins of error are Census-published; foreign_born_percent is derived from the two published estimates.
2020,Mahwah,township,"Mahwah township, Bergen County, New Jersey",0600000US3400342750,34,003,42750,26225,54,4451,574,16.97,2016-2020 ACS 5-Year Estimates,2016-2020,B05002,B05002_001E / B05002_001M,B05002_013E / B05002_013M,ACSDT5Y2020.B05002-Data.csv,https://data.census.gov/table/ACSDT5Y2020.B05002?g=050XX00US34003%240600000,ACS 5-year pooled survey estimate. Population margins of error are Census-published; foreign_born_percent is derived from the two published estimates.
2020,Maywood,borough,"Maywood borough, Bergen County, New Jersey",0600000US3400344880,34,003,44880,9626,45,2725,432,28.31,2016-2020 ACS 5-Year Estimates,2016-2020,B05002,B05002_001E / B05002_001M,B05002_013E / B05002_013M,ACSDT5Y2020.B05002-Data.csv,https://data.census.gov/table/ACSDT5Y2020.B05002?g=050XX00US34003%240600000,ACS 5-year pooled survey estimate. Population margins of error are Census-published; foreign_born_percent is derived from the two published estimates.
2020,Midland Park,borough,"Midland Park borough, Bergen County, New Jersey",0600000US3400346110,34,003,46110,7230,24,665,240,9.2,2016-2020 ACS 5-Year Estimates,2016-2020,B05002,B05002_001E / B05002_001M,B05002_013E / B05002_013M,ACSDT5Y2020.B05002-Data.csv,https://data.census.gov/table/ACSDT5Y2020.B05002?g=050XX00US34003%240600000,ACS 5-year pooled survey estimate. Population margins of error are Census-published; foreign_born_percent is derived from the two published estimates.
2020,Montvale,borough,"Montvale borough, Bergen County, New Jersey",0600000US3400347610,34,003,47610,8538,25,1423,318,16.67,2016-2020 ACS 5-Year Estimates,2016-2020,B05002,B05002_001E / B05002_001M,B05002_013E / B05002_013M,ACSDT5Y2020.B05002-Data.csv,https://data.census.gov/table/ACSDT5Y2020.B05002?g=050XX00US34003%240600000,ACS 5-year pooled survey estimate. Population margins of error are Census-published; foreign_born_percent is derived from the two published estimates.
2020,Moonachie,borough,"Moonachie borough, Bergen County, New Jersey",0600000US3400347700,34,003,47700,2714,26,1256,251,46.28,2016-2020 ACS 5-Year Estimates,2016-2020,B05002,B05002_001E / B05002_001M,B05002_013E / B05002_013M,ACSDT5Y2020.B05002-Data.csv,https://data.census.gov/table/ACSDT5Y2020.B05002?g=050XX00US34003%240600000,ACS 5-year pooled survey estimate. Population margins of error are Census-published; foreign_born_percent is derived from the two published estimates.
2020,New Milford,borough,"New Milford borough, Bergen County, New Jersey",0600000US3400351660,34,003,51660,16477,30,4734,481,28.73,2016-2020 ACS 5-Year Estimates,2016-2020,B05002,B05002_001E / B05002_001M,B05002_013E / B05002_013M,ACSDT5Y2020.B05002-Data.csv,https://data.census.gov/table/ACSDT5Y2020.B05002?g=050XX00US34003%240600000,ACS 5-year pooled survey estimate. Population margins of error are Census-published; foreign_born_percent is derived from the two published estimates.
2020,North Arlington,borough,"North Arlington borough, Bergen County, New Jersey",0600000US3400352320,34,003,52320,15681,24,5181,620,33.04,2016-2020 ACS 5-Year Estimates,2016-2020,B05002,B05002_001E / B05002_001M,B05002_013E / B05002_013M,ACSDT5Y2020.B05002-Data.csv,https://data.census.gov/table/ACSDT5Y2020.B05002?g=050XX00US34003%240600000,ACS 5-year pooled survey estimate. Population margins of error are Census-published; foreign_born_percent is derived from the two published estimates.
2020,Northvale,borough,"Northvale borough, Bergen County, New Jersey",0600000US3400353430,34,003,53430,4911,50,1753,280,35.7,2016-2020 ACS 5-Year Estimates,2016-2020,B05002,B05002_001E / B05002_001M,B05002_013E / B05002_013M,ACSDT5Y2020.B05002-Data.csv,https://data.census.gov/table/ACSDT5Y2020.B05002?g=050XX00US34003%240600000,ACS 5-year pooled survey estimate. Population margins of error are Census-published; foreign_born_percent is derived from the two published estimates.
2020,Norwood,borough,"Norwood borough, Bergen County, New Jersey",0600000US3400353610,34,003,53610,5789,26,1701,460,29.38,2016-2020 ACS 5-Year Estimates,2016-2020,B05002,B05002_001E / B05002_001M,B05002_013E / B05002_013M,ACSDT5Y2020.B05002-Data.csv,https://data.census.gov/table/ACSDT5Y2020.B05002?g=050XX00US34003%240600000,ACS 5-year pooled survey estimate. Population margins of error are Census-published; foreign_born_percent is derived from the two published estimates.
2020,Oakland,borough,"Oakland borough, Bergen County, New Jersey",0600000US3400353850,34,003,53850,12953,43,2111,465,16.3,2016-2020 ACS 5-Year Estimates,2016-2020,B05002,B05002_001E / B05002_001M,B05002_013E / B05002_013M,ACSDT5Y2020.B05002-Data.csv,https://data.census.gov/table/ACSDT5Y2020.B05002?g=050XX00US34003%240600000,ACS 5-year pooled survey estimate. Population margins of error are Census-published; foreign_born_percent is derived from the two published estimates.
2020,Old Tappan,borough,"Old Tappan borough, Bergen County, New Jersey",0600000US3400354870,34,003,54870,5924,38,1195,252,20.17,2016-2020 ACS 5-Year Estimates,2016-2020,B05002,B05002_001E / B05002_001M,B05002_013E / B05002_013M,ACSDT5Y2020.B05002-Data.csv,https://data.census.gov/table/ACSDT5Y2020.B05002?g=050XX00US34003%240600000,ACS 5-year pooled survey estimate. Population margins of error are Census-published; foreign_born_percent is derived from the two published estimates.
2020,Oradell,borough,"Oradell borough, Bergen County, New Jersey",0600000US3400354990,34,003,54990,8126,46,1552,277,19.1,2016-2020 ACS 5-Year Estimates,2016-2020,B05002,B05002_001E / B05002_001M,B05002_013E / B05002_013M,ACSDT5Y2020.B05002-Data.csv,https://data.census.gov/table/ACSDT5Y2020.B05002?g=050XX00US34003%240600000,ACS 5-year pooled survey estimate. Population margins of error are Census-published; foreign_born_percent is derived from the two published estimates.
2020,Palisades Park,borough,"Palisades Park borough, Bergen County, New Jersey",0600000US3400355770,34,003,55770,20693,31,12241,797,59.16,2016-2020 ACS 5-Year Estimates,2016-2020,B05002,B05002_001E / B05002_001M,B05002_013E / B05002_013M,ACSDT5Y2020.B05002-Data.csv,https://data.census.gov/table/ACSDT5Y2020.B05002?g=050XX00US34003%240600000,ACS 5-year pooled survey estimate. Population margins of error are Census-published; foreign_born_percent is derived from the two published estimates.
2020,Paramus,borough,"Paramus borough, Bergen County, New Jersey",0600000US3400355950,34,003,55950,26403,40,7971,676,30.19,2016-2020 ACS 5-Year Estimates,2016-2020,B05002,B05002_001E / B05002_001M,B05002_013E / B05002_013M,ACSDT5Y2020.B05002-Data.csv,https://data.census.gov/table/ACSDT5Y2020.B05002?g=050XX00US34003%240600000,ACS 5-year pooled survey estimate. Population margins of error are Census-published; foreign_born_percent is derived from the two published estimates.
2020,Park Ridge,borough,"Park Ridge borough, Bergen County, New Jersey",0600000US3400356130,34,003,56130,8721,50,797,178,9.14,2016-2020 ACS 5-Year Estimates,2016-2020,B05002,B05002_001E / B05002_001M,B05002_013E / B05002_013M,ACSDT5Y2020.B05002-Data.csv,https://data.census.gov/table/ACSDT5Y2020.B05002?g=050XX00US34003%240600000,ACS 5-year pooled survey estimate. Population margins of error are Census-published; foreign_born_percent is derived from the two published estimates.
2020,Ramsey,borough,"Ramsey borough, Bergen County, New Jersey",0600000US3400361680,34,003,61680,14915,23,2259,503,15.15,2016-2020 ACS 5-Year Estimates,2016-2020,B05002,B05002_001E / B05002_001M,B05002_013E / B05002_013M,ACSDT5Y2020.B05002-Data.csv,https://data.census.gov/table/ACSDT5Y2020.B05002?g=050XX00US34003%240600000,ACS 5-year pooled survey estimate. Population margins of error are Census-published; foreign_born_percent is derived from the two published estimates.
2020,Ridgefield,borough,"Ridgefield borough, Bergen County, New Jersey",0600000US3400362910,34,003,62910,11209,38,5335,607,47.6,2016-2020 ACS 5-Year Estimates,2016-2020,B05002,B05002_001E / B05002_001M,B05002_013E / B05002_013M,ACSDT5Y2020.B05002-Data.csv,https://data.census.gov/table/ACSDT5Y2020.B05002?g=050XX00US34003%240600000,ACS 5-year pooled survey estimate. Population margins of error are Census-published; foreign_born_percent is derived from the two published estimates.
2020,Ridgefield Park,village,"Ridgefield Park village, Bergen County, New Jersey",0600000US3400362940,34,003,62940,12928,77,4790,515,37.05,2016-2020 ACS 5-Year Estimates,2016-2020,B05002,B05002_001E / B05002_001M,B05002_013E / B05002_013M,ACSDT5Y2020.B05002-Data.csv,https://data.census.gov/table/ACSDT5Y2020.B05002?g=050XX00US34003%240600000,ACS 5-year pooled survey estimate. Population margins of error are Census-published; foreign_born_percent is derived from the two published estimates.
2020,Ridgewood,village,"Ridgewood village, Bergen County, New Jersey",0600000US3400363000,34,003,63000,25110,61,5041,593,20.08,2016-2020 ACS 5-Year Estimates,2016-2020,B05002,B05002_001E / B05002_001M,B05002_013E / B05002_013M,ACSDT5Y2020.B05002-Data.csv,https://data.census.gov/table/ACSDT5Y2020.B05002?g=050XX00US34003%240600000,ACS 5-year pooled survey estimate. Population margins of error are Census-published; foreign_born_percent is derived from the two published estimates.
2020,River Edge,borough,"River Edge borough, Bergen County, New Jersey",0600000US3400363360,34,003,63360,11510,31,3273,433,28.44,2016-2020 ACS 5-Year Estimates,2016-2020,B05002,B05002_001E / B05002_001M,B05002_013E / B05002_013M,ACSDT5Y2020.B05002-Data.csv,https://data.census.gov/table/ACSDT5Y2020.B05002?g=050XX00US34003%240600000,ACS 5-year pooled survey estimate. Population margins of error are Census-published; foreign_born_percent is derived from the two published estimates.
2020,River Vale,township,"River Vale township, Bergen County, New Jersey",0600000US3400363690,34,003,63690,10002,26,1105,335,11.05,2016-2020 ACS 5-Year Estimates,2016-2020,B05002,B05002_001E / B05002_001M,B05002_013E / B05002_013M,ACSDT5Y2020.B05002-Data.csv,https://data.census.gov/table/ACSDT5Y2020.B05002?g=050XX00US34003%240600000,ACS 5-year pooled survey estimate. Population margins of error are Census-published; foreign_born_percent is derived from the two published estimates.
2020,Rochelle Park,township,"Rochelle Park township, Bergen County, New Jersey",0600000US3400363990,34,003,63990,5580,21,1430,274,25.63,2016-2020 ACS 5-Year Estimates,2016-2020,B05002,B05002_001E / B05002_001M,B05002_013E / B05002_013M,ACSDT5Y2020.B05002-Data.csv,https://data.census.gov/table/ACSDT5Y2020.B05002?g=050XX00US34003%240600000,ACS 5-year pooled survey estimate. Population margins of error are Census-published; foreign_born_percent is derived from the two published estimates.
2020,Rockleigh,borough,"Rockleigh borough, Bergen County, New Jersey",0600000US3400364170,34,003,64170,650,151,101,58,15.54,2016-2020 ACS 5-Year Estimates,2016-2020,B05002,B05002_001E / B05002_001M,B05002_013E / B05002_013M,ACSDT5Y2020.B05002-Data.csv,https://data.census.gov/table/ACSDT5Y2020.B05002?g=050XX00US34003%240600000,ACS 5-year pooled survey estimate. Population margins of error are Census-published; foreign_born_percent is derived from the two published estimates.
2020,Rutherford,borough,"Rutherford borough, Bergen County, New Jersey",0600000US3400365280,34,003,65280,18376,64,4503,506,24.5,2016-2020 ACS 5-Year Estimates,2016-2020,B05002,B05002_001E / B05002_001M,B05002_013E / B05002_013M,ACSDT5Y2020.B05002-Data.csv,https://data.census.gov/table/ACSDT5Y2020.B05002?g=050XX00US34003%240600000,ACS 5-year pooled survey estimate. Population margins of error are Census-published; foreign_born_percent is derived from the two published estimates.
2020,Saddle Brook,township,"Saddle Brook township, Bergen County, New Jersey",0600000US3400365340,34,003,65340,13762,54,2913,448,21.17,2016-2020 ACS 5-Year Estimates,2016-2020,B05002,B05002_001E / B05002_001M,B05002_013E / B05002_013M,ACSDT5Y2020.B05002-Data.csv,https://data.census.gov/table/ACSDT5Y2020.B05002?g=050XX00US34003%240600000,ACS 5-year pooled survey estimate. Population margins of error are Census-published; foreign_born_percent is derived from the two published estimates.
2020,Saddle River,borough,"Saddle River borough, Bergen County, New Jersey",0600000US3400365400,34,003,65400,3180,22,832,200,26.16,2016-2020 ACS 5-Year Estimates,2016-2020,B05002,B05002_001E / B05002_001M,B05002_013E / B05002_013M,ACSDT5Y2020.B05002-Data.csv,https://data.census.gov/table/ACSDT5Y2020.B05002?g=050XX00US34003%240600000,ACS 5-year pooled survey estimate. Population margins of error are Census-published; foreign_born_percent is derived from the two published estimates.
2020,South Hackensack,township,"South Hackensack township, Bergen County, New Jersey",0600000US3400368970,34,003,68970,2670,233,990,218,37.08,2016-2020 ACS 5-Year Estimates,2016-2020,B05002,B05002_001E / B05002_001M,B05002_013E / B05002_013M,ACSDT5Y2020.B05002-Data.csv,https://data.census.gov/table/ACSDT5Y2020.B05002?g=050XX00US34003%240600000,ACS 5-year pooled survey estimate. Population margins of error are Census-published; foreign_born_percent is derived from the two published estimates.
2020,Teaneck,township,"Teaneck township, Bergen County, New Jersey",0600000US3400372360,34,003,72360,40461,40,10426,1066,25.77,2016-2020 ACS 5-Year Estimates,2016-2020,B05002,B05002_001E / B05002_001M,B05002_013E / B05002_013M,ACSDT5Y2020.B05002-Data.csv,https://data.census.gov/table/ACSDT5Y2020.B05002?g=050XX00US34003%240600000,ACS 5-year pooled survey estimate. Population margins of error are Census-published; foreign_born_percent is derived from the two published estimates.
2020,Tenafly,borough,"Tenafly borough, Bergen County, New Jersey",0600000US3400372420,34,003,72420,14550,42,5055,758,34.74,2016-2020 ACS 5-Year Estimates,2016-2020,B05002,B05002_001E / B05002_001M,B05002_013E / B05002_013M,ACSDT5Y2020.B05002-Data.csv,https://data.census.gov/table/ACSDT5Y2020.B05002?g=050XX00US34003%240600000,ACS 5-year pooled survey estimate. Population margins of error are Census-published; foreign_born_percent is derived from the two published estimates.
2020,Teterboro,borough,"Teterboro borough, Bergen County, New Jersey",0600000US3400372480,34,003,72480,110,75,50,30,45.45,2016-2020 ACS 5-Year Estimates,2016-2020,B05002,B05002_001E / B05002_001M,B05002_013E / B05002_013M,ACSDT5Y2020.B05002-Data.csv,https://data.census.gov/table/ACSDT5Y2020.B05002?g=050XX00US34003%240600000,ACS 5-year pooled survey estimate. Population margins of error are Census-published; foreign_born_percent is derived from the two published estimates.
2020,Upper Saddle River,borough,"Upper Saddle River borough, Bergen County, New Jersey",0600000US3400375140,34,003,75140,8214,28,1437,332,17.49,2016-2020 ACS 5-Year Estimates,2016-2020,B05002,B05002_001E / B05002_001M,B05002_013E / B05002_013M,ACSDT5Y2020.B05002-Data.csv,https://data.census.gov/table/ACSDT5Y2020.B05002?g=050XX00US34003%240600000,ACS 5-year pooled survey estimate. Population margins of error are Census-published; foreign_born_percent is derived from the two published estimates.
2020,Waldwick,borough,"Waldwick borough, Bergen County, New Jersey",0600000US3400376400,34,003,76400,10051,43,1311,346,13.04,2016-2020 ACS 5-Year Estimates,2016-2020,B05002,B05002_001E / B05002_001M,B05002_013E / B05002_013M,ACSDT5Y2020.B05002-Data.csv,https://data.census.gov/table/ACSDT5Y2020.B05002?g=050XX00US34003%240600000,ACS 5-year pooled survey estimate. Population margins of error are Census-published; foreign_born_percent is derived from the two published estimates.
2020,Wallington,borough,"Wallington borough, Bergen County, New Jersey",0600000US3400376490,34,003,76490,11553,24,5437,506,47.06,2016-2020 ACS 5-Year Estimates,2016-2020,B05002,B05002_001E / B05002_001M,B05002_013E / B05002_013M,ACSDT5Y2020.B05002-Data.csv,https://data.census.gov/table/ACSDT5Y2020.B05002?g=050XX00US34003%240600000,ACS 5-year pooled survey estimate. Population margins of error are Census-published; foreign_born_percent is derived from the two published estimates.
2020,Washington,township,"Washington township, Bergen County, New Jersey",0600000US3400377135,34,003,77135,9208,26,1214,250,13.18,2016-2020 ACS 5-Year Estimates,2016-2020,B05002,B05002_001E / B05002_001M,B05002_013E / B05002_013M,ACSDT5Y2020.B05002-Data.csv,https://data.census.gov/table/ACSDT5Y2020.B05002?g=050XX00US34003%240600000,ACS 5-year pooled survey estimate. Population margins of error are Census-published; foreign_born_percent is derived from the two published estimates.
2020,Westwood,borough,"Westwood borough, Bergen County, New Jersey",0600000US3400380270,34,003,80270,11096,20,2334,581,21.03,2016-2020 ACS 5-Year Estimates,2016-2020,B05002,B05002_001E / B05002_001M,B05002_013E / B05002_013M,ACSDT5Y2020.B05002-Data.csv,https://data.census.gov/table/ACSDT5Y2020.B05002?g=050XX00US34003%240600000,ACS 5-year pooled survey estimate. Population margins of error are Census-published; foreign_born_percent is derived from the two published estimates.
2020,Wood-Ridge,borough,"Wood-Ridge borough, Bergen County, New Jersey",0600000US3400382570,34,003,82570,9016,25,2202,480,24.42,2016-2020 ACS 5-Year Estimates,2016-2020,B05002,B05002_001E / B05002_001M,B05002_013E / B05002_013M,ACSDT5Y2020.B05002-Data.csv,https://data.census.gov/table/ACSDT5Y2020.B05002?g=050XX00US34003%240600000,ACS 5-year pooled survey estimate. Population margins of error are Census-published; foreign_born_percent is derived from the two published estimates.
2020,Woodcliff Lake,borough,"Woodcliff Lake borough, Bergen County, New Jersey",0600000US3400382300,34,003,82300,5836,38,427,145,7.32,2016-2020 ACS 5-Year Estimates,2016-2020,B05002,B05002_001E / B05002_001M,B05002_013E / B05002_013M,ACSDT5Y2020.B05002-Data.csv,https://data.census.gov/table/ACSDT5Y2020.B05002?g=050XX00US34003%240600000,ACS 5-year pooled survey estimate. Population margins of error are Census-published; foreign_born_percent is derived from the two published estimates.
2020,Wyckoff,township,"Wyckoff township, Bergen County, New Jersey",0600000US3400383050,34,003,83050,16959,56,1852,486,10.92,2016-2020 ACS 5-Year Estimates,2016-2020,B05002,B05002_001E / B05002_001M,B05002_013E / B05002_013M,ACSDT5Y2020.B05002-Data.csv,https://data.census.gov/table/ACSDT5Y2020.B05002?g=050XX00US34003%240600000,ACS 5-year pooled survey estimate. Population margins of error are Census-published; foreign_born_percent is derived from the two published estimates.
