year,source_period,geography,state,geoid,state_fips,county_fips,dataset,source_family,measurement_type,table_id,table_title,variable_id,source_label,estimate,margin_of_error,unit,universe,concept,source_url,notes
2010,2006-2010,Bergen County,New Jersey,05000US34003,34,003,2006-2010 ACS 5-Year Detailed Tables,American Community Survey,survey estimate,B05006,PLACE OF BIRTH FOR THE FOREIGN-BORN POPULATION IN THE UNITED STATES,B05006_001E,Estimate!!Total,254459,3079,persons,Foreign-born population excluding population born at sea,PLACE OF BIRTH FOR THE FOREIGN-BORN POPULATION IN THE UNITED STATES,https://api.census.gov/data/2010/acs/acs5/groups/B05006.html,2006-2010 ACS 5-year period estimate; sample-based. MOE is Census-published margin of error.
2010,2006-2010,Bergen County,New Jersey,05000US34003,34,003,2006-2010 ACS 5-Year Detailed Tables,American Community Survey,survey estimate,B05006,PLACE OF BIRTH FOR THE FOREIGN-BORN POPULATION IN THE UNITED STATES,B05006_002E,Estimate!!Total!!Europe,59395,1937,persons,Foreign-born population excluding population born at sea,PLACE OF BIRTH FOR THE FOREIGN-BORN POPULATION IN THE UNITED STATES,https://api.census.gov/data/2010/acs/acs5/groups/B05006.html,2006-2010 ACS 5-year period estimate; sample-based. MOE is Census-published margin of error.
2010,2006-2010,Bergen County,New Jersey,05000US34003,34,003,2006-2010 ACS 5-Year Detailed Tables,American Community Survey,survey estimate,B05006,PLACE OF BIRTH FOR THE FOREIGN-BORN POPULATION IN THE UNITED STATES,B05006_003E,Estimate!!Total!!Europe!!Northern Europe,5623,563,persons,Foreign-born population excluding population born at sea,PLACE OF BIRTH FOR THE FOREIGN-BORN POPULATION IN THE UNITED STATES,https://api.census.gov/data/2010/acs/acs5/groups/B05006.html,2006-2010 ACS 5-year period estimate; sample-based. MOE is Census-published margin of error.
2010,2006-2010,Bergen County,New Jersey,05000US34003,34,003,2006-2010 ACS 5-Year Detailed Tables,American Community Survey,survey estimate,B05006,PLACE OF BIRTH FOR THE FOREIGN-BORN POPULATION IN THE UNITED STATES,B05006_004E,Estimate!!Total!!Europe!!Northern Europe!!United Kingdom (inc. Crown Dependencies),3042,385,persons,Foreign-born population excluding population born at sea,PLACE OF BIRTH FOR THE FOREIGN-BORN POPULATION IN THE UNITED STATES,https://api.census.gov/data/2010/acs/acs5/groups/B05006.html,2006-2010 ACS 5-year period estimate; sample-based. MOE is Census-published margin of error.
2010,2006-2010,Bergen County,New Jersey,05000US34003,34,003,2006-2010 ACS 5-Year Detailed Tables,American Community Survey,survey estimate,B05006,PLACE OF BIRTH FOR THE FOREIGN-BORN POPULATION IN THE UNITED STATES,B05006_005E,"Estimate!!Total!!Europe!!Northern Europe!!United Kingdom (inc. Crown Dependencies)!!United Kingdom, excluding England and Scotland",1329,311,persons,Foreign-born population excluding population born at sea,PLACE OF BIRTH FOR THE FOREIGN-BORN POPULATION IN THE UNITED STATES,https://api.census.gov/data/2010/acs/acs5/groups/B05006.html,2006-2010 ACS 5-year period estimate; sample-based. MOE is Census-published margin of error.
2010,2006-2010,Bergen County,New Jersey,05000US34003,34,003,2006-2010 ACS 5-Year Detailed Tables,American Community Survey,survey estimate,B05006,PLACE OF BIRTH FOR THE FOREIGN-BORN POPULATION IN THE UNITED STATES,B05006_006E,Estimate!!Total!!Europe!!Northern Europe!!United Kingdom (inc. Crown Dependencies)!!England,1331,230,persons,Foreign-born population excluding population born at sea,PLACE OF BIRTH FOR THE FOREIGN-BORN POPULATION IN THE UNITED STATES,https://api.census.gov/data/2010/acs/acs5/groups/B05006.html,2006-2010 ACS 5-year period estimate; sample-based. MOE is Census-published margin of error.
2010,2006-2010,Bergen County,New Jersey,05000US34003,34,003,2006-2010 ACS 5-Year Detailed Tables,American Community Survey,survey estimate,B05006,PLACE OF BIRTH FOR THE FOREIGN-BORN POPULATION IN THE UNITED STATES,B05006_007E,Estimate!!Total!!Europe!!Northern Europe!!United Kingdom (inc. Crown Dependencies)!!Scotland,382,123,persons,Foreign-born population excluding population born at sea,PLACE OF BIRTH FOR THE FOREIGN-BORN POPULATION IN THE UNITED STATES,https://api.census.gov/data/2010/acs/acs5/groups/B05006.html,2006-2010 ACS 5-year period estimate; sample-based. MOE is Census-published margin of error.
2010,2006-2010,Bergen County,New Jersey,05000US34003,34,003,2006-2010 ACS 5-Year Detailed Tables,American Community Survey,survey estimate,B05006,PLACE OF BIRTH FOR THE FOREIGN-BORN POPULATION IN THE UNITED STATES,B05006_008E,Estimate!!Total!!Europe!!Northern Europe!!Ireland,2136,405,persons,Foreign-born population excluding population born at sea,PLACE OF BIRTH FOR THE FOREIGN-BORN POPULATION IN THE UNITED STATES,https://api.census.gov/data/2010/acs/acs5/groups/B05006.html,2006-2010 ACS 5-year period estimate; sample-based. MOE is Census-published margin of error.
2010,2006-2010,Bergen County,New Jersey,05000US34003,34,003,2006-2010 ACS 5-Year Detailed Tables,American Community Survey,survey estimate,B05006,PLACE OF BIRTH FOR THE FOREIGN-BORN POPULATION IN THE UNITED STATES,B05006_009E,Estimate!!Total!!Europe!!Northern Europe!!Denmark,66,53,persons,Foreign-born population excluding population born at sea,PLACE OF BIRTH FOR THE FOREIGN-BORN POPULATION IN THE UNITED STATES,https://api.census.gov/data/2010/acs/acs5/groups/B05006.html,2006-2010 ACS 5-year period estimate; sample-based. MOE is Census-published margin of error.
2010,2006-2010,Bergen County,New Jersey,05000US34003,34,003,2006-2010 ACS 5-Year Detailed Tables,American Community Survey,survey estimate,B05006,PLACE OF BIRTH FOR THE FOREIGN-BORN POPULATION IN THE UNITED STATES,B05006_010E,Estimate!!Total!!Europe!!Northern Europe!!Norway,113,67,persons,Foreign-born population excluding population born at sea,PLACE OF BIRTH FOR THE FOREIGN-BORN POPULATION IN THE UNITED STATES,https://api.census.gov/data/2010/acs/acs5/groups/B05006.html,2006-2010 ACS 5-year period estimate; sample-based. MOE is Census-published margin of error.
2010,2006-2010,Bergen County,New Jersey,05000US34003,34,003,2006-2010 ACS 5-Year Detailed Tables,American Community Survey,survey estimate,B05006,PLACE OF BIRTH FOR THE FOREIGN-BORN POPULATION IN THE UNITED STATES,B05006_011E,Estimate!!Total!!Europe!!Northern Europe!!Sweden,184,79,persons,Foreign-born population excluding population born at sea,PLACE OF BIRTH FOR THE FOREIGN-BORN POPULATION IN THE UNITED STATES,https://api.census.gov/data/2010/acs/acs5/groups/B05006.html,2006-2010 ACS 5-year period estimate; sample-based. MOE is Census-published margin of error.
2010,2006-2010,Bergen County,New Jersey,05000US34003,34,003,2006-2010 ACS 5-Year Detailed Tables,American Community Survey,survey estimate,B05006,PLACE OF BIRTH FOR THE FOREIGN-BORN POPULATION IN THE UNITED STATES,B05006_012E,Estimate!!Total!!Europe!!Northern Europe!!Other Northern Europe,82,57,persons,Foreign-born population excluding population born at sea,PLACE OF BIRTH FOR THE FOREIGN-BORN POPULATION IN THE UNITED STATES,https://api.census.gov/data/2010/acs/acs5/groups/B05006.html,2006-2010 ACS 5-year period estimate; sample-based. MOE is Census-published margin of error.
2010,2006-2010,Bergen County,New Jersey,05000US34003,34,003,2006-2010 ACS 5-Year Detailed Tables,American Community Survey,survey estimate,B05006,PLACE OF BIRTH FOR THE FOREIGN-BORN POPULATION IN THE UNITED STATES,B05006_013E,Estimate!!Total!!Europe!!Western Europe,6235,605,persons,Foreign-born population excluding population born at sea,PLACE OF BIRTH FOR THE FOREIGN-BORN POPULATION IN THE UNITED STATES,https://api.census.gov/data/2010/acs/acs5/groups/B05006.html,2006-2010 ACS 5-year period estimate; sample-based. MOE is Census-published margin of error.
2010,2006-2010,Bergen County,New Jersey,05000US34003,34,003,2006-2010 ACS 5-Year Detailed Tables,American Community Survey,survey estimate,B05006,PLACE OF BIRTH FOR THE FOREIGN-BORN POPULATION IN THE UNITED STATES,B05006_014E,Estimate!!Total!!Europe!!Western Europe!!Austria,405,122,persons,Foreign-born population excluding population born at sea,PLACE OF BIRTH FOR THE FOREIGN-BORN POPULATION IN THE UNITED STATES,https://api.census.gov/data/2010/acs/acs5/groups/B05006.html,2006-2010 ACS 5-year period estimate; sample-based. MOE is Census-published margin of error.
2010,2006-2010,Bergen County,New Jersey,05000US34003,34,003,2006-2010 ACS 5-Year Detailed Tables,American Community Survey,survey estimate,B05006,PLACE OF BIRTH FOR THE FOREIGN-BORN POPULATION IN THE UNITED STATES,B05006_015E,Estimate!!Total!!Europe!!Western Europe!!Belgium,197,92,persons,Foreign-born population excluding population born at sea,PLACE OF BIRTH FOR THE FOREIGN-BORN POPULATION IN THE UNITED STATES,https://api.census.gov/data/2010/acs/acs5/groups/B05006.html,2006-2010 ACS 5-year period estimate; sample-based. MOE is Census-published margin of error.
2010,2006-2010,Bergen County,New Jersey,05000US34003,34,003,2006-2010 ACS 5-Year Detailed Tables,American Community Survey,survey estimate,B05006,PLACE OF BIRTH FOR THE FOREIGN-BORN POPULATION IN THE UNITED STATES,B05006_016E,Estimate!!Total!!Europe!!Western Europe!!France,868,198,persons,Foreign-born population excluding population born at sea,PLACE OF BIRTH FOR THE FOREIGN-BORN POPULATION IN THE UNITED STATES,https://api.census.gov/data/2010/acs/acs5/groups/B05006.html,2006-2010 ACS 5-year period estimate; sample-based. MOE is Census-published margin of error.
2010,2006-2010,Bergen County,New Jersey,05000US34003,34,003,2006-2010 ACS 5-Year Detailed Tables,American Community Survey,survey estimate,B05006,PLACE OF BIRTH FOR THE FOREIGN-BORN POPULATION IN THE UNITED STATES,B05006_017E,Estimate!!Total!!Europe!!Western Europe!!Germany,3807,498,persons,Foreign-born population excluding population born at sea,PLACE OF BIRTH FOR THE FOREIGN-BORN POPULATION IN THE UNITED STATES,https://api.census.gov/data/2010/acs/acs5/groups/B05006.html,2006-2010 ACS 5-year period estimate; sample-based. MOE is Census-published margin of error.
2010,2006-2010,Bergen County,New Jersey,05000US34003,34,003,2006-2010 ACS 5-Year Detailed Tables,American Community Survey,survey estimate,B05006,PLACE OF BIRTH FOR THE FOREIGN-BORN POPULATION IN THE UNITED STATES,B05006_018E,Estimate!!Total!!Europe!!Western Europe!!Netherlands,320,122,persons,Foreign-born population excluding population born at sea,PLACE OF BIRTH FOR THE FOREIGN-BORN POPULATION IN THE UNITED STATES,https://api.census.gov/data/2010/acs/acs5/groups/B05006.html,2006-2010 ACS 5-year period estimate; sample-based. MOE is Census-published margin of error.
2010,2006-2010,Bergen County,New Jersey,05000US34003,34,003,2006-2010 ACS 5-Year Detailed Tables,American Community Survey,survey estimate,B05006,PLACE OF BIRTH FOR THE FOREIGN-BORN POPULATION IN THE UNITED STATES,B05006_019E,Estimate!!Total!!Europe!!Western Europe!!Switzerland,577,179,persons,Foreign-born population excluding population born at sea,PLACE OF BIRTH FOR THE FOREIGN-BORN POPULATION IN THE UNITED STATES,https://api.census.gov/data/2010/acs/acs5/groups/B05006.html,2006-2010 ACS 5-year period estimate; sample-based. MOE is Census-published margin of error.
2010,2006-2010,Bergen County,New Jersey,05000US34003,34,003,2006-2010 ACS 5-Year Detailed Tables,American Community Survey,survey estimate,B05006,PLACE OF BIRTH FOR THE FOREIGN-BORN POPULATION IN THE UNITED STATES,B05006_020E,Estimate!!Total!!Europe!!Western Europe!!Other Western Europe,61,98,persons,Foreign-born population excluding population born at sea,PLACE OF BIRTH FOR THE FOREIGN-BORN POPULATION IN THE UNITED STATES,https://api.census.gov/data/2010/acs/acs5/groups/B05006.html,2006-2010 ACS 5-year period estimate; sample-based. MOE is Census-published margin of error.
2010,2006-2010,Bergen County,New Jersey,05000US34003,34,003,2006-2010 ACS 5-Year Detailed Tables,American Community Survey,survey estimate,B05006,PLACE OF BIRTH FOR THE FOREIGN-BORN POPULATION IN THE UNITED STATES,B05006_021E,Estimate!!Total!!Europe!!Southern Europe,14623,1039,persons,Foreign-born population excluding population born at sea,PLACE OF BIRTH FOR THE FOREIGN-BORN POPULATION IN THE UNITED STATES,https://api.census.gov/data/2010/acs/acs5/groups/B05006.html,2006-2010 ACS 5-year period estimate; sample-based. MOE is Census-published margin of error.
2010,2006-2010,Bergen County,New Jersey,05000US34003,34,003,2006-2010 ACS 5-Year Detailed Tables,American Community Survey,survey estimate,B05006,PLACE OF BIRTH FOR THE FOREIGN-BORN POPULATION IN THE UNITED STATES,B05006_022E,Estimate!!Total!!Europe!!Southern Europe!!Greece,2619,426,persons,Foreign-born population excluding population born at sea,PLACE OF BIRTH FOR THE FOREIGN-BORN POPULATION IN THE UNITED STATES,https://api.census.gov/data/2010/acs/acs5/groups/B05006.html,2006-2010 ACS 5-year period estimate; sample-based. MOE is Census-published margin of error.
2010,2006-2010,Bergen County,New Jersey,05000US34003,34,003,2006-2010 ACS 5-Year Detailed Tables,American Community Survey,survey estimate,B05006,PLACE OF BIRTH FOR THE FOREIGN-BORN POPULATION IN THE UNITED STATES,B05006_023E,Estimate!!Total!!Europe!!Southern Europe!!Italy,9142,779,persons,Foreign-born population excluding population born at sea,PLACE OF BIRTH FOR THE FOREIGN-BORN POPULATION IN THE UNITED STATES,https://api.census.gov/data/2010/acs/acs5/groups/B05006.html,2006-2010 ACS 5-year period estimate; sample-based. MOE is Census-published margin of error.
2010,2006-2010,Bergen County,New Jersey,05000US34003,34,003,2006-2010 ACS 5-Year Detailed Tables,American Community Survey,survey estimate,B05006,PLACE OF BIRTH FOR THE FOREIGN-BORN POPULATION IN THE UNITED STATES,B05006_024E,Estimate!!Total!!Europe!!Southern Europe!!Portugal,1521,395,persons,Foreign-born population excluding population born at sea,PLACE OF BIRTH FOR THE FOREIGN-BORN POPULATION IN THE UNITED STATES,https://api.census.gov/data/2010/acs/acs5/groups/B05006.html,2006-2010 ACS 5-year period estimate; sample-based. MOE is Census-published margin of error.
2010,2006-2010,Bergen County,New Jersey,05000US34003,34,003,2006-2010 ACS 5-Year Detailed Tables,American Community Survey,survey estimate,B05006,PLACE OF BIRTH FOR THE FOREIGN-BORN POPULATION IN THE UNITED STATES,B05006_025E,Estimate!!Total!!Europe!!Southern Europe!!Spain,1326,472,persons,Foreign-born population excluding population born at sea,PLACE OF BIRTH FOR THE FOREIGN-BORN POPULATION IN THE UNITED STATES,https://api.census.gov/data/2010/acs/acs5/groups/B05006.html,2006-2010 ACS 5-year period estimate; sample-based. MOE is Census-published margin of error.
2010,2006-2010,Bergen County,New Jersey,05000US34003,34,003,2006-2010 ACS 5-Year Detailed Tables,American Community Survey,survey estimate,B05006,PLACE OF BIRTH FOR THE FOREIGN-BORN POPULATION IN THE UNITED STATES,B05006_026E,Estimate!!Total!!Europe!!Southern Europe!!Other Southern Europe,15,24,persons,Foreign-born population excluding population born at sea,PLACE OF BIRTH FOR THE FOREIGN-BORN POPULATION IN THE UNITED STATES,https://api.census.gov/data/2010/acs/acs5/groups/B05006.html,2006-2010 ACS 5-year period estimate; sample-based. MOE is Census-published margin of error.
2010,2006-2010,Bergen County,New Jersey,05000US34003,34,003,2006-2010 ACS 5-Year Detailed Tables,American Community Survey,survey estimate,B05006,PLACE OF BIRTH FOR THE FOREIGN-BORN POPULATION IN THE UNITED STATES,B05006_027E,Estimate!!Total!!Europe!!Eastern Europe,32832,1687,persons,Foreign-born population excluding population born at sea,PLACE OF BIRTH FOR THE FOREIGN-BORN POPULATION IN THE UNITED STATES,https://api.census.gov/data/2010/acs/acs5/groups/B05006.html,2006-2010 ACS 5-year period estimate; sample-based. MOE is Census-published margin of error.
2010,2006-2010,Bergen County,New Jersey,05000US34003,34,003,2006-2010 ACS 5-Year Detailed Tables,American Community Survey,survey estimate,B05006,PLACE OF BIRTH FOR THE FOREIGN-BORN POPULATION IN THE UNITED STATES,B05006_028E,Estimate!!Total!!Europe!!Eastern Europe!!Albania,1272,380,persons,Foreign-born population excluding population born at sea,PLACE OF BIRTH FOR THE FOREIGN-BORN POPULATION IN THE UNITED STATES,https://api.census.gov/data/2010/acs/acs5/groups/B05006.html,2006-2010 ACS 5-year period estimate; sample-based. MOE is Census-published margin of error.
2010,2006-2010,Bergen County,New Jersey,05000US34003,34,003,2006-2010 ACS 5-Year Detailed Tables,American Community Survey,survey estimate,B05006,PLACE OF BIRTH FOR THE FOREIGN-BORN POPULATION IN THE UNITED STATES,B05006_029E,Estimate!!Total!!Europe!!Eastern Europe!!Belarus,725,262,persons,Foreign-born population excluding population born at sea,PLACE OF BIRTH FOR THE FOREIGN-BORN POPULATION IN THE UNITED STATES,https://api.census.gov/data/2010/acs/acs5/groups/B05006.html,2006-2010 ACS 5-year period estimate; sample-based. MOE is Census-published margin of error.
2010,2006-2010,Bergen County,New Jersey,05000US34003,34,003,2006-2010 ACS 5-Year Detailed Tables,American Community Survey,survey estimate,B05006,PLACE OF BIRTH FOR THE FOREIGN-BORN POPULATION IN THE UNITED STATES,B05006_030E,Estimate!!Total!!Europe!!Eastern Europe!!Bulgaria,573,203,persons,Foreign-born population excluding population born at sea,PLACE OF BIRTH FOR THE FOREIGN-BORN POPULATION IN THE UNITED STATES,https://api.census.gov/data/2010/acs/acs5/groups/B05006.html,2006-2010 ACS 5-year period estimate; sample-based. MOE is Census-published margin of error.
2010,2006-2010,Bergen County,New Jersey,05000US34003,34,003,2006-2010 ACS 5-Year Detailed Tables,American Community Survey,survey estimate,B05006,PLACE OF BIRTH FOR THE FOREIGN-BORN POPULATION IN THE UNITED STATES,B05006_031E,Estimate!!Total!!Europe!!Eastern Europe!!Croatia,1999,463,persons,Foreign-born population excluding population born at sea,PLACE OF BIRTH FOR THE FOREIGN-BORN POPULATION IN THE UNITED STATES,https://api.census.gov/data/2010/acs/acs5/groups/B05006.html,2006-2010 ACS 5-year period estimate; sample-based. MOE is Census-published margin of error.
2010,2006-2010,Bergen County,New Jersey,05000US34003,34,003,2006-2010 ACS 5-Year Detailed Tables,American Community Survey,survey estimate,B05006,PLACE OF BIRTH FOR THE FOREIGN-BORN POPULATION IN THE UNITED STATES,B05006_032E,Estimate!!Total!!Europe!!Eastern Europe!!Czechoslovakia (includes Czech Republic and Slovakia),485,142,persons,Foreign-born population excluding population born at sea,PLACE OF BIRTH FOR THE FOREIGN-BORN POPULATION IN THE UNITED STATES,https://api.census.gov/data/2010/acs/acs5/groups/B05006.html,2006-2010 ACS 5-year period estimate; sample-based. MOE is Census-published margin of error.
2010,2006-2010,Bergen County,New Jersey,05000US34003,34,003,2006-2010 ACS 5-Year Detailed Tables,American Community Survey,survey estimate,B05006,PLACE OF BIRTH FOR THE FOREIGN-BORN POPULATION IN THE UNITED STATES,B05006_033E,Estimate!!Total!!Europe!!Eastern Europe!!Hungary,871,248,persons,Foreign-born population excluding population born at sea,PLACE OF BIRTH FOR THE FOREIGN-BORN POPULATION IN THE UNITED STATES,https://api.census.gov/data/2010/acs/acs5/groups/B05006.html,2006-2010 ACS 5-year period estimate; sample-based. MOE is Census-published margin of error.
2010,2006-2010,Bergen County,New Jersey,05000US34003,34,003,2006-2010 ACS 5-Year Detailed Tables,American Community Survey,survey estimate,B05006,PLACE OF BIRTH FOR THE FOREIGN-BORN POPULATION IN THE UNITED STATES,B05006_034E,Estimate!!Total!!Europe!!Eastern Europe!!Latvia,397,184,persons,Foreign-born population excluding population born at sea,PLACE OF BIRTH FOR THE FOREIGN-BORN POPULATION IN THE UNITED STATES,https://api.census.gov/data/2010/acs/acs5/groups/B05006.html,2006-2010 ACS 5-year period estimate; sample-based. MOE is Census-published margin of error.
2010,2006-2010,Bergen County,New Jersey,05000US34003,34,003,2006-2010 ACS 5-Year Detailed Tables,American Community Survey,survey estimate,B05006,PLACE OF BIRTH FOR THE FOREIGN-BORN POPULATION IN THE UNITED STATES,B05006_035E,Estimate!!Total!!Europe!!Eastern Europe!!Lithuania,224,105,persons,Foreign-born population excluding population born at sea,PLACE OF BIRTH FOR THE FOREIGN-BORN POPULATION IN THE UNITED STATES,https://api.census.gov/data/2010/acs/acs5/groups/B05006.html,2006-2010 ACS 5-year period estimate; sample-based. MOE is Census-published margin of error.
2010,2006-2010,Bergen County,New Jersey,05000US34003,34,003,2006-2010 ACS 5-Year Detailed Tables,American Community Survey,survey estimate,B05006,PLACE OF BIRTH FOR THE FOREIGN-BORN POPULATION IN THE UNITED STATES,B05006_036E,Estimate!!Total!!Europe!!Eastern Europe!!Macedonia,1058,311,persons,Foreign-born population excluding population born at sea,PLACE OF BIRTH FOR THE FOREIGN-BORN POPULATION IN THE UNITED STATES,https://api.census.gov/data/2010/acs/acs5/groups/B05006.html,2006-2010 ACS 5-year period estimate; sample-based. MOE is Census-published margin of error.
2010,2006-2010,Bergen County,New Jersey,05000US34003,34,003,2006-2010 ACS 5-Year Detailed Tables,American Community Survey,survey estimate,B05006,PLACE OF BIRTH FOR THE FOREIGN-BORN POPULATION IN THE UNITED STATES,B05006_037E,Estimate!!Total!!Europe!!Eastern Europe!!Moldova,300,194,persons,Foreign-born population excluding population born at sea,PLACE OF BIRTH FOR THE FOREIGN-BORN POPULATION IN THE UNITED STATES,https://api.census.gov/data/2010/acs/acs5/groups/B05006.html,2006-2010 ACS 5-year period estimate; sample-based. MOE is Census-published margin of error.
2010,2006-2010,Bergen County,New Jersey,05000US34003,34,003,2006-2010 ACS 5-Year Detailed Tables,American Community Survey,survey estimate,B05006,PLACE OF BIRTH FOR THE FOREIGN-BORN POPULATION IN THE UNITED STATES,B05006_038E,Estimate!!Total!!Europe!!Eastern Europe!!Poland,12995,1083,persons,Foreign-born population excluding population born at sea,PLACE OF BIRTH FOR THE FOREIGN-BORN POPULATION IN THE UNITED STATES,https://api.census.gov/data/2010/acs/acs5/groups/B05006.html,2006-2010 ACS 5-year period estimate; sample-based. MOE is Census-published margin of error.
2010,2006-2010,Bergen County,New Jersey,05000US34003,34,003,2006-2010 ACS 5-Year Detailed Tables,American Community Survey,survey estimate,B05006,PLACE OF BIRTH FOR THE FOREIGN-BORN POPULATION IN THE UNITED STATES,B05006_039E,Estimate!!Total!!Europe!!Eastern Europe!!Romania,1245,367,persons,Foreign-born population excluding population born at sea,PLACE OF BIRTH FOR THE FOREIGN-BORN POPULATION IN THE UNITED STATES,https://api.census.gov/data/2010/acs/acs5/groups/B05006.html,2006-2010 ACS 5-year period estimate; sample-based. MOE is Census-published margin of error.
2010,2006-2010,Bergen County,New Jersey,05000US34003,34,003,2006-2010 ACS 5-Year Detailed Tables,American Community Survey,survey estimate,B05006,PLACE OF BIRTH FOR THE FOREIGN-BORN POPULATION IN THE UNITED STATES,B05006_040E,Estimate!!Total!!Europe!!Eastern Europe!!Russia,5248,662,persons,Foreign-born population excluding population born at sea,PLACE OF BIRTH FOR THE FOREIGN-BORN POPULATION IN THE UNITED STATES,https://api.census.gov/data/2010/acs/acs5/groups/B05006.html,2006-2010 ACS 5-year period estimate; sample-based. MOE is Census-published margin of error.
2010,2006-2010,Bergen County,New Jersey,05000US34003,34,003,2006-2010 ACS 5-Year Detailed Tables,American Community Survey,survey estimate,B05006,PLACE OF BIRTH FOR THE FOREIGN-BORN POPULATION IN THE UNITED STATES,B05006_041E,Estimate!!Total!!Europe!!Eastern Europe!!Ukraine,3323,537,persons,Foreign-born population excluding population born at sea,PLACE OF BIRTH FOR THE FOREIGN-BORN POPULATION IN THE UNITED STATES,https://api.census.gov/data/2010/acs/acs5/groups/B05006.html,2006-2010 ACS 5-year period estimate; sample-based. MOE is Census-published margin of error.
2010,2006-2010,Bergen County,New Jersey,05000US34003,34,003,2006-2010 ACS 5-Year Detailed Tables,American Community Survey,survey estimate,B05006,PLACE OF BIRTH FOR THE FOREIGN-BORN POPULATION IN THE UNITED STATES,B05006_042E,Estimate!!Total!!Europe!!Eastern Europe!!Bosnia and Herzegovina,303,158,persons,Foreign-born population excluding population born at sea,PLACE OF BIRTH FOR THE FOREIGN-BORN POPULATION IN THE UNITED STATES,https://api.census.gov/data/2010/acs/acs5/groups/B05006.html,2006-2010 ACS 5-year period estimate; sample-based. MOE is Census-published margin of error.
2010,2006-2010,Bergen County,New Jersey,05000US34003,34,003,2006-2010 ACS 5-Year Detailed Tables,American Community Survey,survey estimate,B05006,PLACE OF BIRTH FOR THE FOREIGN-BORN POPULATION IN THE UNITED STATES,B05006_043E,Estimate!!Total!!Europe!!Eastern Europe!!Yugoslavia,1247,358,persons,Foreign-born population excluding population born at sea,PLACE OF BIRTH FOR THE FOREIGN-BORN POPULATION IN THE UNITED STATES,https://api.census.gov/data/2010/acs/acs5/groups/B05006.html,2006-2010 ACS 5-year period estimate; sample-based. MOE is Census-published margin of error.
2010,2006-2010,Bergen County,New Jersey,05000US34003,34,003,2006-2010 ACS 5-Year Detailed Tables,American Community Survey,survey estimate,B05006,PLACE OF BIRTH FOR THE FOREIGN-BORN POPULATION IN THE UNITED STATES,B05006_044E,Estimate!!Total!!Europe!!Eastern Europe!!Yugoslavia!!Serbia,172,103,persons,Foreign-born population excluding population born at sea,PLACE OF BIRTH FOR THE FOREIGN-BORN POPULATION IN THE UNITED STATES,https://api.census.gov/data/2010/acs/acs5/groups/B05006.html,2006-2010 ACS 5-year period estimate; sample-based. MOE is Census-published margin of error.
2010,2006-2010,Bergen County,New Jersey,05000US34003,34,003,2006-2010 ACS 5-Year Detailed Tables,American Community Survey,survey estimate,B05006,PLACE OF BIRTH FOR THE FOREIGN-BORN POPULATION IN THE UNITED STATES,B05006_045E,Estimate!!Total!!Europe!!Eastern Europe!!Other Eastern Europe,567,324,persons,Foreign-born population excluding population born at sea,PLACE OF BIRTH FOR THE FOREIGN-BORN POPULATION IN THE UNITED STATES,https://api.census.gov/data/2010/acs/acs5/groups/B05006.html,2006-2010 ACS 5-year period estimate; sample-based. MOE is Census-published margin of error.
2010,2006-2010,Bergen County,New Jersey,05000US34003,34,003,2006-2010 ACS 5-Year Detailed Tables,American Community Survey,survey estimate,B05006,PLACE OF BIRTH FOR THE FOREIGN-BORN POPULATION IN THE UNITED STATES,B05006_046E,"Estimate!!Total!!Europe!!Europe, n.e.c.",82,68,persons,Foreign-born population excluding population born at sea,PLACE OF BIRTH FOR THE FOREIGN-BORN POPULATION IN THE UNITED STATES,https://api.census.gov/data/2010/acs/acs5/groups/B05006.html,2006-2010 ACS 5-year period estimate; sample-based. MOE is Census-published margin of error.
2010,2006-2010,Bergen County,New Jersey,05000US34003,34,003,2006-2010 ACS 5-Year Detailed Tables,American Community Survey,survey estimate,B05006,PLACE OF BIRTH FOR THE FOREIGN-BORN POPULATION IN THE UNITED STATES,B05006_047E,Estimate!!Total!!Asia,110531,1858,persons,Foreign-born population excluding population born at sea,PLACE OF BIRTH FOR THE FOREIGN-BORN POPULATION IN THE UNITED STATES,https://api.census.gov/data/2010/acs/acs5/groups/B05006.html,2006-2010 ACS 5-year period estimate; sample-based. MOE is Census-published margin of error.
2010,2006-2010,Bergen County,New Jersey,05000US34003,34,003,2006-2010 ACS 5-Year Detailed Tables,American Community Survey,survey estimate,B05006,PLACE OF BIRTH FOR THE FOREIGN-BORN POPULATION IN THE UNITED STATES,B05006_048E,Estimate!!Total!!Asia!!Eastern Asia,56771,1799,persons,Foreign-born population excluding population born at sea,PLACE OF BIRTH FOR THE FOREIGN-BORN POPULATION IN THE UNITED STATES,https://api.census.gov/data/2010/acs/acs5/groups/B05006.html,2006-2010 ACS 5-year period estimate; sample-based. MOE is Census-published margin of error.
2010,2006-2010,Bergen County,New Jersey,05000US34003,34,003,2006-2010 ACS 5-Year Detailed Tables,American Community Survey,survey estimate,B05006,PLACE OF BIRTH FOR THE FOREIGN-BORN POPULATION IN THE UNITED STATES,B05006_049E,Estimate!!Total!!Asia!!Eastern Asia!!China,10378,959,persons,Foreign-born population excluding population born at sea,PLACE OF BIRTH FOR THE FOREIGN-BORN POPULATION IN THE UNITED STATES,https://api.census.gov/data/2010/acs/acs5/groups/B05006.html,2006-2010 ACS 5-year period estimate; sample-based. MOE is Census-published margin of error.
2010,2006-2010,Bergen County,New Jersey,05000US34003,34,003,2006-2010 ACS 5-Year Detailed Tables,American Community Survey,survey estimate,B05006,PLACE OF BIRTH FOR THE FOREIGN-BORN POPULATION IN THE UNITED STATES,B05006_050E,"Estimate!!Total!!Asia!!Eastern Asia!!China!!China, excluding Hong Kong and Taiwan",6896,733,persons,Foreign-born population excluding population born at sea,PLACE OF BIRTH FOR THE FOREIGN-BORN POPULATION IN THE UNITED STATES,https://api.census.gov/data/2010/acs/acs5/groups/B05006.html,2006-2010 ACS 5-year period estimate; sample-based. MOE is Census-published margin of error.
2010,2006-2010,Bergen County,New Jersey,05000US34003,34,003,2006-2010 ACS 5-Year Detailed Tables,American Community Survey,survey estimate,B05006,PLACE OF BIRTH FOR THE FOREIGN-BORN POPULATION IN THE UNITED STATES,B05006_051E,Estimate!!Total!!Asia!!Eastern Asia!!China!!Hong Kong,958,204,persons,Foreign-born population excluding population born at sea,PLACE OF BIRTH FOR THE FOREIGN-BORN POPULATION IN THE UNITED STATES,https://api.census.gov/data/2010/acs/acs5/groups/B05006.html,2006-2010 ACS 5-year period estimate; sample-based. MOE is Census-published margin of error.
2010,2006-2010,Bergen County,New Jersey,05000US34003,34,003,2006-2010 ACS 5-Year Detailed Tables,American Community Survey,survey estimate,B05006,PLACE OF BIRTH FOR THE FOREIGN-BORN POPULATION IN THE UNITED STATES,B05006_052E,Estimate!!Total!!Asia!!Eastern Asia!!China!!Taiwan,2524,484,persons,Foreign-born population excluding population born at sea,PLACE OF BIRTH FOR THE FOREIGN-BORN POPULATION IN THE UNITED STATES,https://api.census.gov/data/2010/acs/acs5/groups/B05006.html,2006-2010 ACS 5-year period estimate; sample-based. MOE is Census-published margin of error.
2010,2006-2010,Bergen County,New Jersey,05000US34003,34,003,2006-2010 ACS 5-Year Detailed Tables,American Community Survey,survey estimate,B05006,PLACE OF BIRTH FOR THE FOREIGN-BORN POPULATION IN THE UNITED STATES,B05006_053E,Estimate!!Total!!Asia!!Eastern Asia!!Japan,5632,790,persons,Foreign-born population excluding population born at sea,PLACE OF BIRTH FOR THE FOREIGN-BORN POPULATION IN THE UNITED STATES,https://api.census.gov/data/2010/acs/acs5/groups/B05006.html,2006-2010 ACS 5-year period estimate; sample-based. MOE is Census-published margin of error.
2010,2006-2010,Bergen County,New Jersey,05000US34003,34,003,2006-2010 ACS 5-Year Detailed Tables,American Community Survey,survey estimate,B05006,PLACE OF BIRTH FOR THE FOREIGN-BORN POPULATION IN THE UNITED STATES,B05006_054E,Estimate!!Total!!Asia!!Eastern Asia!!Korea,40761,1844,persons,Foreign-born population excluding population born at sea,PLACE OF BIRTH FOR THE FOREIGN-BORN POPULATION IN THE UNITED STATES,https://api.census.gov/data/2010/acs/acs5/groups/B05006.html,2006-2010 ACS 5-year period estimate; sample-based. MOE is Census-published margin of error.
2010,2006-2010,Bergen County,New Jersey,05000US34003,34,003,2006-2010 ACS 5-Year Detailed Tables,American Community Survey,survey estimate,B05006,PLACE OF BIRTH FOR THE FOREIGN-BORN POPULATION IN THE UNITED STATES,B05006_055E,Estimate!!Total!!Asia!!Eastern Asia!!Other Eastern Asia,0,123,persons,Foreign-born population excluding population born at sea,PLACE OF BIRTH FOR THE FOREIGN-BORN POPULATION IN THE UNITED STATES,https://api.census.gov/data/2010/acs/acs5/groups/B05006.html,2006-2010 ACS 5-year period estimate; sample-based. MOE is Census-published margin of error.
2010,2006-2010,Bergen County,New Jersey,05000US34003,34,003,2006-2010 ACS 5-Year Detailed Tables,American Community Survey,survey estimate,B05006,PLACE OF BIRTH FOR THE FOREIGN-BORN POPULATION IN THE UNITED STATES,B05006_056E,Estimate!!Total!!Asia!!South Central Asia,23346,1687,persons,Foreign-born population excluding population born at sea,PLACE OF BIRTH FOR THE FOREIGN-BORN POPULATION IN THE UNITED STATES,https://api.census.gov/data/2010/acs/acs5/groups/B05006.html,2006-2010 ACS 5-year period estimate; sample-based. MOE is Census-published margin of error.
2010,2006-2010,Bergen County,New Jersey,05000US34003,34,003,2006-2010 ACS 5-Year Detailed Tables,American Community Survey,survey estimate,B05006,PLACE OF BIRTH FOR THE FOREIGN-BORN POPULATION IN THE UNITED STATES,B05006_057E,Estimate!!Total!!Asia!!South Central Asia!!Afghanistan,370,184,persons,Foreign-born population excluding population born at sea,PLACE OF BIRTH FOR THE FOREIGN-BORN POPULATION IN THE UNITED STATES,https://api.census.gov/data/2010/acs/acs5/groups/B05006.html,2006-2010 ACS 5-year period estimate; sample-based. MOE is Census-published margin of error.
2010,2006-2010,Bergen County,New Jersey,05000US34003,34,003,2006-2010 ACS 5-Year Detailed Tables,American Community Survey,survey estimate,B05006,PLACE OF BIRTH FOR THE FOREIGN-BORN POPULATION IN THE UNITED STATES,B05006_058E,Estimate!!Total!!Asia!!South Central Asia!!Bangladesh,492,297,persons,Foreign-born population excluding population born at sea,PLACE OF BIRTH FOR THE FOREIGN-BORN POPULATION IN THE UNITED STATES,https://api.census.gov/data/2010/acs/acs5/groups/B05006.html,2006-2010 ACS 5-year period estimate; sample-based. MOE is Census-published margin of error.
2010,2006-2010,Bergen County,New Jersey,05000US34003,34,003,2006-2010 ACS 5-Year Detailed Tables,American Community Survey,survey estimate,B05006,PLACE OF BIRTH FOR THE FOREIGN-BORN POPULATION IN THE UNITED STATES,B05006_059E,Estimate!!Total!!Asia!!South Central Asia!!India,17890,1396,persons,Foreign-born population excluding population born at sea,PLACE OF BIRTH FOR THE FOREIGN-BORN POPULATION IN THE UNITED STATES,https://api.census.gov/data/2010/acs/acs5/groups/B05006.html,2006-2010 ACS 5-year period estimate; sample-based. MOE is Census-published margin of error.
2010,2006-2010,Bergen County,New Jersey,05000US34003,34,003,2006-2010 ACS 5-Year Detailed Tables,American Community Survey,survey estimate,B05006,PLACE OF BIRTH FOR THE FOREIGN-BORN POPULATION IN THE UNITED STATES,B05006_060E,Estimate!!Total!!Asia!!South Central Asia!!Iran,1634,349,persons,Foreign-born population excluding population born at sea,PLACE OF BIRTH FOR THE FOREIGN-BORN POPULATION IN THE UNITED STATES,https://api.census.gov/data/2010/acs/acs5/groups/B05006.html,2006-2010 ACS 5-year period estimate; sample-based. MOE is Census-published margin of error.
2010,2006-2010,Bergen County,New Jersey,05000US34003,34,003,2006-2010 ACS 5-Year Detailed Tables,American Community Survey,survey estimate,B05006,PLACE OF BIRTH FOR THE FOREIGN-BORN POPULATION IN THE UNITED STATES,B05006_061E,Estimate!!Total!!Asia!!South Central Asia!!Kazakhstan,84,73,persons,Foreign-born population excluding population born at sea,PLACE OF BIRTH FOR THE FOREIGN-BORN POPULATION IN THE UNITED STATES,https://api.census.gov/data/2010/acs/acs5/groups/B05006.html,2006-2010 ACS 5-year period estimate; sample-based. MOE is Census-published margin of error.
2010,2006-2010,Bergen County,New Jersey,05000US34003,34,003,2006-2010 ACS 5-Year Detailed Tables,American Community Survey,survey estimate,B05006,PLACE OF BIRTH FOR THE FOREIGN-BORN POPULATION IN THE UNITED STATES,B05006_062E,Estimate!!Total!!Asia!!South Central Asia!!Nepal,120,94,persons,Foreign-born population excluding population born at sea,PLACE OF BIRTH FOR THE FOREIGN-BORN POPULATION IN THE UNITED STATES,https://api.census.gov/data/2010/acs/acs5/groups/B05006.html,2006-2010 ACS 5-year period estimate; sample-based. MOE is Census-published margin of error.
2010,2006-2010,Bergen County,New Jersey,05000US34003,34,003,2006-2010 ACS 5-Year Detailed Tables,American Community Survey,survey estimate,B05006,PLACE OF BIRTH FOR THE FOREIGN-BORN POPULATION IN THE UNITED STATES,B05006_063E,Estimate!!Total!!Asia!!South Central Asia!!Pakistan,2400,627,persons,Foreign-born population excluding population born at sea,PLACE OF BIRTH FOR THE FOREIGN-BORN POPULATION IN THE UNITED STATES,https://api.census.gov/data/2010/acs/acs5/groups/B05006.html,2006-2010 ACS 5-year period estimate; sample-based. MOE is Census-published margin of error.
2010,2006-2010,Bergen County,New Jersey,05000US34003,34,003,2006-2010 ACS 5-Year Detailed Tables,American Community Survey,survey estimate,B05006,PLACE OF BIRTH FOR THE FOREIGN-BORN POPULATION IN THE UNITED STATES,B05006_064E,Estimate!!Total!!Asia!!South Central Asia!!Sri Lanka,131,92,persons,Foreign-born population excluding population born at sea,PLACE OF BIRTH FOR THE FOREIGN-BORN POPULATION IN THE UNITED STATES,https://api.census.gov/data/2010/acs/acs5/groups/B05006.html,2006-2010 ACS 5-year period estimate; sample-based. MOE is Census-published margin of error.
2010,2006-2010,Bergen County,New Jersey,05000US34003,34,003,2006-2010 ACS 5-Year Detailed Tables,American Community Survey,survey estimate,B05006,PLACE OF BIRTH FOR THE FOREIGN-BORN POPULATION IN THE UNITED STATES,B05006_065E,Estimate!!Total!!Asia!!South Central Asia!!Uzbekistan,143,88,persons,Foreign-born population excluding population born at sea,PLACE OF BIRTH FOR THE FOREIGN-BORN POPULATION IN THE UNITED STATES,https://api.census.gov/data/2010/acs/acs5/groups/B05006.html,2006-2010 ACS 5-year period estimate; sample-based. MOE is Census-published margin of error.
2010,2006-2010,Bergen County,New Jersey,05000US34003,34,003,2006-2010 ACS 5-Year Detailed Tables,American Community Survey,survey estimate,B05006,PLACE OF BIRTH FOR THE FOREIGN-BORN POPULATION IN THE UNITED STATES,B05006_066E,Estimate!!Total!!Asia!!South Central Asia!!Other South Central Asia,82,84,persons,Foreign-born population excluding population born at sea,PLACE OF BIRTH FOR THE FOREIGN-BORN POPULATION IN THE UNITED STATES,https://api.census.gov/data/2010/acs/acs5/groups/B05006.html,2006-2010 ACS 5-year period estimate; sample-based. MOE is Census-published margin of error.
2010,2006-2010,Bergen County,New Jersey,05000US34003,34,003,2006-2010 ACS 5-Year Detailed Tables,American Community Survey,survey estimate,B05006,PLACE OF BIRTH FOR THE FOREIGN-BORN POPULATION IN THE UNITED STATES,B05006_067E,Estimate!!Total!!Asia!!South Eastern Asia,16988,1384,persons,Foreign-born population excluding population born at sea,PLACE OF BIRTH FOR THE FOREIGN-BORN POPULATION IN THE UNITED STATES,https://api.census.gov/data/2010/acs/acs5/groups/B05006.html,2006-2010 ACS 5-year period estimate; sample-based. MOE is Census-published margin of error.
2010,2006-2010,Bergen County,New Jersey,05000US34003,34,003,2006-2010 ACS 5-Year Detailed Tables,American Community Survey,survey estimate,B05006,PLACE OF BIRTH FOR THE FOREIGN-BORN POPULATION IN THE UNITED STATES,B05006_068E,Estimate!!Total!!Asia!!South Eastern Asia!!Cambodia,68,67,persons,Foreign-born population excluding population born at sea,PLACE OF BIRTH FOR THE FOREIGN-BORN POPULATION IN THE UNITED STATES,https://api.census.gov/data/2010/acs/acs5/groups/B05006.html,2006-2010 ACS 5-year period estimate; sample-based. MOE is Census-published margin of error.
2010,2006-2010,Bergen County,New Jersey,05000US34003,34,003,2006-2010 ACS 5-Year Detailed Tables,American Community Survey,survey estimate,B05006,PLACE OF BIRTH FOR THE FOREIGN-BORN POPULATION IN THE UNITED STATES,B05006_069E,Estimate!!Total!!Asia!!South Eastern Asia!!Indonesia,266,171,persons,Foreign-born population excluding population born at sea,PLACE OF BIRTH FOR THE FOREIGN-BORN POPULATION IN THE UNITED STATES,https://api.census.gov/data/2010/acs/acs5/groups/B05006.html,2006-2010 ACS 5-year period estimate; sample-based. MOE is Census-published margin of error.
2010,2006-2010,Bergen County,New Jersey,05000US34003,34,003,2006-2010 ACS 5-Year Detailed Tables,American Community Survey,survey estimate,B05006,PLACE OF BIRTH FOR THE FOREIGN-BORN POPULATION IN THE UNITED STATES,B05006_070E,Estimate!!Total!!Asia!!South Eastern Asia!!Laos,17,27,persons,Foreign-born population excluding population born at sea,PLACE OF BIRTH FOR THE FOREIGN-BORN POPULATION IN THE UNITED STATES,https://api.census.gov/data/2010/acs/acs5/groups/B05006.html,2006-2010 ACS 5-year period estimate; sample-based. MOE is Census-published margin of error.
2010,2006-2010,Bergen County,New Jersey,05000US34003,34,003,2006-2010 ACS 5-Year Detailed Tables,American Community Survey,survey estimate,B05006,PLACE OF BIRTH FOR THE FOREIGN-BORN POPULATION IN THE UNITED STATES,B05006_071E,Estimate!!Total!!Asia!!South Eastern Asia!!Malaysia,241,112,persons,Foreign-born population excluding population born at sea,PLACE OF BIRTH FOR THE FOREIGN-BORN POPULATION IN THE UNITED STATES,https://api.census.gov/data/2010/acs/acs5/groups/B05006.html,2006-2010 ACS 5-year period estimate; sample-based. MOE is Census-published margin of error.
2010,2006-2010,Bergen County,New Jersey,05000US34003,34,003,2006-2010 ACS 5-Year Detailed Tables,American Community Survey,survey estimate,B05006,PLACE OF BIRTH FOR THE FOREIGN-BORN POPULATION IN THE UNITED STATES,B05006_072E,Estimate!!Total!!Asia!!South Eastern Asia!!Burma,350,194,persons,Foreign-born population excluding population born at sea,PLACE OF BIRTH FOR THE FOREIGN-BORN POPULATION IN THE UNITED STATES,https://api.census.gov/data/2010/acs/acs5/groups/B05006.html,2006-2010 ACS 5-year period estimate; sample-based. MOE is Census-published margin of error.
2010,2006-2010,Bergen County,New Jersey,05000US34003,34,003,2006-2010 ACS 5-Year Detailed Tables,American Community Survey,survey estimate,B05006,PLACE OF BIRTH FOR THE FOREIGN-BORN POPULATION IN THE UNITED STATES,B05006_073E,Estimate!!Total!!Asia!!South Eastern Asia!!Philippines,14720,1219,persons,Foreign-born population excluding population born at sea,PLACE OF BIRTH FOR THE FOREIGN-BORN POPULATION IN THE UNITED STATES,https://api.census.gov/data/2010/acs/acs5/groups/B05006.html,2006-2010 ACS 5-year period estimate; sample-based. MOE is Census-published margin of error.
2010,2006-2010,Bergen County,New Jersey,05000US34003,34,003,2006-2010 ACS 5-Year Detailed Tables,American Community Survey,survey estimate,B05006,PLACE OF BIRTH FOR THE FOREIGN-BORN POPULATION IN THE UNITED STATES,B05006_074E,Estimate!!Total!!Asia!!South Eastern Asia!!Singapore,122,71,persons,Foreign-born population excluding population born at sea,PLACE OF BIRTH FOR THE FOREIGN-BORN POPULATION IN THE UNITED STATES,https://api.census.gov/data/2010/acs/acs5/groups/B05006.html,2006-2010 ACS 5-year period estimate; sample-based. MOE is Census-published margin of error.
2010,2006-2010,Bergen County,New Jersey,05000US34003,34,003,2006-2010 ACS 5-Year Detailed Tables,American Community Survey,survey estimate,B05006,PLACE OF BIRTH FOR THE FOREIGN-BORN POPULATION IN THE UNITED STATES,B05006_075E,Estimate!!Total!!Asia!!South Eastern Asia!!Thailand,343,184,persons,Foreign-born population excluding population born at sea,PLACE OF BIRTH FOR THE FOREIGN-BORN POPULATION IN THE UNITED STATES,https://api.census.gov/data/2010/acs/acs5/groups/B05006.html,2006-2010 ACS 5-year period estimate; sample-based. MOE is Census-published margin of error.
2010,2006-2010,Bergen County,New Jersey,05000US34003,34,003,2006-2010 ACS 5-Year Detailed Tables,American Community Survey,survey estimate,B05006,PLACE OF BIRTH FOR THE FOREIGN-BORN POPULATION IN THE UNITED STATES,B05006_076E,Estimate!!Total!!Asia!!South Eastern Asia!!Vietnam,850,392,persons,Foreign-born population excluding population born at sea,PLACE OF BIRTH FOR THE FOREIGN-BORN POPULATION IN THE UNITED STATES,https://api.census.gov/data/2010/acs/acs5/groups/B05006.html,2006-2010 ACS 5-year period estimate; sample-based. MOE is Census-published margin of error.
2010,2006-2010,Bergen County,New Jersey,05000US34003,34,003,2006-2010 ACS 5-Year Detailed Tables,American Community Survey,survey estimate,B05006,PLACE OF BIRTH FOR THE FOREIGN-BORN POPULATION IN THE UNITED STATES,B05006_077E,Estimate!!Total!!Asia!!South Eastern Asia!!Other South Eastern Asia,11,19,persons,Foreign-born population excluding population born at sea,PLACE OF BIRTH FOR THE FOREIGN-BORN POPULATION IN THE UNITED STATES,https://api.census.gov/data/2010/acs/acs5/groups/B05006.html,2006-2010 ACS 5-year period estimate; sample-based. MOE is Census-published margin of error.
2010,2006-2010,Bergen County,New Jersey,05000US34003,34,003,2006-2010 ACS 5-Year Detailed Tables,American Community Survey,survey estimate,B05006,PLACE OF BIRTH FOR THE FOREIGN-BORN POPULATION IN THE UNITED STATES,B05006_078E,Estimate!!Total!!Asia!!Western Asia,13310,1269,persons,Foreign-born population excluding population born at sea,PLACE OF BIRTH FOR THE FOREIGN-BORN POPULATION IN THE UNITED STATES,https://api.census.gov/data/2010/acs/acs5/groups/B05006.html,2006-2010 ACS 5-year period estimate; sample-based. MOE is Census-published margin of error.
2010,2006-2010,Bergen County,New Jersey,05000US34003,34,003,2006-2010 ACS 5-Year Detailed Tables,American Community Survey,survey estimate,B05006,PLACE OF BIRTH FOR THE FOREIGN-BORN POPULATION IN THE UNITED STATES,B05006_079E,Estimate!!Total!!Asia!!Western Asia!!Iraq,200,179,persons,Foreign-born population excluding population born at sea,PLACE OF BIRTH FOR THE FOREIGN-BORN POPULATION IN THE UNITED STATES,https://api.census.gov/data/2010/acs/acs5/groups/B05006.html,2006-2010 ACS 5-year period estimate; sample-based. MOE is Census-published margin of error.
2010,2006-2010,Bergen County,New Jersey,05000US34003,34,003,2006-2010 ACS 5-Year Detailed Tables,American Community Survey,survey estimate,B05006,PLACE OF BIRTH FOR THE FOREIGN-BORN POPULATION IN THE UNITED STATES,B05006_080E,Estimate!!Total!!Asia!!Western Asia!!Israel,3941,633,persons,Foreign-born population excluding population born at sea,PLACE OF BIRTH FOR THE FOREIGN-BORN POPULATION IN THE UNITED STATES,https://api.census.gov/data/2010/acs/acs5/groups/B05006.html,2006-2010 ACS 5-year period estimate; sample-based. MOE is Census-published margin of error.
2010,2006-2010,Bergen County,New Jersey,05000US34003,34,003,2006-2010 ACS 5-Year Detailed Tables,American Community Survey,survey estimate,B05006,PLACE OF BIRTH FOR THE FOREIGN-BORN POPULATION IN THE UNITED STATES,B05006_081E,Estimate!!Total!!Asia!!Western Asia!!Jordan,911,337,persons,Foreign-born population excluding population born at sea,PLACE OF BIRTH FOR THE FOREIGN-BORN POPULATION IN THE UNITED STATES,https://api.census.gov/data/2010/acs/acs5/groups/B05006.html,2006-2010 ACS 5-year period estimate; sample-based. MOE is Census-published margin of error.
2010,2006-2010,Bergen County,New Jersey,05000US34003,34,003,2006-2010 ACS 5-Year Detailed Tables,American Community Survey,survey estimate,B05006,PLACE OF BIRTH FOR THE FOREIGN-BORN POPULATION IN THE UNITED STATES,B05006_082E,Estimate!!Total!!Asia!!Western Asia!!Kuwait,221,126,persons,Foreign-born population excluding population born at sea,PLACE OF BIRTH FOR THE FOREIGN-BORN POPULATION IN THE UNITED STATES,https://api.census.gov/data/2010/acs/acs5/groups/B05006.html,2006-2010 ACS 5-year period estimate; sample-based. MOE is Census-published margin of error.
2010,2006-2010,Bergen County,New Jersey,05000US34003,34,003,2006-2010 ACS 5-Year Detailed Tables,American Community Survey,survey estimate,B05006,PLACE OF BIRTH FOR THE FOREIGN-BORN POPULATION IN THE UNITED STATES,B05006_083E,Estimate!!Total!!Asia!!Western Asia!!Lebanon,1307,401,persons,Foreign-born population excluding population born at sea,PLACE OF BIRTH FOR THE FOREIGN-BORN POPULATION IN THE UNITED STATES,https://api.census.gov/data/2010/acs/acs5/groups/B05006.html,2006-2010 ACS 5-year period estimate; sample-based. MOE is Census-published margin of error.
2010,2006-2010,Bergen County,New Jersey,05000US34003,34,003,2006-2010 ACS 5-Year Detailed Tables,American Community Survey,survey estimate,B05006,PLACE OF BIRTH FOR THE FOREIGN-BORN POPULATION IN THE UNITED STATES,B05006_084E,Estimate!!Total!!Asia!!Western Asia!!Saudi Arabia,115,75,persons,Foreign-born population excluding population born at sea,PLACE OF BIRTH FOR THE FOREIGN-BORN POPULATION IN THE UNITED STATES,https://api.census.gov/data/2010/acs/acs5/groups/B05006.html,2006-2010 ACS 5-year period estimate; sample-based. MOE is Census-published margin of error.
2010,2006-2010,Bergen County,New Jersey,05000US34003,34,003,2006-2010 ACS 5-Year Detailed Tables,American Community Survey,survey estimate,B05006,PLACE OF BIRTH FOR THE FOREIGN-BORN POPULATION IN THE UNITED STATES,B05006_085E,Estimate!!Total!!Asia!!Western Asia!!Syria,2074,547,persons,Foreign-born population excluding population born at sea,PLACE OF BIRTH FOR THE FOREIGN-BORN POPULATION IN THE UNITED STATES,https://api.census.gov/data/2010/acs/acs5/groups/B05006.html,2006-2010 ACS 5-year period estimate; sample-based. MOE is Census-published margin of error.
2010,2006-2010,Bergen County,New Jersey,05000US34003,34,003,2006-2010 ACS 5-Year Detailed Tables,American Community Survey,survey estimate,B05006,PLACE OF BIRTH FOR THE FOREIGN-BORN POPULATION IN THE UNITED STATES,B05006_086E,Estimate!!Total!!Asia!!Western Asia!!Yemen,57,91,persons,Foreign-born population excluding population born at sea,PLACE OF BIRTH FOR THE FOREIGN-BORN POPULATION IN THE UNITED STATES,https://api.census.gov/data/2010/acs/acs5/groups/B05006.html,2006-2010 ACS 5-year period estimate; sample-based. MOE is Census-published margin of error.
2010,2006-2010,Bergen County,New Jersey,05000US34003,34,003,2006-2010 ACS 5-Year Detailed Tables,American Community Survey,survey estimate,B05006,PLACE OF BIRTH FOR THE FOREIGN-BORN POPULATION IN THE UNITED STATES,B05006_087E,Estimate!!Total!!Asia!!Western Asia!!Turkey,3346,551,persons,Foreign-born population excluding population born at sea,PLACE OF BIRTH FOR THE FOREIGN-BORN POPULATION IN THE UNITED STATES,https://api.census.gov/data/2010/acs/acs5/groups/B05006.html,2006-2010 ACS 5-year period estimate; sample-based. MOE is Census-published margin of error.
2010,2006-2010,Bergen County,New Jersey,05000US34003,34,003,2006-2010 ACS 5-Year Detailed Tables,American Community Survey,survey estimate,B05006,PLACE OF BIRTH FOR THE FOREIGN-BORN POPULATION IN THE UNITED STATES,B05006_088E,Estimate!!Total!!Asia!!Western Asia!!Armenia,478,249,persons,Foreign-born population excluding population born at sea,PLACE OF BIRTH FOR THE FOREIGN-BORN POPULATION IN THE UNITED STATES,https://api.census.gov/data/2010/acs/acs5/groups/B05006.html,2006-2010 ACS 5-year period estimate; sample-based. MOE is Census-published margin of error.
2010,2006-2010,Bergen County,New Jersey,05000US34003,34,003,2006-2010 ACS 5-Year Detailed Tables,American Community Survey,survey estimate,B05006,PLACE OF BIRTH FOR THE FOREIGN-BORN POPULATION IN THE UNITED STATES,B05006_089E,Estimate!!Total!!Asia!!Western Asia!!Other Western Asia,660,238,persons,Foreign-born population excluding population born at sea,PLACE OF BIRTH FOR THE FOREIGN-BORN POPULATION IN THE UNITED STATES,https://api.census.gov/data/2010/acs/acs5/groups/B05006.html,2006-2010 ACS 5-year period estimate; sample-based. MOE is Census-published margin of error.
2010,2006-2010,Bergen County,New Jersey,05000US34003,34,003,2006-2010 ACS 5-Year Detailed Tables,American Community Survey,survey estimate,B05006,PLACE OF BIRTH FOR THE FOREIGN-BORN POPULATION IN THE UNITED STATES,B05006_090E,"Estimate!!Total!!Asia!!Asia,n.e.c.",116,91,persons,Foreign-born population excluding population born at sea,PLACE OF BIRTH FOR THE FOREIGN-BORN POPULATION IN THE UNITED STATES,https://api.census.gov/data/2010/acs/acs5/groups/B05006.html,2006-2010 ACS 5-year period estimate; sample-based. MOE is Census-published margin of error.
2010,2006-2010,Bergen County,New Jersey,05000US34003,34,003,2006-2010 ACS 5-Year Detailed Tables,American Community Survey,survey estimate,B05006,PLACE OF BIRTH FOR THE FOREIGN-BORN POPULATION IN THE UNITED STATES,B05006_091E,Estimate!!Total!!Africa,6125,799,persons,Foreign-born population excluding population born at sea,PLACE OF BIRTH FOR THE FOREIGN-BORN POPULATION IN THE UNITED STATES,https://api.census.gov/data/2010/acs/acs5/groups/B05006.html,2006-2010 ACS 5-year period estimate; sample-based. MOE is Census-published margin of error.
2010,2006-2010,Bergen County,New Jersey,05000US34003,34,003,2006-2010 ACS 5-Year Detailed Tables,American Community Survey,survey estimate,B05006,PLACE OF BIRTH FOR THE FOREIGN-BORN POPULATION IN THE UNITED STATES,B05006_092E,Estimate!!Total!!Africa!!Eastern Africa,580,190,persons,Foreign-born population excluding population born at sea,PLACE OF BIRTH FOR THE FOREIGN-BORN POPULATION IN THE UNITED STATES,https://api.census.gov/data/2010/acs/acs5/groups/B05006.html,2006-2010 ACS 5-year period estimate; sample-based. MOE is Census-published margin of error.
2010,2006-2010,Bergen County,New Jersey,05000US34003,34,003,2006-2010 ACS 5-Year Detailed Tables,American Community Survey,survey estimate,B05006,PLACE OF BIRTH FOR THE FOREIGN-BORN POPULATION IN THE UNITED STATES,B05006_093E,Estimate!!Total!!Africa!!Eastern Africa!!Eritrea,0,123,persons,Foreign-born population excluding population born at sea,PLACE OF BIRTH FOR THE FOREIGN-BORN POPULATION IN THE UNITED STATES,https://api.census.gov/data/2010/acs/acs5/groups/B05006.html,2006-2010 ACS 5-year period estimate; sample-based. MOE is Census-published margin of error.
2010,2006-2010,Bergen County,New Jersey,05000US34003,34,003,2006-2010 ACS 5-Year Detailed Tables,American Community Survey,survey estimate,B05006,PLACE OF BIRTH FOR THE FOREIGN-BORN POPULATION IN THE UNITED STATES,B05006_094E,Estimate!!Total!!Africa!!Eastern Africa!!Ethiopia,133,93,persons,Foreign-born population excluding population born at sea,PLACE OF BIRTH FOR THE FOREIGN-BORN POPULATION IN THE UNITED STATES,https://api.census.gov/data/2010/acs/acs5/groups/B05006.html,2006-2010 ACS 5-year period estimate; sample-based. MOE is Census-published margin of error.
2010,2006-2010,Bergen County,New Jersey,05000US34003,34,003,2006-2010 ACS 5-Year Detailed Tables,American Community Survey,survey estimate,B05006,PLACE OF BIRTH FOR THE FOREIGN-BORN POPULATION IN THE UNITED STATES,B05006_095E,Estimate!!Total!!Africa!!Eastern Africa!!Kenya,168,100,persons,Foreign-born population excluding population born at sea,PLACE OF BIRTH FOR THE FOREIGN-BORN POPULATION IN THE UNITED STATES,https://api.census.gov/data/2010/acs/acs5/groups/B05006.html,2006-2010 ACS 5-year period estimate; sample-based. MOE is Census-published margin of error.
2010,2006-2010,Bergen County,New Jersey,05000US34003,34,003,2006-2010 ACS 5-Year Detailed Tables,American Community Survey,survey estimate,B05006,PLACE OF BIRTH FOR THE FOREIGN-BORN POPULATION IN THE UNITED STATES,B05006_096E,Estimate!!Total!!Africa!!Eastern Africa!!Other Eastern Africa,279,127,persons,Foreign-born population excluding population born at sea,PLACE OF BIRTH FOR THE FOREIGN-BORN POPULATION IN THE UNITED STATES,https://api.census.gov/data/2010/acs/acs5/groups/B05006.html,2006-2010 ACS 5-year period estimate; sample-based. MOE is Census-published margin of error.
2010,2006-2010,Bergen County,New Jersey,05000US34003,34,003,2006-2010 ACS 5-Year Detailed Tables,American Community Survey,survey estimate,B05006,PLACE OF BIRTH FOR THE FOREIGN-BORN POPULATION IN THE UNITED STATES,B05006_097E,Estimate!!Total!!Africa!!Middle Africa,64,75,persons,Foreign-born population excluding population born at sea,PLACE OF BIRTH FOR THE FOREIGN-BORN POPULATION IN THE UNITED STATES,https://api.census.gov/data/2010/acs/acs5/groups/B05006.html,2006-2010 ACS 5-year period estimate; sample-based. MOE is Census-published margin of error.
2010,2006-2010,Bergen County,New Jersey,05000US34003,34,003,2006-2010 ACS 5-Year Detailed Tables,American Community Survey,survey estimate,B05006,PLACE OF BIRTH FOR THE FOREIGN-BORN POPULATION IN THE UNITED STATES,B05006_098E,Estimate!!Total!!Africa!!Middle Africa!!Cameroon,42,69,persons,Foreign-born population excluding population born at sea,PLACE OF BIRTH FOR THE FOREIGN-BORN POPULATION IN THE UNITED STATES,https://api.census.gov/data/2010/acs/acs5/groups/B05006.html,2006-2010 ACS 5-year period estimate; sample-based. MOE is Census-published margin of error.
2010,2006-2010,Bergen County,New Jersey,05000US34003,34,003,2006-2010 ACS 5-Year Detailed Tables,American Community Survey,survey estimate,B05006,PLACE OF BIRTH FOR THE FOREIGN-BORN POPULATION IN THE UNITED STATES,B05006_099E,Estimate!!Total!!Africa!!Middle Africa!!Other Middle Africa,22,26,persons,Foreign-born population excluding population born at sea,PLACE OF BIRTH FOR THE FOREIGN-BORN POPULATION IN THE UNITED STATES,https://api.census.gov/data/2010/acs/acs5/groups/B05006.html,2006-2010 ACS 5-year period estimate; sample-based. MOE is Census-published margin of error.
2010,2006-2010,Bergen County,New Jersey,05000US34003,34,003,2006-2010 ACS 5-Year Detailed Tables,American Community Survey,survey estimate,B05006,PLACE OF BIRTH FOR THE FOREIGN-BORN POPULATION IN THE UNITED STATES,B05006_100E,Estimate!!Total!!Africa!!Northern Africa,3186,616,persons,Foreign-born population excluding population born at sea,PLACE OF BIRTH FOR THE FOREIGN-BORN POPULATION IN THE UNITED STATES,https://api.census.gov/data/2010/acs/acs5/groups/B05006.html,2006-2010 ACS 5-year period estimate; sample-based. MOE is Census-published margin of error.
2010,2006-2010,Bergen County,New Jersey,05000US34003,34,003,2006-2010 ACS 5-Year Detailed Tables,American Community Survey,survey estimate,B05006,PLACE OF BIRTH FOR THE FOREIGN-BORN POPULATION IN THE UNITED STATES,B05006_101E,Estimate!!Total!!Africa!!Northern Africa!!Egypt,2624,539,persons,Foreign-born population excluding population born at sea,PLACE OF BIRTH FOR THE FOREIGN-BORN POPULATION IN THE UNITED STATES,https://api.census.gov/data/2010/acs/acs5/groups/B05006.html,2006-2010 ACS 5-year period estimate; sample-based. MOE is Census-published margin of error.
2010,2006-2010,Bergen County,New Jersey,05000US34003,34,003,2006-2010 ACS 5-Year Detailed Tables,American Community Survey,survey estimate,B05006,PLACE OF BIRTH FOR THE FOREIGN-BORN POPULATION IN THE UNITED STATES,B05006_102E,Estimate!!Total!!Africa!!Northern Africa!!Morocco,295,148,persons,Foreign-born population excluding population born at sea,PLACE OF BIRTH FOR THE FOREIGN-BORN POPULATION IN THE UNITED STATES,https://api.census.gov/data/2010/acs/acs5/groups/B05006.html,2006-2010 ACS 5-year period estimate; sample-based. MOE is Census-published margin of error.
2010,2006-2010,Bergen County,New Jersey,05000US34003,34,003,2006-2010 ACS 5-Year Detailed Tables,American Community Survey,survey estimate,B05006,PLACE OF BIRTH FOR THE FOREIGN-BORN POPULATION IN THE UNITED STATES,B05006_103E,Estimate!!Total!!Africa!!Northern Africa!!Sudan,28,26,persons,Foreign-born population excluding population born at sea,PLACE OF BIRTH FOR THE FOREIGN-BORN POPULATION IN THE UNITED STATES,https://api.census.gov/data/2010/acs/acs5/groups/B05006.html,2006-2010 ACS 5-year period estimate; sample-based. MOE is Census-published margin of error.
2010,2006-2010,Bergen County,New Jersey,05000US34003,34,003,2006-2010 ACS 5-Year Detailed Tables,American Community Survey,survey estimate,B05006,PLACE OF BIRTH FOR THE FOREIGN-BORN POPULATION IN THE UNITED STATES,B05006_104E,Estimate!!Total!!Africa!!Northern Africa!!Other Northern Africa,239,119,persons,Foreign-born population excluding population born at sea,PLACE OF BIRTH FOR THE FOREIGN-BORN POPULATION IN THE UNITED STATES,https://api.census.gov/data/2010/acs/acs5/groups/B05006.html,2006-2010 ACS 5-year period estimate; sample-based. MOE is Census-published margin of error.
2010,2006-2010,Bergen County,New Jersey,05000US34003,34,003,2006-2010 ACS 5-Year Detailed Tables,American Community Survey,survey estimate,B05006,PLACE OF BIRTH FOR THE FOREIGN-BORN POPULATION IN THE UNITED STATES,B05006_105E,Estimate!!Total!!Africa!!Southern Africa,421,126,persons,Foreign-born population excluding population born at sea,PLACE OF BIRTH FOR THE FOREIGN-BORN POPULATION IN THE UNITED STATES,https://api.census.gov/data/2010/acs/acs5/groups/B05006.html,2006-2010 ACS 5-year period estimate; sample-based. MOE is Census-published margin of error.
2010,2006-2010,Bergen County,New Jersey,05000US34003,34,003,2006-2010 ACS 5-Year Detailed Tables,American Community Survey,survey estimate,B05006,PLACE OF BIRTH FOR THE FOREIGN-BORN POPULATION IN THE UNITED STATES,B05006_106E,Estimate!!Total!!Africa!!Southern Africa!!South Africa,410,127,persons,Foreign-born population excluding population born at sea,PLACE OF BIRTH FOR THE FOREIGN-BORN POPULATION IN THE UNITED STATES,https://api.census.gov/data/2010/acs/acs5/groups/B05006.html,2006-2010 ACS 5-year period estimate; sample-based. MOE is Census-published margin of error.
2010,2006-2010,Bergen County,New Jersey,05000US34003,34,003,2006-2010 ACS 5-Year Detailed Tables,American Community Survey,survey estimate,B05006,PLACE OF BIRTH FOR THE FOREIGN-BORN POPULATION IN THE UNITED STATES,B05006_107E,Estimate!!Total!!Africa!!Southern Africa!!Other Southern Africa,11,17,persons,Foreign-born population excluding population born at sea,PLACE OF BIRTH FOR THE FOREIGN-BORN POPULATION IN THE UNITED STATES,https://api.census.gov/data/2010/acs/acs5/groups/B05006.html,2006-2010 ACS 5-year period estimate; sample-based. MOE is Census-published margin of error.
2010,2006-2010,Bergen County,New Jersey,05000US34003,34,003,2006-2010 ACS 5-Year Detailed Tables,American Community Survey,survey estimate,B05006,PLACE OF BIRTH FOR THE FOREIGN-BORN POPULATION IN THE UNITED STATES,B05006_108E,Estimate!!Total!!Africa!!Western Africa,1398,366,persons,Foreign-born population excluding population born at sea,PLACE OF BIRTH FOR THE FOREIGN-BORN POPULATION IN THE UNITED STATES,https://api.census.gov/data/2010/acs/acs5/groups/B05006.html,2006-2010 ACS 5-year period estimate; sample-based. MOE is Census-published margin of error.
2010,2006-2010,Bergen County,New Jersey,05000US34003,34,003,2006-2010 ACS 5-Year Detailed Tables,American Community Survey,survey estimate,B05006,PLACE OF BIRTH FOR THE FOREIGN-BORN POPULATION IN THE UNITED STATES,B05006_109E,Estimate!!Total!!Africa!!Western Africa!!Cape Verde,101,110,persons,Foreign-born population excluding population born at sea,PLACE OF BIRTH FOR THE FOREIGN-BORN POPULATION IN THE UNITED STATES,https://api.census.gov/data/2010/acs/acs5/groups/B05006.html,2006-2010 ACS 5-year period estimate; sample-based. MOE is Census-published margin of error.
2010,2006-2010,Bergen County,New Jersey,05000US34003,34,003,2006-2010 ACS 5-Year Detailed Tables,American Community Survey,survey estimate,B05006,PLACE OF BIRTH FOR THE FOREIGN-BORN POPULATION IN THE UNITED STATES,B05006_110E,Estimate!!Total!!Africa!!Western Africa!!Ghana,487,165,persons,Foreign-born population excluding population born at sea,PLACE OF BIRTH FOR THE FOREIGN-BORN POPULATION IN THE UNITED STATES,https://api.census.gov/data/2010/acs/acs5/groups/B05006.html,2006-2010 ACS 5-year period estimate; sample-based. MOE is Census-published margin of error.
2010,2006-2010,Bergen County,New Jersey,05000US34003,34,003,2006-2010 ACS 5-Year Detailed Tables,American Community Survey,survey estimate,B05006,PLACE OF BIRTH FOR THE FOREIGN-BORN POPULATION IN THE UNITED STATES,B05006_111E,Estimate!!Total!!Africa!!Western Africa!!Liberia,71,58,persons,Foreign-born population excluding population born at sea,PLACE OF BIRTH FOR THE FOREIGN-BORN POPULATION IN THE UNITED STATES,https://api.census.gov/data/2010/acs/acs5/groups/B05006.html,2006-2010 ACS 5-year period estimate; sample-based. MOE is Census-published margin of error.
2010,2006-2010,Bergen County,New Jersey,05000US34003,34,003,2006-2010 ACS 5-Year Detailed Tables,American Community Survey,survey estimate,B05006,PLACE OF BIRTH FOR THE FOREIGN-BORN POPULATION IN THE UNITED STATES,B05006_112E,Estimate!!Total!!Africa!!Western Africa!!Nigeria,371,218,persons,Foreign-born population excluding population born at sea,PLACE OF BIRTH FOR THE FOREIGN-BORN POPULATION IN THE UNITED STATES,https://api.census.gov/data/2010/acs/acs5/groups/B05006.html,2006-2010 ACS 5-year period estimate; sample-based. MOE is Census-published margin of error.
2010,2006-2010,Bergen County,New Jersey,05000US34003,34,003,2006-2010 ACS 5-Year Detailed Tables,American Community Survey,survey estimate,B05006,PLACE OF BIRTH FOR THE FOREIGN-BORN POPULATION IN THE UNITED STATES,B05006_113E,Estimate!!Total!!Africa!!Western Africa!!Sierra Leone,104,92,persons,Foreign-born population excluding population born at sea,PLACE OF BIRTH FOR THE FOREIGN-BORN POPULATION IN THE UNITED STATES,https://api.census.gov/data/2010/acs/acs5/groups/B05006.html,2006-2010 ACS 5-year period estimate; sample-based. MOE is Census-published margin of error.
2010,2006-2010,Bergen County,New Jersey,05000US34003,34,003,2006-2010 ACS 5-Year Detailed Tables,American Community Survey,survey estimate,B05006,PLACE OF BIRTH FOR THE FOREIGN-BORN POPULATION IN THE UNITED STATES,B05006_114E,Estimate!!Total!!Africa!!Western Africa!!Other Western Africa,264,204,persons,Foreign-born population excluding population born at sea,PLACE OF BIRTH FOR THE FOREIGN-BORN POPULATION IN THE UNITED STATES,https://api.census.gov/data/2010/acs/acs5/groups/B05006.html,2006-2010 ACS 5-year period estimate; sample-based. MOE is Census-published margin of error.
2010,2006-2010,Bergen County,New Jersey,05000US34003,34,003,2006-2010 ACS 5-Year Detailed Tables,American Community Survey,survey estimate,B05006,PLACE OF BIRTH FOR THE FOREIGN-BORN POPULATION IN THE UNITED STATES,B05006_115E,"Estimate!!Total!!Africa!!Africa, n.e.c.",476,280,persons,Foreign-born population excluding population born at sea,PLACE OF BIRTH FOR THE FOREIGN-BORN POPULATION IN THE UNITED STATES,https://api.census.gov/data/2010/acs/acs5/groups/B05006.html,2006-2010 ACS 5-year period estimate; sample-based. MOE is Census-published margin of error.
2010,2006-2010,Bergen County,New Jersey,05000US34003,34,003,2006-2010 ACS 5-Year Detailed Tables,American Community Survey,survey estimate,B05006,PLACE OF BIRTH FOR THE FOREIGN-BORN POPULATION IN THE UNITED STATES,B05006_116E,Estimate!!Total!!Oceania,270,109,persons,Foreign-born population excluding population born at sea,PLACE OF BIRTH FOR THE FOREIGN-BORN POPULATION IN THE UNITED STATES,https://api.census.gov/data/2010/acs/acs5/groups/B05006.html,2006-2010 ACS 5-year period estimate; sample-based. MOE is Census-published margin of error.
2010,2006-2010,Bergen County,New Jersey,05000US34003,34,003,2006-2010 ACS 5-Year Detailed Tables,American Community Survey,survey estimate,B05006,PLACE OF BIRTH FOR THE FOREIGN-BORN POPULATION IN THE UNITED STATES,B05006_117E,Estimate!!Total!!Oceania!!Australia and New Zealand Subregion,258,107,persons,Foreign-born population excluding population born at sea,PLACE OF BIRTH FOR THE FOREIGN-BORN POPULATION IN THE UNITED STATES,https://api.census.gov/data/2010/acs/acs5/groups/B05006.html,2006-2010 ACS 5-year period estimate; sample-based. MOE is Census-published margin of error.
2010,2006-2010,Bergen County,New Jersey,05000US34003,34,003,2006-2010 ACS 5-Year Detailed Tables,American Community Survey,survey estimate,B05006,PLACE OF BIRTH FOR THE FOREIGN-BORN POPULATION IN THE UNITED STATES,B05006_118E,Estimate!!Total!!Oceania!!Australia and New Zealand Subregion!!Australia,192,89,persons,Foreign-born population excluding population born at sea,PLACE OF BIRTH FOR THE FOREIGN-BORN POPULATION IN THE UNITED STATES,https://api.census.gov/data/2010/acs/acs5/groups/B05006.html,2006-2010 ACS 5-year period estimate; sample-based. MOE is Census-published margin of error.
2010,2006-2010,Bergen County,New Jersey,05000US34003,34,003,2006-2010 ACS 5-Year Detailed Tables,American Community Survey,survey estimate,B05006,PLACE OF BIRTH FOR THE FOREIGN-BORN POPULATION IN THE UNITED STATES,B05006_119E,Estimate!!Total!!Oceania!!Australia and New Zealand Subregion!!Other Australian and New Zealand Subregion,66,60,persons,Foreign-born population excluding population born at sea,PLACE OF BIRTH FOR THE FOREIGN-BORN POPULATION IN THE UNITED STATES,https://api.census.gov/data/2010/acs/acs5/groups/B05006.html,2006-2010 ACS 5-year period estimate; sample-based. MOE is Census-published margin of error.
2010,2006-2010,Bergen County,New Jersey,05000US34003,34,003,2006-2010 ACS 5-Year Detailed Tables,American Community Survey,survey estimate,B05006,PLACE OF BIRTH FOR THE FOREIGN-BORN POPULATION IN THE UNITED STATES,B05006_120E,Estimate!!Total!!Oceania!!Fiji,0,123,persons,Foreign-born population excluding population born at sea,PLACE OF BIRTH FOR THE FOREIGN-BORN POPULATION IN THE UNITED STATES,https://api.census.gov/data/2010/acs/acs5/groups/B05006.html,2006-2010 ACS 5-year period estimate; sample-based. MOE is Census-published margin of error.
2010,2006-2010,Bergen County,New Jersey,05000US34003,34,003,2006-2010 ACS 5-Year Detailed Tables,American Community Survey,survey estimate,B05006,PLACE OF BIRTH FOR THE FOREIGN-BORN POPULATION IN THE UNITED STATES,B05006_121E,"Estimate!!Total!!Oceania!!Oceania, n.e.c.",12,19,persons,Foreign-born population excluding population born at sea,PLACE OF BIRTH FOR THE FOREIGN-BORN POPULATION IN THE UNITED STATES,https://api.census.gov/data/2010/acs/acs5/groups/B05006.html,2006-2010 ACS 5-year period estimate; sample-based. MOE is Census-published margin of error.
2010,2006-2010,Bergen County,New Jersey,05000US34003,34,003,2006-2010 ACS 5-Year Detailed Tables,American Community Survey,survey estimate,B05006,PLACE OF BIRTH FOR THE FOREIGN-BORN POPULATION IN THE UNITED STATES,B05006_122E,Estimate!!Total!!Americas,78138,2382,persons,Foreign-born population excluding population born at sea,PLACE OF BIRTH FOR THE FOREIGN-BORN POPULATION IN THE UNITED STATES,https://api.census.gov/data/2010/acs/acs5/groups/B05006.html,2006-2010 ACS 5-year period estimate; sample-based. MOE is Census-published margin of error.
2010,2006-2010,Bergen County,New Jersey,05000US34003,34,003,2006-2010 ACS 5-Year Detailed Tables,American Community Survey,survey estimate,B05006,PLACE OF BIRTH FOR THE FOREIGN-BORN POPULATION IN THE UNITED STATES,B05006_123E,Estimate!!Total!!Americas!!Latin America,75922,2316,persons,Foreign-born population excluding population born at sea,PLACE OF BIRTH FOR THE FOREIGN-BORN POPULATION IN THE UNITED STATES,https://api.census.gov/data/2010/acs/acs5/groups/B05006.html,2006-2010 ACS 5-year period estimate; sample-based. MOE is Census-published margin of error.
2010,2006-2010,Bergen County,New Jersey,05000US34003,34,003,2006-2010 ACS 5-Year Detailed Tables,American Community Survey,survey estimate,B05006,PLACE OF BIRTH FOR THE FOREIGN-BORN POPULATION IN THE UNITED STATES,B05006_124E,Estimate!!Total!!Americas!!Latin America!!Caribbean,24649,1553,persons,Foreign-born population excluding population born at sea,PLACE OF BIRTH FOR THE FOREIGN-BORN POPULATION IN THE UNITED STATES,https://api.census.gov/data/2010/acs/acs5/groups/B05006.html,2006-2010 ACS 5-year period estimate; sample-based. MOE is Census-published margin of error.
2010,2006-2010,Bergen County,New Jersey,05000US34003,34,003,2006-2010 ACS 5-Year Detailed Tables,American Community Survey,survey estimate,B05006,PLACE OF BIRTH FOR THE FOREIGN-BORN POPULATION IN THE UNITED STATES,B05006_125E,Estimate!!Total!!Americas!!Latin America!!Caribbean!!Bahamas,0,123,persons,Foreign-born population excluding population born at sea,PLACE OF BIRTH FOR THE FOREIGN-BORN POPULATION IN THE UNITED STATES,https://api.census.gov/data/2010/acs/acs5/groups/B05006.html,2006-2010 ACS 5-year period estimate; sample-based. MOE is Census-published margin of error.
2010,2006-2010,Bergen County,New Jersey,05000US34003,34,003,2006-2010 ACS 5-Year Detailed Tables,American Community Survey,survey estimate,B05006,PLACE OF BIRTH FOR THE FOREIGN-BORN POPULATION IN THE UNITED STATES,B05006_126E,Estimate!!Total!!Americas!!Latin America!!Caribbean!!Barbados,341,203,persons,Foreign-born population excluding population born at sea,PLACE OF BIRTH FOR THE FOREIGN-BORN POPULATION IN THE UNITED STATES,https://api.census.gov/data/2010/acs/acs5/groups/B05006.html,2006-2010 ACS 5-year period estimate; sample-based. MOE is Census-published margin of error.
2010,2006-2010,Bergen County,New Jersey,05000US34003,34,003,2006-2010 ACS 5-Year Detailed Tables,American Community Survey,survey estimate,B05006,PLACE OF BIRTH FOR THE FOREIGN-BORN POPULATION IN THE UNITED STATES,B05006_127E,Estimate!!Total!!Americas!!Latin America!!Caribbean!!Cuba,5823,625,persons,Foreign-born population excluding population born at sea,PLACE OF BIRTH FOR THE FOREIGN-BORN POPULATION IN THE UNITED STATES,https://api.census.gov/data/2010/acs/acs5/groups/B05006.html,2006-2010 ACS 5-year period estimate; sample-based. MOE is Census-published margin of error.
2010,2006-2010,Bergen County,New Jersey,05000US34003,34,003,2006-2010 ACS 5-Year Detailed Tables,American Community Survey,survey estimate,B05006,PLACE OF BIRTH FOR THE FOREIGN-BORN POPULATION IN THE UNITED STATES,B05006_128E,Estimate!!Total!!Americas!!Latin America!!Caribbean!!Dominica,564,288,persons,Foreign-born population excluding population born at sea,PLACE OF BIRTH FOR THE FOREIGN-BORN POPULATION IN THE UNITED STATES,https://api.census.gov/data/2010/acs/acs5/groups/B05006.html,2006-2010 ACS 5-year period estimate; sample-based. MOE is Census-published margin of error.
2010,2006-2010,Bergen County,New Jersey,05000US34003,34,003,2006-2010 ACS 5-Year Detailed Tables,American Community Survey,survey estimate,B05006,PLACE OF BIRTH FOR THE FOREIGN-BORN POPULATION IN THE UNITED STATES,B05006_129E,Estimate!!Total!!Americas!!Latin America!!Caribbean!!Dominican Republic,11216,1251,persons,Foreign-born population excluding population born at sea,PLACE OF BIRTH FOR THE FOREIGN-BORN POPULATION IN THE UNITED STATES,https://api.census.gov/data/2010/acs/acs5/groups/B05006.html,2006-2010 ACS 5-year period estimate; sample-based. MOE is Census-published margin of error.
2010,2006-2010,Bergen County,New Jersey,05000US34003,34,003,2006-2010 ACS 5-Year Detailed Tables,American Community Survey,survey estimate,B05006,PLACE OF BIRTH FOR THE FOREIGN-BORN POPULATION IN THE UNITED STATES,B05006_130E,Estimate!!Total!!Americas!!Latin America!!Caribbean!!Grenada,108,91,persons,Foreign-born population excluding population born at sea,PLACE OF BIRTH FOR THE FOREIGN-BORN POPULATION IN THE UNITED STATES,https://api.census.gov/data/2010/acs/acs5/groups/B05006.html,2006-2010 ACS 5-year period estimate; sample-based. MOE is Census-published margin of error.
2010,2006-2010,Bergen County,New Jersey,05000US34003,34,003,2006-2010 ACS 5-Year Detailed Tables,American Community Survey,survey estimate,B05006,PLACE OF BIRTH FOR THE FOREIGN-BORN POPULATION IN THE UNITED STATES,B05006_131E,Estimate!!Total!!Americas!!Latin America!!Caribbean!!Haiti,888,258,persons,Foreign-born population excluding population born at sea,PLACE OF BIRTH FOR THE FOREIGN-BORN POPULATION IN THE UNITED STATES,https://api.census.gov/data/2010/acs/acs5/groups/B05006.html,2006-2010 ACS 5-year period estimate; sample-based. MOE is Census-published margin of error.
2010,2006-2010,Bergen County,New Jersey,05000US34003,34,003,2006-2010 ACS 5-Year Detailed Tables,American Community Survey,survey estimate,B05006,PLACE OF BIRTH FOR THE FOREIGN-BORN POPULATION IN THE UNITED STATES,B05006_132E,Estimate!!Total!!Americas!!Latin America!!Caribbean!!Jamaica,4063,724,persons,Foreign-born population excluding population born at sea,PLACE OF BIRTH FOR THE FOREIGN-BORN POPULATION IN THE UNITED STATES,https://api.census.gov/data/2010/acs/acs5/groups/B05006.html,2006-2010 ACS 5-year period estimate; sample-based. MOE is Census-published margin of error.
2010,2006-2010,Bergen County,New Jersey,05000US34003,34,003,2006-2010 ACS 5-Year Detailed Tables,American Community Survey,survey estimate,B05006,PLACE OF BIRTH FOR THE FOREIGN-BORN POPULATION IN THE UNITED STATES,B05006_133E,Estimate!!Total!!Americas!!Latin America!!Caribbean!!St. Vincent and the Grenadines,123,98,persons,Foreign-born population excluding population born at sea,PLACE OF BIRTH FOR THE FOREIGN-BORN POPULATION IN THE UNITED STATES,https://api.census.gov/data/2010/acs/acs5/groups/B05006.html,2006-2010 ACS 5-year period estimate; sample-based. MOE is Census-published margin of error.
2010,2006-2010,Bergen County,New Jersey,05000US34003,34,003,2006-2010 ACS 5-Year Detailed Tables,American Community Survey,survey estimate,B05006,PLACE OF BIRTH FOR THE FOREIGN-BORN POPULATION IN THE UNITED STATES,B05006_134E,Estimate!!Total!!Americas!!Latin America!!Caribbean!!Trinidad and Tobago,1086,307,persons,Foreign-born population excluding population born at sea,PLACE OF BIRTH FOR THE FOREIGN-BORN POPULATION IN THE UNITED STATES,https://api.census.gov/data/2010/acs/acs5/groups/B05006.html,2006-2010 ACS 5-year period estimate; sample-based. MOE is Census-published margin of error.
2010,2006-2010,Bergen County,New Jersey,05000US34003,34,003,2006-2010 ACS 5-Year Detailed Tables,American Community Survey,survey estimate,B05006,PLACE OF BIRTH FOR THE FOREIGN-BORN POPULATION IN THE UNITED STATES,B05006_135E,Estimate!!Total!!Americas!!Latin America!!Caribbean!!West Indies,152,134,persons,Foreign-born population excluding population born at sea,PLACE OF BIRTH FOR THE FOREIGN-BORN POPULATION IN THE UNITED STATES,https://api.census.gov/data/2010/acs/acs5/groups/B05006.html,2006-2010 ACS 5-year period estimate; sample-based. MOE is Census-published margin of error.
2010,2006-2010,Bergen County,New Jersey,05000US34003,34,003,2006-2010 ACS 5-Year Detailed Tables,American Community Survey,survey estimate,B05006,PLACE OF BIRTH FOR THE FOREIGN-BORN POPULATION IN THE UNITED STATES,B05006_136E,Estimate!!Total!!Americas!!Latin America!!Caribbean!!Other Caribbean,285,168,persons,Foreign-born population excluding population born at sea,PLACE OF BIRTH FOR THE FOREIGN-BORN POPULATION IN THE UNITED STATES,https://api.census.gov/data/2010/acs/acs5/groups/B05006.html,2006-2010 ACS 5-year period estimate; sample-based. MOE is Census-published margin of error.
2010,2006-2010,Bergen County,New Jersey,05000US34003,34,003,2006-2010 ACS 5-Year Detailed Tables,American Community Survey,survey estimate,B05006,PLACE OF BIRTH FOR THE FOREIGN-BORN POPULATION IN THE UNITED STATES,B05006_137E,Estimate!!Total!!Americas!!Latin America!!Central America,16539,1666,persons,Foreign-born population excluding population born at sea,PLACE OF BIRTH FOR THE FOREIGN-BORN POPULATION IN THE UNITED STATES,https://api.census.gov/data/2010/acs/acs5/groups/B05006.html,2006-2010 ACS 5-year period estimate; sample-based. MOE is Census-published margin of error.
2010,2006-2010,Bergen County,New Jersey,05000US34003,34,003,2006-2010 ACS 5-Year Detailed Tables,American Community Survey,survey estimate,B05006,PLACE OF BIRTH FOR THE FOREIGN-BORN POPULATION IN THE UNITED STATES,B05006_138E,Estimate!!Total!!Americas!!Latin America!!Central America!!Mexico,4413,868,persons,Foreign-born population excluding population born at sea,PLACE OF BIRTH FOR THE FOREIGN-BORN POPULATION IN THE UNITED STATES,https://api.census.gov/data/2010/acs/acs5/groups/B05006.html,2006-2010 ACS 5-year period estimate; sample-based. MOE is Census-published margin of error.
2010,2006-2010,Bergen County,New Jersey,05000US34003,34,003,2006-2010 ACS 5-Year Detailed Tables,American Community Survey,survey estimate,B05006,PLACE OF BIRTH FOR THE FOREIGN-BORN POPULATION IN THE UNITED STATES,B05006_139E,Estimate!!Total!!Americas!!Latin America!!Central America!!Belize,142,137,persons,Foreign-born population excluding population born at sea,PLACE OF BIRTH FOR THE FOREIGN-BORN POPULATION IN THE UNITED STATES,https://api.census.gov/data/2010/acs/acs5/groups/B05006.html,2006-2010 ACS 5-year period estimate; sample-based. MOE is Census-published margin of error.
2010,2006-2010,Bergen County,New Jersey,05000US34003,34,003,2006-2010 ACS 5-Year Detailed Tables,American Community Survey,survey estimate,B05006,PLACE OF BIRTH FOR THE FOREIGN-BORN POPULATION IN THE UNITED STATES,B05006_140E,Estimate!!Total!!Americas!!Latin America!!Central America!!Costa Rica,1517,544,persons,Foreign-born population excluding population born at sea,PLACE OF BIRTH FOR THE FOREIGN-BORN POPULATION IN THE UNITED STATES,https://api.census.gov/data/2010/acs/acs5/groups/B05006.html,2006-2010 ACS 5-year period estimate; sample-based. MOE is Census-published margin of error.
2010,2006-2010,Bergen County,New Jersey,05000US34003,34,003,2006-2010 ACS 5-Year Detailed Tables,American Community Survey,survey estimate,B05006,PLACE OF BIRTH FOR THE FOREIGN-BORN POPULATION IN THE UNITED STATES,B05006_141E,Estimate!!Total!!Americas!!Latin America!!Central America!!El Salvador,4402,1029,persons,Foreign-born population excluding population born at sea,PLACE OF BIRTH FOR THE FOREIGN-BORN POPULATION IN THE UNITED STATES,https://api.census.gov/data/2010/acs/acs5/groups/B05006.html,2006-2010 ACS 5-year period estimate; sample-based. MOE is Census-published margin of error.
2010,2006-2010,Bergen County,New Jersey,05000US34003,34,003,2006-2010 ACS 5-Year Detailed Tables,American Community Survey,survey estimate,B05006,PLACE OF BIRTH FOR THE FOREIGN-BORN POPULATION IN THE UNITED STATES,B05006_142E,Estimate!!Total!!Americas!!Latin America!!Central America!!Guatemala,4241,972,persons,Foreign-born population excluding population born at sea,PLACE OF BIRTH FOR THE FOREIGN-BORN POPULATION IN THE UNITED STATES,https://api.census.gov/data/2010/acs/acs5/groups/B05006.html,2006-2010 ACS 5-year period estimate; sample-based. MOE is Census-published margin of error.
2010,2006-2010,Bergen County,New Jersey,05000US34003,34,003,2006-2010 ACS 5-Year Detailed Tables,American Community Survey,survey estimate,B05006,PLACE OF BIRTH FOR THE FOREIGN-BORN POPULATION IN THE UNITED STATES,B05006_143E,Estimate!!Total!!Americas!!Latin America!!Central America!!Honduras,1290,370,persons,Foreign-born population excluding population born at sea,PLACE OF BIRTH FOR THE FOREIGN-BORN POPULATION IN THE UNITED STATES,https://api.census.gov/data/2010/acs/acs5/groups/B05006.html,2006-2010 ACS 5-year period estimate; sample-based. MOE is Census-published margin of error.
2010,2006-2010,Bergen County,New Jersey,05000US34003,34,003,2006-2010 ACS 5-Year Detailed Tables,American Community Survey,survey estimate,B05006,PLACE OF BIRTH FOR THE FOREIGN-BORN POPULATION IN THE UNITED STATES,B05006_144E,Estimate!!Total!!Americas!!Latin America!!Central America!!Nicaragua,341,149,persons,Foreign-born population excluding population born at sea,PLACE OF BIRTH FOR THE FOREIGN-BORN POPULATION IN THE UNITED STATES,https://api.census.gov/data/2010/acs/acs5/groups/B05006.html,2006-2010 ACS 5-year period estimate; sample-based. MOE is Census-published margin of error.
2010,2006-2010,Bergen County,New Jersey,05000US34003,34,003,2006-2010 ACS 5-Year Detailed Tables,American Community Survey,survey estimate,B05006,PLACE OF BIRTH FOR THE FOREIGN-BORN POPULATION IN THE UNITED STATES,B05006_145E,Estimate!!Total!!Americas!!Latin America!!Central America!!Panama,193,101,persons,Foreign-born population excluding population born at sea,PLACE OF BIRTH FOR THE FOREIGN-BORN POPULATION IN THE UNITED STATES,https://api.census.gov/data/2010/acs/acs5/groups/B05006.html,2006-2010 ACS 5-year period estimate; sample-based. MOE is Census-published margin of error.
2010,2006-2010,Bergen County,New Jersey,05000US34003,34,003,2006-2010 ACS 5-Year Detailed Tables,American Community Survey,survey estimate,B05006,PLACE OF BIRTH FOR THE FOREIGN-BORN POPULATION IN THE UNITED STATES,B05006_146E,Estimate!!Total!!Americas!!Latin America!!Central America!!Other Central America,0,123,persons,Foreign-born population excluding population born at sea,PLACE OF BIRTH FOR THE FOREIGN-BORN POPULATION IN THE UNITED STATES,https://api.census.gov/data/2010/acs/acs5/groups/B05006.html,2006-2010 ACS 5-year period estimate; sample-based. MOE is Census-published margin of error.
2010,2006-2010,Bergen County,New Jersey,05000US34003,34,003,2006-2010 ACS 5-Year Detailed Tables,American Community Survey,survey estimate,B05006,PLACE OF BIRTH FOR THE FOREIGN-BORN POPULATION IN THE UNITED STATES,B05006_147E,Estimate!!Total!!Americas!!Latin America!!South America,34734,1894,persons,Foreign-born population excluding population born at sea,PLACE OF BIRTH FOR THE FOREIGN-BORN POPULATION IN THE UNITED STATES,https://api.census.gov/data/2010/acs/acs5/groups/B05006.html,2006-2010 ACS 5-year period estimate; sample-based. MOE is Census-published margin of error.
2010,2006-2010,Bergen County,New Jersey,05000US34003,34,003,2006-2010 ACS 5-Year Detailed Tables,American Community Survey,survey estimate,B05006,PLACE OF BIRTH FOR THE FOREIGN-BORN POPULATION IN THE UNITED STATES,B05006_148E,Estimate!!Total!!Americas!!Latin America!!South America!!Argentina,1549,460,persons,Foreign-born population excluding population born at sea,PLACE OF BIRTH FOR THE FOREIGN-BORN POPULATION IN THE UNITED STATES,https://api.census.gov/data/2010/acs/acs5/groups/B05006.html,2006-2010 ACS 5-year period estimate; sample-based. MOE is Census-published margin of error.
2010,2006-2010,Bergen County,New Jersey,05000US34003,34,003,2006-2010 ACS 5-Year Detailed Tables,American Community Survey,survey estimate,B05006,PLACE OF BIRTH FOR THE FOREIGN-BORN POPULATION IN THE UNITED STATES,B05006_149E,Estimate!!Total!!Americas!!Latin America!!South America!!Bolivia,796,366,persons,Foreign-born population excluding population born at sea,PLACE OF BIRTH FOR THE FOREIGN-BORN POPULATION IN THE UNITED STATES,https://api.census.gov/data/2010/acs/acs5/groups/B05006.html,2006-2010 ACS 5-year period estimate; sample-based. MOE is Census-published margin of error.
2010,2006-2010,Bergen County,New Jersey,05000US34003,34,003,2006-2010 ACS 5-Year Detailed Tables,American Community Survey,survey estimate,B05006,PLACE OF BIRTH FOR THE FOREIGN-BORN POPULATION IN THE UNITED STATES,B05006_150E,Estimate!!Total!!Americas!!Latin America!!South America!!Brazil,2461,602,persons,Foreign-born population excluding population born at sea,PLACE OF BIRTH FOR THE FOREIGN-BORN POPULATION IN THE UNITED STATES,https://api.census.gov/data/2010/acs/acs5/groups/B05006.html,2006-2010 ACS 5-year period estimate; sample-based. MOE is Census-published margin of error.
2010,2006-2010,Bergen County,New Jersey,05000US34003,34,003,2006-2010 ACS 5-Year Detailed Tables,American Community Survey,survey estimate,B05006,PLACE OF BIRTH FOR THE FOREIGN-BORN POPULATION IN THE UNITED STATES,B05006_151E,Estimate!!Total!!Americas!!Latin America!!South America!!Chile,826,247,persons,Foreign-born population excluding population born at sea,PLACE OF BIRTH FOR THE FOREIGN-BORN POPULATION IN THE UNITED STATES,https://api.census.gov/data/2010/acs/acs5/groups/B05006.html,2006-2010 ACS 5-year period estimate; sample-based. MOE is Census-published margin of error.
2010,2006-2010,Bergen County,New Jersey,05000US34003,34,003,2006-2010 ACS 5-Year Detailed Tables,American Community Survey,survey estimate,B05006,PLACE OF BIRTH FOR THE FOREIGN-BORN POPULATION IN THE UNITED STATES,B05006_152E,Estimate!!Total!!Americas!!Latin America!!South America!!Colombia,13923,1223,persons,Foreign-born population excluding population born at sea,PLACE OF BIRTH FOR THE FOREIGN-BORN POPULATION IN THE UNITED STATES,https://api.census.gov/data/2010/acs/acs5/groups/B05006.html,2006-2010 ACS 5-year period estimate; sample-based. MOE is Census-published margin of error.
2010,2006-2010,Bergen County,New Jersey,05000US34003,34,003,2006-2010 ACS 5-Year Detailed Tables,American Community Survey,survey estimate,B05006,PLACE OF BIRTH FOR THE FOREIGN-BORN POPULATION IN THE UNITED STATES,B05006_153E,Estimate!!Total!!Americas!!Latin America!!South America!!Ecuador,8636,1128,persons,Foreign-born population excluding population born at sea,PLACE OF BIRTH FOR THE FOREIGN-BORN POPULATION IN THE UNITED STATES,https://api.census.gov/data/2010/acs/acs5/groups/B05006.html,2006-2010 ACS 5-year period estimate; sample-based. MOE is Census-published margin of error.
2010,2006-2010,Bergen County,New Jersey,05000US34003,34,003,2006-2010 ACS 5-Year Detailed Tables,American Community Survey,survey estimate,B05006,PLACE OF BIRTH FOR THE FOREIGN-BORN POPULATION IN THE UNITED STATES,B05006_154E,Estimate!!Total!!Americas!!Latin America!!South America!!Guyana,988,359,persons,Foreign-born population excluding population born at sea,PLACE OF BIRTH FOR THE FOREIGN-BORN POPULATION IN THE UNITED STATES,https://api.census.gov/data/2010/acs/acs5/groups/B05006.html,2006-2010 ACS 5-year period estimate; sample-based. MOE is Census-published margin of error.
2010,2006-2010,Bergen County,New Jersey,05000US34003,34,003,2006-2010 ACS 5-Year Detailed Tables,American Community Survey,survey estimate,B05006,PLACE OF BIRTH FOR THE FOREIGN-BORN POPULATION IN THE UNITED STATES,B05006_155E,Estimate!!Total!!Americas!!Latin America!!South America!!Peru,4358,669,persons,Foreign-born population excluding population born at sea,PLACE OF BIRTH FOR THE FOREIGN-BORN POPULATION IN THE UNITED STATES,https://api.census.gov/data/2010/acs/acs5/groups/B05006.html,2006-2010 ACS 5-year period estimate; sample-based. MOE is Census-published margin of error.
2010,2006-2010,Bergen County,New Jersey,05000US34003,34,003,2006-2010 ACS 5-Year Detailed Tables,American Community Survey,survey estimate,B05006,PLACE OF BIRTH FOR THE FOREIGN-BORN POPULATION IN THE UNITED STATES,B05006_156E,Estimate!!Total!!Americas!!Latin America!!South America!!Uruguay,363,209,persons,Foreign-born population excluding population born at sea,PLACE OF BIRTH FOR THE FOREIGN-BORN POPULATION IN THE UNITED STATES,https://api.census.gov/data/2010/acs/acs5/groups/B05006.html,2006-2010 ACS 5-year period estimate; sample-based. MOE is Census-published margin of error.
2010,2006-2010,Bergen County,New Jersey,05000US34003,34,003,2006-2010 ACS 5-Year Detailed Tables,American Community Survey,survey estimate,B05006,PLACE OF BIRTH FOR THE FOREIGN-BORN POPULATION IN THE UNITED STATES,B05006_157E,Estimate!!Total!!Americas!!Latin America!!South America!!Venezuela,540,208,persons,Foreign-born population excluding population born at sea,PLACE OF BIRTH FOR THE FOREIGN-BORN POPULATION IN THE UNITED STATES,https://api.census.gov/data/2010/acs/acs5/groups/B05006.html,2006-2010 ACS 5-year period estimate; sample-based. MOE is Census-published margin of error.
2010,2006-2010,Bergen County,New Jersey,05000US34003,34,003,2006-2010 ACS 5-Year Detailed Tables,American Community Survey,survey estimate,B05006,PLACE OF BIRTH FOR THE FOREIGN-BORN POPULATION IN THE UNITED STATES,B05006_158E,Estimate!!Total!!Americas!!Latin America!!South America!!Other South America,294,136,persons,Foreign-born population excluding population born at sea,PLACE OF BIRTH FOR THE FOREIGN-BORN POPULATION IN THE UNITED STATES,https://api.census.gov/data/2010/acs/acs5/groups/B05006.html,2006-2010 ACS 5-year period estimate; sample-based. MOE is Census-published margin of error.
2010,2006-2010,Bergen County,New Jersey,05000US34003,34,003,2006-2010 ACS 5-Year Detailed Tables,American Community Survey,survey estimate,B05006,PLACE OF BIRTH FOR THE FOREIGN-BORN POPULATION IN THE UNITED STATES,B05006_159E,Estimate!!Total!!Americas!!Northern America,2216,346,persons,Foreign-born population excluding population born at sea,PLACE OF BIRTH FOR THE FOREIGN-BORN POPULATION IN THE UNITED STATES,https://api.census.gov/data/2010/acs/acs5/groups/B05006.html,2006-2010 ACS 5-year period estimate; sample-based. MOE is Census-published margin of error.
2010,2006-2010,Bergen County,New Jersey,05000US34003,34,003,2006-2010 ACS 5-Year Detailed Tables,American Community Survey,survey estimate,B05006,PLACE OF BIRTH FOR THE FOREIGN-BORN POPULATION IN THE UNITED STATES,B05006_160E,Estimate!!Total!!Americas!!Northern America!!Canada,2216,346,persons,Foreign-born population excluding population born at sea,PLACE OF BIRTH FOR THE FOREIGN-BORN POPULATION IN THE UNITED STATES,https://api.census.gov/data/2010/acs/acs5/groups/B05006.html,2006-2010 ACS 5-year period estimate; sample-based. MOE is Census-published margin of error.
2010,2006-2010,Bergen County,New Jersey,05000US34003,34,003,2006-2010 ACS 5-Year Detailed Tables,American Community Survey,survey estimate,B05006,PLACE OF BIRTH FOR THE FOREIGN-BORN POPULATION IN THE UNITED STATES,B05006_161E,Estimate!!Total!!Americas!!Northern America!!Other Northern America,0,123,persons,Foreign-born population excluding population born at sea,PLACE OF BIRTH FOR THE FOREIGN-BORN POPULATION IN THE UNITED STATES,https://api.census.gov/data/2010/acs/acs5/groups/B05006.html,2006-2010 ACS 5-year period estimate; sample-based. MOE is Census-published margin of error.
2010,2006-2010,Bergen County,New Jersey,05000US34003,34,003,2006-2010 ACS 5-Year Detailed Tables,American Community Survey,survey estimate,B05007,PLACE OF BIRTH BY YEAR OF ENTRY BY CITIZENSHIP STATUS FOR THE FOREIGN-BORN POPULATION,B05007_001E,Estimate!!Total,254459,3079,persons,Foreign-born population,PLACE OF BIRTH BY YEAR OF ENTRY BY CITIZENSHIP STATUS FOR THE FOREIGN-BORN POPULATION,https://api.census.gov/data/2010/acs/acs5/groups/B05007.html,2006-2010 ACS 5-year period estimate; sample-based. MOE is Census-published margin of error.
2010,2006-2010,Bergen County,New Jersey,05000US34003,34,003,2006-2010 ACS 5-Year Detailed Tables,American Community Survey,survey estimate,B05007,PLACE OF BIRTH BY YEAR OF ENTRY BY CITIZENSHIP STATUS FOR THE FOREIGN-BORN POPULATION,B05007_002E,Estimate!!Total!!Europe,59395,1937,persons,Foreign-born population,PLACE OF BIRTH BY YEAR OF ENTRY BY CITIZENSHIP STATUS FOR THE FOREIGN-BORN POPULATION,https://api.census.gov/data/2010/acs/acs5/groups/B05007.html,2006-2010 ACS 5-year period estimate; sample-based. MOE is Census-published margin of error.
2010,2006-2010,Bergen County,New Jersey,05000US34003,34,003,2006-2010 ACS 5-Year Detailed Tables,American Community Survey,survey estimate,B05007,PLACE OF BIRTH BY YEAR OF ENTRY BY CITIZENSHIP STATUS FOR THE FOREIGN-BORN POPULATION,B05007_003E,Estimate!!Total!!Europe!!Entered 2000 or later,9149,1068,persons,Foreign-born population,PLACE OF BIRTH BY YEAR OF ENTRY BY CITIZENSHIP STATUS FOR THE FOREIGN-BORN POPULATION,https://api.census.gov/data/2010/acs/acs5/groups/B05007.html,2006-2010 ACS 5-year period estimate; sample-based. MOE is Census-published margin of error.
2010,2006-2010,Bergen County,New Jersey,05000US34003,34,003,2006-2010 ACS 5-Year Detailed Tables,American Community Survey,survey estimate,B05007,PLACE OF BIRTH BY YEAR OF ENTRY BY CITIZENSHIP STATUS FOR THE FOREIGN-BORN POPULATION,B05007_004E,Estimate!!Total!!Europe!!Entered 2000 or later!!Naturalized U.S. citizen,1470,349,persons,Foreign-born population,PLACE OF BIRTH BY YEAR OF ENTRY BY CITIZENSHIP STATUS FOR THE FOREIGN-BORN POPULATION,https://api.census.gov/data/2010/acs/acs5/groups/B05007.html,2006-2010 ACS 5-year period estimate; sample-based. MOE is Census-published margin of error.
2010,2006-2010,Bergen County,New Jersey,05000US34003,34,003,2006-2010 ACS 5-Year Detailed Tables,American Community Survey,survey estimate,B05007,PLACE OF BIRTH BY YEAR OF ENTRY BY CITIZENSHIP STATUS FOR THE FOREIGN-BORN POPULATION,B05007_005E,Estimate!!Total!!Europe!!Entered 2000 or later!!Not a U.S. citizen,7679,971,persons,Foreign-born population,PLACE OF BIRTH BY YEAR OF ENTRY BY CITIZENSHIP STATUS FOR THE FOREIGN-BORN POPULATION,https://api.census.gov/data/2010/acs/acs5/groups/B05007.html,2006-2010 ACS 5-year period estimate; sample-based. MOE is Census-published margin of error.
2010,2006-2010,Bergen County,New Jersey,05000US34003,34,003,2006-2010 ACS 5-Year Detailed Tables,American Community Survey,survey estimate,B05007,PLACE OF BIRTH BY YEAR OF ENTRY BY CITIZENSHIP STATUS FOR THE FOREIGN-BORN POPULATION,B05007_006E,Estimate!!Total!!Europe!!Entered 1990 to 1999,15001,1123,persons,Foreign-born population,PLACE OF BIRTH BY YEAR OF ENTRY BY CITIZENSHIP STATUS FOR THE FOREIGN-BORN POPULATION,https://api.census.gov/data/2010/acs/acs5/groups/B05007.html,2006-2010 ACS 5-year period estimate; sample-based. MOE is Census-published margin of error.
2010,2006-2010,Bergen County,New Jersey,05000US34003,34,003,2006-2010 ACS 5-Year Detailed Tables,American Community Survey,survey estimate,B05007,PLACE OF BIRTH BY YEAR OF ENTRY BY CITIZENSHIP STATUS FOR THE FOREIGN-BORN POPULATION,B05007_007E,Estimate!!Total!!Europe!!Entered 1990 to 1999!!Naturalized U.S. citizen,9037,808,persons,Foreign-born population,PLACE OF BIRTH BY YEAR OF ENTRY BY CITIZENSHIP STATUS FOR THE FOREIGN-BORN POPULATION,https://api.census.gov/data/2010/acs/acs5/groups/B05007.html,2006-2010 ACS 5-year period estimate; sample-based. MOE is Census-published margin of error.
2010,2006-2010,Bergen County,New Jersey,05000US34003,34,003,2006-2010 ACS 5-Year Detailed Tables,American Community Survey,survey estimate,B05007,PLACE OF BIRTH BY YEAR OF ENTRY BY CITIZENSHIP STATUS FOR THE FOREIGN-BORN POPULATION,B05007_008E,Estimate!!Total!!Europe!!Entered 1990 to 1999!!Not a U.S. citizen,5964,775,persons,Foreign-born population,PLACE OF BIRTH BY YEAR OF ENTRY BY CITIZENSHIP STATUS FOR THE FOREIGN-BORN POPULATION,https://api.census.gov/data/2010/acs/acs5/groups/B05007.html,2006-2010 ACS 5-year period estimate; sample-based. MOE is Census-published margin of error.
2010,2006-2010,Bergen County,New Jersey,05000US34003,34,003,2006-2010 ACS 5-Year Detailed Tables,American Community Survey,survey estimate,B05007,PLACE OF BIRTH BY YEAR OF ENTRY BY CITIZENSHIP STATUS FOR THE FOREIGN-BORN POPULATION,B05007_009E,Estimate!!Total!!Europe!!Entered 1980 to 1989,7955,850,persons,Foreign-born population,PLACE OF BIRTH BY YEAR OF ENTRY BY CITIZENSHIP STATUS FOR THE FOREIGN-BORN POPULATION,https://api.census.gov/data/2010/acs/acs5/groups/B05007.html,2006-2010 ACS 5-year period estimate; sample-based. MOE is Census-published margin of error.
2010,2006-2010,Bergen County,New Jersey,05000US34003,34,003,2006-2010 ACS 5-Year Detailed Tables,American Community Survey,survey estimate,B05007,PLACE OF BIRTH BY YEAR OF ENTRY BY CITIZENSHIP STATUS FOR THE FOREIGN-BORN POPULATION,B05007_010E,Estimate!!Total!!Europe!!Entered 1980 to 1989!!Naturalized U.S. citizen,5874,695,persons,Foreign-born population,PLACE OF BIRTH BY YEAR OF ENTRY BY CITIZENSHIP STATUS FOR THE FOREIGN-BORN POPULATION,https://api.census.gov/data/2010/acs/acs5/groups/B05007.html,2006-2010 ACS 5-year period estimate; sample-based. MOE is Census-published margin of error.
2010,2006-2010,Bergen County,New Jersey,05000US34003,34,003,2006-2010 ACS 5-Year Detailed Tables,American Community Survey,survey estimate,B05007,PLACE OF BIRTH BY YEAR OF ENTRY BY CITIZENSHIP STATUS FOR THE FOREIGN-BORN POPULATION,B05007_011E,Estimate!!Total!!Europe!!Entered 1980 to 1989!!Not a U.S. citizen,2081,409,persons,Foreign-born population,PLACE OF BIRTH BY YEAR OF ENTRY BY CITIZENSHIP STATUS FOR THE FOREIGN-BORN POPULATION,https://api.census.gov/data/2010/acs/acs5/groups/B05007.html,2006-2010 ACS 5-year period estimate; sample-based. MOE is Census-published margin of error.
2010,2006-2010,Bergen County,New Jersey,05000US34003,34,003,2006-2010 ACS 5-Year Detailed Tables,American Community Survey,survey estimate,B05007,PLACE OF BIRTH BY YEAR OF ENTRY BY CITIZENSHIP STATUS FOR THE FOREIGN-BORN POPULATION,B05007_012E,Estimate!!Total!!Europe!!Entered before 1980,27290,1225,persons,Foreign-born population,PLACE OF BIRTH BY YEAR OF ENTRY BY CITIZENSHIP STATUS FOR THE FOREIGN-BORN POPULATION,https://api.census.gov/data/2010/acs/acs5/groups/B05007.html,2006-2010 ACS 5-year period estimate; sample-based. MOE is Census-published margin of error.
2010,2006-2010,Bergen County,New Jersey,05000US34003,34,003,2006-2010 ACS 5-Year Detailed Tables,American Community Survey,survey estimate,B05007,PLACE OF BIRTH BY YEAR OF ENTRY BY CITIZENSHIP STATUS FOR THE FOREIGN-BORN POPULATION,B05007_013E,Estimate!!Total!!Europe!!Entered before 1980!!Naturalized U.S. citizen,24406,1224,persons,Foreign-born population,PLACE OF BIRTH BY YEAR OF ENTRY BY CITIZENSHIP STATUS FOR THE FOREIGN-BORN POPULATION,https://api.census.gov/data/2010/acs/acs5/groups/B05007.html,2006-2010 ACS 5-year period estimate; sample-based. MOE is Census-published margin of error.
2010,2006-2010,Bergen County,New Jersey,05000US34003,34,003,2006-2010 ACS 5-Year Detailed Tables,American Community Survey,survey estimate,B05007,PLACE OF BIRTH BY YEAR OF ENTRY BY CITIZENSHIP STATUS FOR THE FOREIGN-BORN POPULATION,B05007_014E,Estimate!!Total!!Europe!!Entered before 1980!!Not a U.S. citizen,2884,364,persons,Foreign-born population,PLACE OF BIRTH BY YEAR OF ENTRY BY CITIZENSHIP STATUS FOR THE FOREIGN-BORN POPULATION,https://api.census.gov/data/2010/acs/acs5/groups/B05007.html,2006-2010 ACS 5-year period estimate; sample-based. MOE is Census-published margin of error.
2010,2006-2010,Bergen County,New Jersey,05000US34003,34,003,2006-2010 ACS 5-Year Detailed Tables,American Community Survey,survey estimate,B05007,PLACE OF BIRTH BY YEAR OF ENTRY BY CITIZENSHIP STATUS FOR THE FOREIGN-BORN POPULATION,B05007_015E,Estimate!!Total!!Asia,110531,1858,persons,Foreign-born population,PLACE OF BIRTH BY YEAR OF ENTRY BY CITIZENSHIP STATUS FOR THE FOREIGN-BORN POPULATION,https://api.census.gov/data/2010/acs/acs5/groups/B05007.html,2006-2010 ACS 5-year period estimate; sample-based. MOE is Census-published margin of error.
2010,2006-2010,Bergen County,New Jersey,05000US34003,34,003,2006-2010 ACS 5-Year Detailed Tables,American Community Survey,survey estimate,B05007,PLACE OF BIRTH BY YEAR OF ENTRY BY CITIZENSHIP STATUS FOR THE FOREIGN-BORN POPULATION,B05007_016E,Estimate!!Total!!Asia!!Entered 2000 or later,32725,1795,persons,Foreign-born population,PLACE OF BIRTH BY YEAR OF ENTRY BY CITIZENSHIP STATUS FOR THE FOREIGN-BORN POPULATION,https://api.census.gov/data/2010/acs/acs5/groups/B05007.html,2006-2010 ACS 5-year period estimate; sample-based. MOE is Census-published margin of error.
2010,2006-2010,Bergen County,New Jersey,05000US34003,34,003,2006-2010 ACS 5-Year Detailed Tables,American Community Survey,survey estimate,B05007,PLACE OF BIRTH BY YEAR OF ENTRY BY CITIZENSHIP STATUS FOR THE FOREIGN-BORN POPULATION,B05007_017E,Estimate!!Total!!Asia!!Entered 2000 or later!!Naturalized U.S. citizen,3802,614,persons,Foreign-born population,PLACE OF BIRTH BY YEAR OF ENTRY BY CITIZENSHIP STATUS FOR THE FOREIGN-BORN POPULATION,https://api.census.gov/data/2010/acs/acs5/groups/B05007.html,2006-2010 ACS 5-year period estimate; sample-based. MOE is Census-published margin of error.
2010,2006-2010,Bergen County,New Jersey,05000US34003,34,003,2006-2010 ACS 5-Year Detailed Tables,American Community Survey,survey estimate,B05007,PLACE OF BIRTH BY YEAR OF ENTRY BY CITIZENSHIP STATUS FOR THE FOREIGN-BORN POPULATION,B05007_018E,Estimate!!Total!!Asia!!Entered 2000 or later!!Not a U.S. citizen,28923,1631,persons,Foreign-born population,PLACE OF BIRTH BY YEAR OF ENTRY BY CITIZENSHIP STATUS FOR THE FOREIGN-BORN POPULATION,https://api.census.gov/data/2010/acs/acs5/groups/B05007.html,2006-2010 ACS 5-year period estimate; sample-based. MOE is Census-published margin of error.
2010,2006-2010,Bergen County,New Jersey,05000US34003,34,003,2006-2010 ACS 5-Year Detailed Tables,American Community Survey,survey estimate,B05007,PLACE OF BIRTH BY YEAR OF ENTRY BY CITIZENSHIP STATUS FOR THE FOREIGN-BORN POPULATION,B05007_019E,Estimate!!Total!!Asia!!Entered 1990 to 1999,31882,1653,persons,Foreign-born population,PLACE OF BIRTH BY YEAR OF ENTRY BY CITIZENSHIP STATUS FOR THE FOREIGN-BORN POPULATION,https://api.census.gov/data/2010/acs/acs5/groups/B05007.html,2006-2010 ACS 5-year period estimate; sample-based. MOE is Census-published margin of error.
2010,2006-2010,Bergen County,New Jersey,05000US34003,34,003,2006-2010 ACS 5-Year Detailed Tables,American Community Survey,survey estimate,B05007,PLACE OF BIRTH BY YEAR OF ENTRY BY CITIZENSHIP STATUS FOR THE FOREIGN-BORN POPULATION,B05007_020E,Estimate!!Total!!Asia!!Entered 1990 to 1999!!Naturalized U.S. citizen,16466,1063,persons,Foreign-born population,PLACE OF BIRTH BY YEAR OF ENTRY BY CITIZENSHIP STATUS FOR THE FOREIGN-BORN POPULATION,https://api.census.gov/data/2010/acs/acs5/groups/B05007.html,2006-2010 ACS 5-year period estimate; sample-based. MOE is Census-published margin of error.
2010,2006-2010,Bergen County,New Jersey,05000US34003,34,003,2006-2010 ACS 5-Year Detailed Tables,American Community Survey,survey estimate,B05007,PLACE OF BIRTH BY YEAR OF ENTRY BY CITIZENSHIP STATUS FOR THE FOREIGN-BORN POPULATION,B05007_021E,Estimate!!Total!!Asia!!Entered 1990 to 1999!!Not a U.S. citizen,15416,1255,persons,Foreign-born population,PLACE OF BIRTH BY YEAR OF ENTRY BY CITIZENSHIP STATUS FOR THE FOREIGN-BORN POPULATION,https://api.census.gov/data/2010/acs/acs5/groups/B05007.html,2006-2010 ACS 5-year period estimate; sample-based. MOE is Census-published margin of error.
2010,2006-2010,Bergen County,New Jersey,05000US34003,34,003,2006-2010 ACS 5-Year Detailed Tables,American Community Survey,survey estimate,B05007,PLACE OF BIRTH BY YEAR OF ENTRY BY CITIZENSHIP STATUS FOR THE FOREIGN-BORN POPULATION,B05007_022E,Estimate!!Total!!Asia!!Entered 1980 to 1989,27403,1221,persons,Foreign-born population,PLACE OF BIRTH BY YEAR OF ENTRY BY CITIZENSHIP STATUS FOR THE FOREIGN-BORN POPULATION,https://api.census.gov/data/2010/acs/acs5/groups/B05007.html,2006-2010 ACS 5-year period estimate; sample-based. MOE is Census-published margin of error.
2010,2006-2010,Bergen County,New Jersey,05000US34003,34,003,2006-2010 ACS 5-Year Detailed Tables,American Community Survey,survey estimate,B05007,PLACE OF BIRTH BY YEAR OF ENTRY BY CITIZENSHIP STATUS FOR THE FOREIGN-BORN POPULATION,B05007_023E,Estimate!!Total!!Asia!!Entered 1980 to 1989!!Naturalized U.S. citizen,21954,1190,persons,Foreign-born population,PLACE OF BIRTH BY YEAR OF ENTRY BY CITIZENSHIP STATUS FOR THE FOREIGN-BORN POPULATION,https://api.census.gov/data/2010/acs/acs5/groups/B05007.html,2006-2010 ACS 5-year period estimate; sample-based. MOE is Census-published margin of error.
2010,2006-2010,Bergen County,New Jersey,05000US34003,34,003,2006-2010 ACS 5-Year Detailed Tables,American Community Survey,survey estimate,B05007,PLACE OF BIRTH BY YEAR OF ENTRY BY CITIZENSHIP STATUS FOR THE FOREIGN-BORN POPULATION,B05007_024E,Estimate!!Total!!Asia!!Entered 1980 to 1989!!Not a U.S. citizen,5449,593,persons,Foreign-born population,PLACE OF BIRTH BY YEAR OF ENTRY BY CITIZENSHIP STATUS FOR THE FOREIGN-BORN POPULATION,https://api.census.gov/data/2010/acs/acs5/groups/B05007.html,2006-2010 ACS 5-year period estimate; sample-based. MOE is Census-published margin of error.
2010,2006-2010,Bergen County,New Jersey,05000US34003,34,003,2006-2010 ACS 5-Year Detailed Tables,American Community Survey,survey estimate,B05007,PLACE OF BIRTH BY YEAR OF ENTRY BY CITIZENSHIP STATUS FOR THE FOREIGN-BORN POPULATION,B05007_025E,Estimate!!Total!!Asia!!Entered before 1980,18521,978,persons,Foreign-born population,PLACE OF BIRTH BY YEAR OF ENTRY BY CITIZENSHIP STATUS FOR THE FOREIGN-BORN POPULATION,https://api.census.gov/data/2010/acs/acs5/groups/B05007.html,2006-2010 ACS 5-year period estimate; sample-based. MOE is Census-published margin of error.
2010,2006-2010,Bergen County,New Jersey,05000US34003,34,003,2006-2010 ACS 5-Year Detailed Tables,American Community Survey,survey estimate,B05007,PLACE OF BIRTH BY YEAR OF ENTRY BY CITIZENSHIP STATUS FOR THE FOREIGN-BORN POPULATION,B05007_026E,Estimate!!Total!!Asia!!Entered before 1980!!Naturalized U.S. citizen,16802,955,persons,Foreign-born population,PLACE OF BIRTH BY YEAR OF ENTRY BY CITIZENSHIP STATUS FOR THE FOREIGN-BORN POPULATION,https://api.census.gov/data/2010/acs/acs5/groups/B05007.html,2006-2010 ACS 5-year period estimate; sample-based. MOE is Census-published margin of error.
2010,2006-2010,Bergen County,New Jersey,05000US34003,34,003,2006-2010 ACS 5-Year Detailed Tables,American Community Survey,survey estimate,B05007,PLACE OF BIRTH BY YEAR OF ENTRY BY CITIZENSHIP STATUS FOR THE FOREIGN-BORN POPULATION,B05007_027E,Estimate!!Total!!Asia!!Entered before 1980!!Not a U.S. citizen,1719,303,persons,Foreign-born population,PLACE OF BIRTH BY YEAR OF ENTRY BY CITIZENSHIP STATUS FOR THE FOREIGN-BORN POPULATION,https://api.census.gov/data/2010/acs/acs5/groups/B05007.html,2006-2010 ACS 5-year period estimate; sample-based. MOE is Census-published margin of error.
2010,2006-2010,Bergen County,New Jersey,05000US34003,34,003,2006-2010 ACS 5-Year Detailed Tables,American Community Survey,survey estimate,B05007,PLACE OF BIRTH BY YEAR OF ENTRY BY CITIZENSHIP STATUS FOR THE FOREIGN-BORN POPULATION,B05007_028E,Estimate!!Total!!Latin America,75922,2316,persons,Foreign-born population,PLACE OF BIRTH BY YEAR OF ENTRY BY CITIZENSHIP STATUS FOR THE FOREIGN-BORN POPULATION,https://api.census.gov/data/2010/acs/acs5/groups/B05007.html,2006-2010 ACS 5-year period estimate; sample-based. MOE is Census-published margin of error.
2010,2006-2010,Bergen County,New Jersey,05000US34003,34,003,2006-2010 ACS 5-Year Detailed Tables,American Community Survey,survey estimate,B05007,PLACE OF BIRTH BY YEAR OF ENTRY BY CITIZENSHIP STATUS FOR THE FOREIGN-BORN POPULATION,B05007_029E,Estimate!!Total!!Latin America!!Caribbean,24649,1553,persons,Foreign-born population,PLACE OF BIRTH BY YEAR OF ENTRY BY CITIZENSHIP STATUS FOR THE FOREIGN-BORN POPULATION,https://api.census.gov/data/2010/acs/acs5/groups/B05007.html,2006-2010 ACS 5-year period estimate; sample-based. MOE is Census-published margin of error.
2010,2006-2010,Bergen County,New Jersey,05000US34003,34,003,2006-2010 ACS 5-Year Detailed Tables,American Community Survey,survey estimate,B05007,PLACE OF BIRTH BY YEAR OF ENTRY BY CITIZENSHIP STATUS FOR THE FOREIGN-BORN POPULATION,B05007_030E,Estimate!!Total!!Latin America!!Caribbean!!Entered 2000 or later,3574,610,persons,Foreign-born population,PLACE OF BIRTH BY YEAR OF ENTRY BY CITIZENSHIP STATUS FOR THE FOREIGN-BORN POPULATION,https://api.census.gov/data/2010/acs/acs5/groups/B05007.html,2006-2010 ACS 5-year period estimate; sample-based. MOE is Census-published margin of error.
2010,2006-2010,Bergen County,New Jersey,05000US34003,34,003,2006-2010 ACS 5-Year Detailed Tables,American Community Survey,survey estimate,B05007,PLACE OF BIRTH BY YEAR OF ENTRY BY CITIZENSHIP STATUS FOR THE FOREIGN-BORN POPULATION,B05007_031E,Estimate!!Total!!Latin America!!Caribbean!!Entered 2000 or later!!Naturalized U.S. citizen,1044,291,persons,Foreign-born population,PLACE OF BIRTH BY YEAR OF ENTRY BY CITIZENSHIP STATUS FOR THE FOREIGN-BORN POPULATION,https://api.census.gov/data/2010/acs/acs5/groups/B05007.html,2006-2010 ACS 5-year period estimate; sample-based. MOE is Census-published margin of error.
2010,2006-2010,Bergen County,New Jersey,05000US34003,34,003,2006-2010 ACS 5-Year Detailed Tables,American Community Survey,survey estimate,B05007,PLACE OF BIRTH BY YEAR OF ENTRY BY CITIZENSHIP STATUS FOR THE FOREIGN-BORN POPULATION,B05007_032E,Estimate!!Total!!Latin America!!Caribbean!!Entered 2000 or later!!Not a U.S. citizen,2530,534,persons,Foreign-born population,PLACE OF BIRTH BY YEAR OF ENTRY BY CITIZENSHIP STATUS FOR THE FOREIGN-BORN POPULATION,https://api.census.gov/data/2010/acs/acs5/groups/B05007.html,2006-2010 ACS 5-year period estimate; sample-based. MOE is Census-published margin of error.
2010,2006-2010,Bergen County,New Jersey,05000US34003,34,003,2006-2010 ACS 5-Year Detailed Tables,American Community Survey,survey estimate,B05007,PLACE OF BIRTH BY YEAR OF ENTRY BY CITIZENSHIP STATUS FOR THE FOREIGN-BORN POPULATION,B05007_033E,Estimate!!Total!!Latin America!!Caribbean!!Entered 1990 to 1999,5261,850,persons,Foreign-born population,PLACE OF BIRTH BY YEAR OF ENTRY BY CITIZENSHIP STATUS FOR THE FOREIGN-BORN POPULATION,https://api.census.gov/data/2010/acs/acs5/groups/B05007.html,2006-2010 ACS 5-year period estimate; sample-based. MOE is Census-published margin of error.
2010,2006-2010,Bergen County,New Jersey,05000US34003,34,003,2006-2010 ACS 5-Year Detailed Tables,American Community Survey,survey estimate,B05007,PLACE OF BIRTH BY YEAR OF ENTRY BY CITIZENSHIP STATUS FOR THE FOREIGN-BORN POPULATION,B05007_034E,Estimate!!Total!!Latin America!!Caribbean!!Entered 1990 to 1999!!Naturalized U.S. citizen,2931,567,persons,Foreign-born population,PLACE OF BIRTH BY YEAR OF ENTRY BY CITIZENSHIP STATUS FOR THE FOREIGN-BORN POPULATION,https://api.census.gov/data/2010/acs/acs5/groups/B05007.html,2006-2010 ACS 5-year period estimate; sample-based. MOE is Census-published margin of error.
2010,2006-2010,Bergen County,New Jersey,05000US34003,34,003,2006-2010 ACS 5-Year Detailed Tables,American Community Survey,survey estimate,B05007,PLACE OF BIRTH BY YEAR OF ENTRY BY CITIZENSHIP STATUS FOR THE FOREIGN-BORN POPULATION,B05007_035E,Estimate!!Total!!Latin America!!Caribbean!!Entered 1990 to 1999!!Not a U.S. citizen,2330,627,persons,Foreign-born population,PLACE OF BIRTH BY YEAR OF ENTRY BY CITIZENSHIP STATUS FOR THE FOREIGN-BORN POPULATION,https://api.census.gov/data/2010/acs/acs5/groups/B05007.html,2006-2010 ACS 5-year period estimate; sample-based. MOE is Census-published margin of error.
2010,2006-2010,Bergen County,New Jersey,05000US34003,34,003,2006-2010 ACS 5-Year Detailed Tables,American Community Survey,survey estimate,B05007,PLACE OF BIRTH BY YEAR OF ENTRY BY CITIZENSHIP STATUS FOR THE FOREIGN-BORN POPULATION,B05007_036E,Estimate!!Total!!Latin America!!Caribbean!!Entered 1980 to 1989,6017,729,persons,Foreign-born population,PLACE OF BIRTH BY YEAR OF ENTRY BY CITIZENSHIP STATUS FOR THE FOREIGN-BORN POPULATION,https://api.census.gov/data/2010/acs/acs5/groups/B05007.html,2006-2010 ACS 5-year period estimate; sample-based. MOE is Census-published margin of error.
2010,2006-2010,Bergen County,New Jersey,05000US34003,34,003,2006-2010 ACS 5-Year Detailed Tables,American Community Survey,survey estimate,B05007,PLACE OF BIRTH BY YEAR OF ENTRY BY CITIZENSHIP STATUS FOR THE FOREIGN-BORN POPULATION,B05007_037E,Estimate!!Total!!Latin America!!Caribbean!!Entered 1980 to 1989!!Naturalized U.S. citizen,4622,631,persons,Foreign-born population,PLACE OF BIRTH BY YEAR OF ENTRY BY CITIZENSHIP STATUS FOR THE FOREIGN-BORN POPULATION,https://api.census.gov/data/2010/acs/acs5/groups/B05007.html,2006-2010 ACS 5-year period estimate; sample-based. MOE is Census-published margin of error.
2010,2006-2010,Bergen County,New Jersey,05000US34003,34,003,2006-2010 ACS 5-Year Detailed Tables,American Community Survey,survey estimate,B05007,PLACE OF BIRTH BY YEAR OF ENTRY BY CITIZENSHIP STATUS FOR THE FOREIGN-BORN POPULATION,B05007_038E,Estimate!!Total!!Latin America!!Caribbean!!Entered 1980 to 1989!!Not a U.S. citizen,1395,353,persons,Foreign-born population,PLACE OF BIRTH BY YEAR OF ENTRY BY CITIZENSHIP STATUS FOR THE FOREIGN-BORN POPULATION,https://api.census.gov/data/2010/acs/acs5/groups/B05007.html,2006-2010 ACS 5-year period estimate; sample-based. MOE is Census-published margin of error.
2010,2006-2010,Bergen County,New Jersey,05000US34003,34,003,2006-2010 ACS 5-Year Detailed Tables,American Community Survey,survey estimate,B05007,PLACE OF BIRTH BY YEAR OF ENTRY BY CITIZENSHIP STATUS FOR THE FOREIGN-BORN POPULATION,B05007_039E,Estimate!!Total!!Latin America!!Caribbean!!Entered before 1980,9797,756,persons,Foreign-born population,PLACE OF BIRTH BY YEAR OF ENTRY BY CITIZENSHIP STATUS FOR THE FOREIGN-BORN POPULATION,https://api.census.gov/data/2010/acs/acs5/groups/B05007.html,2006-2010 ACS 5-year period estimate; sample-based. MOE is Census-published margin of error.
2010,2006-2010,Bergen County,New Jersey,05000US34003,34,003,2006-2010 ACS 5-Year Detailed Tables,American Community Survey,survey estimate,B05007,PLACE OF BIRTH BY YEAR OF ENTRY BY CITIZENSHIP STATUS FOR THE FOREIGN-BORN POPULATION,B05007_040E,Estimate!!Total!!Latin America!!Caribbean!!Entered before 1980!!Naturalized U.S. citizen,8779,685,persons,Foreign-born population,PLACE OF BIRTH BY YEAR OF ENTRY BY CITIZENSHIP STATUS FOR THE FOREIGN-BORN POPULATION,https://api.census.gov/data/2010/acs/acs5/groups/B05007.html,2006-2010 ACS 5-year period estimate; sample-based. MOE is Census-published margin of error.
2010,2006-2010,Bergen County,New Jersey,05000US34003,34,003,2006-2010 ACS 5-Year Detailed Tables,American Community Survey,survey estimate,B05007,PLACE OF BIRTH BY YEAR OF ENTRY BY CITIZENSHIP STATUS FOR THE FOREIGN-BORN POPULATION,B05007_041E,Estimate!!Total!!Latin America!!Caribbean!!Entered before 1980!!Not a U.S. citizen,1018,280,persons,Foreign-born population,PLACE OF BIRTH BY YEAR OF ENTRY BY CITIZENSHIP STATUS FOR THE FOREIGN-BORN POPULATION,https://api.census.gov/data/2010/acs/acs5/groups/B05007.html,2006-2010 ACS 5-year period estimate; sample-based. MOE is Census-published margin of error.
2010,2006-2010,Bergen County,New Jersey,05000US34003,34,003,2006-2010 ACS 5-Year Detailed Tables,American Community Survey,survey estimate,B05007,PLACE OF BIRTH BY YEAR OF ENTRY BY CITIZENSHIP STATUS FOR THE FOREIGN-BORN POPULATION,B05007_042E,Estimate!!Total!!Latin America!!Central America,16539,1666,persons,Foreign-born population,PLACE OF BIRTH BY YEAR OF ENTRY BY CITIZENSHIP STATUS FOR THE FOREIGN-BORN POPULATION,https://api.census.gov/data/2010/acs/acs5/groups/B05007.html,2006-2010 ACS 5-year period estimate; sample-based. MOE is Census-published margin of error.
2010,2006-2010,Bergen County,New Jersey,05000US34003,34,003,2006-2010 ACS 5-Year Detailed Tables,American Community Survey,survey estimate,B05007,PLACE OF BIRTH BY YEAR OF ENTRY BY CITIZENSHIP STATUS FOR THE FOREIGN-BORN POPULATION,B05007_043E,Estimate!!Total!!Latin America!!Central America!!Mexico,4413,868,persons,Foreign-born population,PLACE OF BIRTH BY YEAR OF ENTRY BY CITIZENSHIP STATUS FOR THE FOREIGN-BORN POPULATION,https://api.census.gov/data/2010/acs/acs5/groups/B05007.html,2006-2010 ACS 5-year period estimate; sample-based. MOE is Census-published margin of error.
2010,2006-2010,Bergen County,New Jersey,05000US34003,34,003,2006-2010 ACS 5-Year Detailed Tables,American Community Survey,survey estimate,B05007,PLACE OF BIRTH BY YEAR OF ENTRY BY CITIZENSHIP STATUS FOR THE FOREIGN-BORN POPULATION,B05007_044E,Estimate!!Total!!Latin America!!Central America!!Mexico!!Entered 2000 or later,1632,484,persons,Foreign-born population,PLACE OF BIRTH BY YEAR OF ENTRY BY CITIZENSHIP STATUS FOR THE FOREIGN-BORN POPULATION,https://api.census.gov/data/2010/acs/acs5/groups/B05007.html,2006-2010 ACS 5-year period estimate; sample-based. MOE is Census-published margin of error.
2010,2006-2010,Bergen County,New Jersey,05000US34003,34,003,2006-2010 ACS 5-Year Detailed Tables,American Community Survey,survey estimate,B05007,PLACE OF BIRTH BY YEAR OF ENTRY BY CITIZENSHIP STATUS FOR THE FOREIGN-BORN POPULATION,B05007_045E,Estimate!!Total!!Latin America!!Central America!!Mexico!!Entered 2000 or later!!Naturalized U.S. citizen,34,81,persons,Foreign-born population,PLACE OF BIRTH BY YEAR OF ENTRY BY CITIZENSHIP STATUS FOR THE FOREIGN-BORN POPULATION,https://api.census.gov/data/2010/acs/acs5/groups/B05007.html,2006-2010 ACS 5-year period estimate; sample-based. MOE is Census-published margin of error.
2010,2006-2010,Bergen County,New Jersey,05000US34003,34,003,2006-2010 ACS 5-Year Detailed Tables,American Community Survey,survey estimate,B05007,PLACE OF BIRTH BY YEAR OF ENTRY BY CITIZENSHIP STATUS FOR THE FOREIGN-BORN POPULATION,B05007_046E,Estimate!!Total!!Latin America!!Central America!!Mexico!!Entered 2000 or later!!Not a U.S. citizen,1598,467,persons,Foreign-born population,PLACE OF BIRTH BY YEAR OF ENTRY BY CITIZENSHIP STATUS FOR THE FOREIGN-BORN POPULATION,https://api.census.gov/data/2010/acs/acs5/groups/B05007.html,2006-2010 ACS 5-year period estimate; sample-based. MOE is Census-published margin of error.
2010,2006-2010,Bergen County,New Jersey,05000US34003,34,003,2006-2010 ACS 5-Year Detailed Tables,American Community Survey,survey estimate,B05007,PLACE OF BIRTH BY YEAR OF ENTRY BY CITIZENSHIP STATUS FOR THE FOREIGN-BORN POPULATION,B05007_047E,Estimate!!Total!!Latin America!!Central America!!Mexico!!Entered 1990 to 1999,1696,396,persons,Foreign-born population,PLACE OF BIRTH BY YEAR OF ENTRY BY CITIZENSHIP STATUS FOR THE FOREIGN-BORN POPULATION,https://api.census.gov/data/2010/acs/acs5/groups/B05007.html,2006-2010 ACS 5-year period estimate; sample-based. MOE is Census-published margin of error.
2010,2006-2010,Bergen County,New Jersey,05000US34003,34,003,2006-2010 ACS 5-Year Detailed Tables,American Community Survey,survey estimate,B05007,PLACE OF BIRTH BY YEAR OF ENTRY BY CITIZENSHIP STATUS FOR THE FOREIGN-BORN POPULATION,B05007_048E,Estimate!!Total!!Latin America!!Central America!!Mexico!!Entered 1990 to 1999!!Naturalized U.S. citizen,320,170,persons,Foreign-born population,PLACE OF BIRTH BY YEAR OF ENTRY BY CITIZENSHIP STATUS FOR THE FOREIGN-BORN POPULATION,https://api.census.gov/data/2010/acs/acs5/groups/B05007.html,2006-2010 ACS 5-year period estimate; sample-based. MOE is Census-published margin of error.
2010,2006-2010,Bergen County,New Jersey,05000US34003,34,003,2006-2010 ACS 5-Year Detailed Tables,American Community Survey,survey estimate,B05007,PLACE OF BIRTH BY YEAR OF ENTRY BY CITIZENSHIP STATUS FOR THE FOREIGN-BORN POPULATION,B05007_049E,Estimate!!Total!!Latin America!!Central America!!Mexico!!Entered 1990 to 1999!!Not a U.S. citizen,1376,359,persons,Foreign-born population,PLACE OF BIRTH BY YEAR OF ENTRY BY CITIZENSHIP STATUS FOR THE FOREIGN-BORN POPULATION,https://api.census.gov/data/2010/acs/acs5/groups/B05007.html,2006-2010 ACS 5-year period estimate; sample-based. MOE is Census-published margin of error.
2010,2006-2010,Bergen County,New Jersey,05000US34003,34,003,2006-2010 ACS 5-Year Detailed Tables,American Community Survey,survey estimate,B05007,PLACE OF BIRTH BY YEAR OF ENTRY BY CITIZENSHIP STATUS FOR THE FOREIGN-BORN POPULATION,B05007_050E,Estimate!!Total!!Latin America!!Central America!!Mexico!!Entered 1980 to 1989,808,329,persons,Foreign-born population,PLACE OF BIRTH BY YEAR OF ENTRY BY CITIZENSHIP STATUS FOR THE FOREIGN-BORN POPULATION,https://api.census.gov/data/2010/acs/acs5/groups/B05007.html,2006-2010 ACS 5-year period estimate; sample-based. MOE is Census-published margin of error.
2010,2006-2010,Bergen County,New Jersey,05000US34003,34,003,2006-2010 ACS 5-Year Detailed Tables,American Community Survey,survey estimate,B05007,PLACE OF BIRTH BY YEAR OF ENTRY BY CITIZENSHIP STATUS FOR THE FOREIGN-BORN POPULATION,B05007_051E,Estimate!!Total!!Latin America!!Central America!!Mexico!!Entered 1980 to 1989!!Naturalized U.S. citizen,224,105,persons,Foreign-born population,PLACE OF BIRTH BY YEAR OF ENTRY BY CITIZENSHIP STATUS FOR THE FOREIGN-BORN POPULATION,https://api.census.gov/data/2010/acs/acs5/groups/B05007.html,2006-2010 ACS 5-year period estimate; sample-based. MOE is Census-published margin of error.
2010,2006-2010,Bergen County,New Jersey,05000US34003,34,003,2006-2010 ACS 5-Year Detailed Tables,American Community Survey,survey estimate,B05007,PLACE OF BIRTH BY YEAR OF ENTRY BY CITIZENSHIP STATUS FOR THE FOREIGN-BORN POPULATION,B05007_052E,Estimate!!Total!!Latin America!!Central America!!Mexico!!Entered 1980 to 1989!!Not a U.S. citizen,584,284,persons,Foreign-born population,PLACE OF BIRTH BY YEAR OF ENTRY BY CITIZENSHIP STATUS FOR THE FOREIGN-BORN POPULATION,https://api.census.gov/data/2010/acs/acs5/groups/B05007.html,2006-2010 ACS 5-year period estimate; sample-based. MOE is Census-published margin of error.
2010,2006-2010,Bergen County,New Jersey,05000US34003,34,003,2006-2010 ACS 5-Year Detailed Tables,American Community Survey,survey estimate,B05007,PLACE OF BIRTH BY YEAR OF ENTRY BY CITIZENSHIP STATUS FOR THE FOREIGN-BORN POPULATION,B05007_053E,Estimate!!Total!!Latin America!!Central America!!Mexico!!Entered before 1980,277,106,persons,Foreign-born population,PLACE OF BIRTH BY YEAR OF ENTRY BY CITIZENSHIP STATUS FOR THE FOREIGN-BORN POPULATION,https://api.census.gov/data/2010/acs/acs5/groups/B05007.html,2006-2010 ACS 5-year period estimate; sample-based. MOE is Census-published margin of error.
2010,2006-2010,Bergen County,New Jersey,05000US34003,34,003,2006-2010 ACS 5-Year Detailed Tables,American Community Survey,survey estimate,B05007,PLACE OF BIRTH BY YEAR OF ENTRY BY CITIZENSHIP STATUS FOR THE FOREIGN-BORN POPULATION,B05007_054E,Estimate!!Total!!Latin America!!Central America!!Mexico!!Entered before 1980!!Naturalized U.S. citizen,241,98,persons,Foreign-born population,PLACE OF BIRTH BY YEAR OF ENTRY BY CITIZENSHIP STATUS FOR THE FOREIGN-BORN POPULATION,https://api.census.gov/data/2010/acs/acs5/groups/B05007.html,2006-2010 ACS 5-year period estimate; sample-based. MOE is Census-published margin of error.
2010,2006-2010,Bergen County,New Jersey,05000US34003,34,003,2006-2010 ACS 5-Year Detailed Tables,American Community Survey,survey estimate,B05007,PLACE OF BIRTH BY YEAR OF ENTRY BY CITIZENSHIP STATUS FOR THE FOREIGN-BORN POPULATION,B05007_055E,Estimate!!Total!!Latin America!!Central America!!Mexico!!Entered before 1980!!Not a U.S. citizen,36,59,persons,Foreign-born population,PLACE OF BIRTH BY YEAR OF ENTRY BY CITIZENSHIP STATUS FOR THE FOREIGN-BORN POPULATION,https://api.census.gov/data/2010/acs/acs5/groups/B05007.html,2006-2010 ACS 5-year period estimate; sample-based. MOE is Census-published margin of error.
2010,2006-2010,Bergen County,New Jersey,05000US34003,34,003,2006-2010 ACS 5-Year Detailed Tables,American Community Survey,survey estimate,B05007,PLACE OF BIRTH BY YEAR OF ENTRY BY CITIZENSHIP STATUS FOR THE FOREIGN-BORN POPULATION,B05007_056E,Estimate!!Total!!Latin America!!Central America!!Other Central America,12126,1494,persons,Foreign-born population,PLACE OF BIRTH BY YEAR OF ENTRY BY CITIZENSHIP STATUS FOR THE FOREIGN-BORN POPULATION,https://api.census.gov/data/2010/acs/acs5/groups/B05007.html,2006-2010 ACS 5-year period estimate; sample-based. MOE is Census-published margin of error.
2010,2006-2010,Bergen County,New Jersey,05000US34003,34,003,2006-2010 ACS 5-Year Detailed Tables,American Community Survey,survey estimate,B05007,PLACE OF BIRTH BY YEAR OF ENTRY BY CITIZENSHIP STATUS FOR THE FOREIGN-BORN POPULATION,B05007_057E,Estimate!!Total!!Latin America!!Central America!!Other Central America!!Entered 2000 or later,5157,1097,persons,Foreign-born population,PLACE OF BIRTH BY YEAR OF ENTRY BY CITIZENSHIP STATUS FOR THE FOREIGN-BORN POPULATION,https://api.census.gov/data/2010/acs/acs5/groups/B05007.html,2006-2010 ACS 5-year period estimate; sample-based. MOE is Census-published margin of error.
2010,2006-2010,Bergen County,New Jersey,05000US34003,34,003,2006-2010 ACS 5-Year Detailed Tables,American Community Survey,survey estimate,B05007,PLACE OF BIRTH BY YEAR OF ENTRY BY CITIZENSHIP STATUS FOR THE FOREIGN-BORN POPULATION,B05007_058E,Estimate!!Total!!Latin America!!Central America!!Other Central America!!Entered 2000 or later!!Naturalized U.S. citizen,316,186,persons,Foreign-born population,PLACE OF BIRTH BY YEAR OF ENTRY BY CITIZENSHIP STATUS FOR THE FOREIGN-BORN POPULATION,https://api.census.gov/data/2010/acs/acs5/groups/B05007.html,2006-2010 ACS 5-year period estimate; sample-based. MOE is Census-published margin of error.
2010,2006-2010,Bergen County,New Jersey,05000US34003,34,003,2006-2010 ACS 5-Year Detailed Tables,American Community Survey,survey estimate,B05007,PLACE OF BIRTH BY YEAR OF ENTRY BY CITIZENSHIP STATUS FOR THE FOREIGN-BORN POPULATION,B05007_059E,Estimate!!Total!!Latin America!!Central America!!Other Central America!!Entered 2000 or later!!Not a U.S. citizen,4841,1103,persons,Foreign-born population,PLACE OF BIRTH BY YEAR OF ENTRY BY CITIZENSHIP STATUS FOR THE FOREIGN-BORN POPULATION,https://api.census.gov/data/2010/acs/acs5/groups/B05007.html,2006-2010 ACS 5-year period estimate; sample-based. MOE is Census-published margin of error.
2010,2006-2010,Bergen County,New Jersey,05000US34003,34,003,2006-2010 ACS 5-Year Detailed Tables,American Community Survey,survey estimate,B05007,PLACE OF BIRTH BY YEAR OF ENTRY BY CITIZENSHIP STATUS FOR THE FOREIGN-BORN POPULATION,B05007_060E,Estimate!!Total!!Latin America!!Central America!!Other Central America!!Entered 1990 to 1999,3014,568,persons,Foreign-born population,PLACE OF BIRTH BY YEAR OF ENTRY BY CITIZENSHIP STATUS FOR THE FOREIGN-BORN POPULATION,https://api.census.gov/data/2010/acs/acs5/groups/B05007.html,2006-2010 ACS 5-year period estimate; sample-based. MOE is Census-published margin of error.
2010,2006-2010,Bergen County,New Jersey,05000US34003,34,003,2006-2010 ACS 5-Year Detailed Tables,American Community Survey,survey estimate,B05007,PLACE OF BIRTH BY YEAR OF ENTRY BY CITIZENSHIP STATUS FOR THE FOREIGN-BORN POPULATION,B05007_061E,Estimate!!Total!!Latin America!!Central America!!Other Central America!!Entered 1990 to 1999!!Naturalized U.S. citizen,836,259,persons,Foreign-born population,PLACE OF BIRTH BY YEAR OF ENTRY BY CITIZENSHIP STATUS FOR THE FOREIGN-BORN POPULATION,https://api.census.gov/data/2010/acs/acs5/groups/B05007.html,2006-2010 ACS 5-year period estimate; sample-based. MOE is Census-published margin of error.
2010,2006-2010,Bergen County,New Jersey,05000US34003,34,003,2006-2010 ACS 5-Year Detailed Tables,American Community Survey,survey estimate,B05007,PLACE OF BIRTH BY YEAR OF ENTRY BY CITIZENSHIP STATUS FOR THE FOREIGN-BORN POPULATION,B05007_062E,Estimate!!Total!!Latin America!!Central America!!Other Central America!!Entered 1990 to 1999!!Not a U.S. citizen,2178,514,persons,Foreign-born population,PLACE OF BIRTH BY YEAR OF ENTRY BY CITIZENSHIP STATUS FOR THE FOREIGN-BORN POPULATION,https://api.census.gov/data/2010/acs/acs5/groups/B05007.html,2006-2010 ACS 5-year period estimate; sample-based. MOE is Census-published margin of error.
2010,2006-2010,Bergen County,New Jersey,05000US34003,34,003,2006-2010 ACS 5-Year Detailed Tables,American Community Survey,survey estimate,B05007,PLACE OF BIRTH BY YEAR OF ENTRY BY CITIZENSHIP STATUS FOR THE FOREIGN-BORN POPULATION,B05007_063E,Estimate!!Total!!Latin America!!Central America!!Other Central America!!Entered 1980 to 1989,2414,491,persons,Foreign-born population,PLACE OF BIRTH BY YEAR OF ENTRY BY CITIZENSHIP STATUS FOR THE FOREIGN-BORN POPULATION,https://api.census.gov/data/2010/acs/acs5/groups/B05007.html,2006-2010 ACS 5-year period estimate; sample-based. MOE is Census-published margin of error.
2010,2006-2010,Bergen County,New Jersey,05000US34003,34,003,2006-2010 ACS 5-Year Detailed Tables,American Community Survey,survey estimate,B05007,PLACE OF BIRTH BY YEAR OF ENTRY BY CITIZENSHIP STATUS FOR THE FOREIGN-BORN POPULATION,B05007_064E,Estimate!!Total!!Latin America!!Central America!!Other Central America!!Entered 1980 to 1989!!Naturalized U.S. citizen,1583,348,persons,Foreign-born population,PLACE OF BIRTH BY YEAR OF ENTRY BY CITIZENSHIP STATUS FOR THE FOREIGN-BORN POPULATION,https://api.census.gov/data/2010/acs/acs5/groups/B05007.html,2006-2010 ACS 5-year period estimate; sample-based. MOE is Census-published margin of error.
2010,2006-2010,Bergen County,New Jersey,05000US34003,34,003,2006-2010 ACS 5-Year Detailed Tables,American Community Survey,survey estimate,B05007,PLACE OF BIRTH BY YEAR OF ENTRY BY CITIZENSHIP STATUS FOR THE FOREIGN-BORN POPULATION,B05007_065E,Estimate!!Total!!Latin America!!Central America!!Other Central America!!Entered 1980 to 1989!!Not a U.S. citizen,831,293,persons,Foreign-born population,PLACE OF BIRTH BY YEAR OF ENTRY BY CITIZENSHIP STATUS FOR THE FOREIGN-BORN POPULATION,https://api.census.gov/data/2010/acs/acs5/groups/B05007.html,2006-2010 ACS 5-year period estimate; sample-based. MOE is Census-published margin of error.
2010,2006-2010,Bergen County,New Jersey,05000US34003,34,003,2006-2010 ACS 5-Year Detailed Tables,American Community Survey,survey estimate,B05007,PLACE OF BIRTH BY YEAR OF ENTRY BY CITIZENSHIP STATUS FOR THE FOREIGN-BORN POPULATION,B05007_066E,Estimate!!Total!!Latin America!!Central America!!Other Central America!!Entered before 1980,1541,335,persons,Foreign-born population,PLACE OF BIRTH BY YEAR OF ENTRY BY CITIZENSHIP STATUS FOR THE FOREIGN-BORN POPULATION,https://api.census.gov/data/2010/acs/acs5/groups/B05007.html,2006-2010 ACS 5-year period estimate; sample-based. MOE is Census-published margin of error.
2010,2006-2010,Bergen County,New Jersey,05000US34003,34,003,2006-2010 ACS 5-Year Detailed Tables,American Community Survey,survey estimate,B05007,PLACE OF BIRTH BY YEAR OF ENTRY BY CITIZENSHIP STATUS FOR THE FOREIGN-BORN POPULATION,B05007_067E,Estimate!!Total!!Latin America!!Central America!!Other Central America!!Entered before 1980!!Naturalized U.S. citizen,1296,302,persons,Foreign-born population,PLACE OF BIRTH BY YEAR OF ENTRY BY CITIZENSHIP STATUS FOR THE FOREIGN-BORN POPULATION,https://api.census.gov/data/2010/acs/acs5/groups/B05007.html,2006-2010 ACS 5-year period estimate; sample-based. MOE is Census-published margin of error.
2010,2006-2010,Bergen County,New Jersey,05000US34003,34,003,2006-2010 ACS 5-Year Detailed Tables,American Community Survey,survey estimate,B05007,PLACE OF BIRTH BY YEAR OF ENTRY BY CITIZENSHIP STATUS FOR THE FOREIGN-BORN POPULATION,B05007_068E,Estimate!!Total!!Latin America!!Central America!!Other Central America!!Entered before 1980!!Not a U.S. citizen,245,130,persons,Foreign-born population,PLACE OF BIRTH BY YEAR OF ENTRY BY CITIZENSHIP STATUS FOR THE FOREIGN-BORN POPULATION,https://api.census.gov/data/2010/acs/acs5/groups/B05007.html,2006-2010 ACS 5-year period estimate; sample-based. MOE is Census-published margin of error.
2010,2006-2010,Bergen County,New Jersey,05000US34003,34,003,2006-2010 ACS 5-Year Detailed Tables,American Community Survey,survey estimate,B05007,PLACE OF BIRTH BY YEAR OF ENTRY BY CITIZENSHIP STATUS FOR THE FOREIGN-BORN POPULATION,B05007_069E,Estimate!!Total!!Latin America!!South America,34734,1894,persons,Foreign-born population,PLACE OF BIRTH BY YEAR OF ENTRY BY CITIZENSHIP STATUS FOR THE FOREIGN-BORN POPULATION,https://api.census.gov/data/2010/acs/acs5/groups/B05007.html,2006-2010 ACS 5-year period estimate; sample-based. MOE is Census-published margin of error.
2010,2006-2010,Bergen County,New Jersey,05000US34003,34,003,2006-2010 ACS 5-Year Detailed Tables,American Community Survey,survey estimate,B05007,PLACE OF BIRTH BY YEAR OF ENTRY BY CITIZENSHIP STATUS FOR THE FOREIGN-BORN POPULATION,B05007_070E,Estimate!!Total!!Latin America!!South America!!Entered 2000 or later,9314,1205,persons,Foreign-born population,PLACE OF BIRTH BY YEAR OF ENTRY BY CITIZENSHIP STATUS FOR THE FOREIGN-BORN POPULATION,https://api.census.gov/data/2010/acs/acs5/groups/B05007.html,2006-2010 ACS 5-year period estimate; sample-based. MOE is Census-published margin of error.
2010,2006-2010,Bergen County,New Jersey,05000US34003,34,003,2006-2010 ACS 5-Year Detailed Tables,American Community Survey,survey estimate,B05007,PLACE OF BIRTH BY YEAR OF ENTRY BY CITIZENSHIP STATUS FOR THE FOREIGN-BORN POPULATION,B05007_071E,Estimate!!Total!!Latin America!!South America!!Entered 2000 or later!!Naturalized U.S. citizen,1273,403,persons,Foreign-born population,PLACE OF BIRTH BY YEAR OF ENTRY BY CITIZENSHIP STATUS FOR THE FOREIGN-BORN POPULATION,https://api.census.gov/data/2010/acs/acs5/groups/B05007.html,2006-2010 ACS 5-year period estimate; sample-based. MOE is Census-published margin of error.
2010,2006-2010,Bergen County,New Jersey,05000US34003,34,003,2006-2010 ACS 5-Year Detailed Tables,American Community Survey,survey estimate,B05007,PLACE OF BIRTH BY YEAR OF ENTRY BY CITIZENSHIP STATUS FOR THE FOREIGN-BORN POPULATION,B05007_072E,Estimate!!Total!!Latin America!!South America!!Entered 2000 or later!!Not a U.S. citizen,8041,1081,persons,Foreign-born population,PLACE OF BIRTH BY YEAR OF ENTRY BY CITIZENSHIP STATUS FOR THE FOREIGN-BORN POPULATION,https://api.census.gov/data/2010/acs/acs5/groups/B05007.html,2006-2010 ACS 5-year period estimate; sample-based. MOE is Census-published margin of error.
2010,2006-2010,Bergen County,New Jersey,05000US34003,34,003,2006-2010 ACS 5-Year Detailed Tables,American Community Survey,survey estimate,B05007,PLACE OF BIRTH BY YEAR OF ENTRY BY CITIZENSHIP STATUS FOR THE FOREIGN-BORN POPULATION,B05007_073E,Estimate!!Total!!Latin America!!South America!!Entered 1990 to 1999,10873,1109,persons,Foreign-born population,PLACE OF BIRTH BY YEAR OF ENTRY BY CITIZENSHIP STATUS FOR THE FOREIGN-BORN POPULATION,https://api.census.gov/data/2010/acs/acs5/groups/B05007.html,2006-2010 ACS 5-year period estimate; sample-based. MOE is Census-published margin of error.
2010,2006-2010,Bergen County,New Jersey,05000US34003,34,003,2006-2010 ACS 5-Year Detailed Tables,American Community Survey,survey estimate,B05007,PLACE OF BIRTH BY YEAR OF ENTRY BY CITIZENSHIP STATUS FOR THE FOREIGN-BORN POPULATION,B05007_074E,Estimate!!Total!!Latin America!!South America!!Entered 1990 to 1999!!Naturalized U.S. citizen,4914,625,persons,Foreign-born population,PLACE OF BIRTH BY YEAR OF ENTRY BY CITIZENSHIP STATUS FOR THE FOREIGN-BORN POPULATION,https://api.census.gov/data/2010/acs/acs5/groups/B05007.html,2006-2010 ACS 5-year period estimate; sample-based. MOE is Census-published margin of error.
2010,2006-2010,Bergen County,New Jersey,05000US34003,34,003,2006-2010 ACS 5-Year Detailed Tables,American Community Survey,survey estimate,B05007,PLACE OF BIRTH BY YEAR OF ENTRY BY CITIZENSHIP STATUS FOR THE FOREIGN-BORN POPULATION,B05007_075E,Estimate!!Total!!Latin America!!South America!!Entered 1990 to 1999!!Not a U.S. citizen,5959,895,persons,Foreign-born population,PLACE OF BIRTH BY YEAR OF ENTRY BY CITIZENSHIP STATUS FOR THE FOREIGN-BORN POPULATION,https://api.census.gov/data/2010/acs/acs5/groups/B05007.html,2006-2010 ACS 5-year period estimate; sample-based. MOE is Census-published margin of error.
2010,2006-2010,Bergen County,New Jersey,05000US34003,34,003,2006-2010 ACS 5-Year Detailed Tables,American Community Survey,survey estimate,B05007,PLACE OF BIRTH BY YEAR OF ENTRY BY CITIZENSHIP STATUS FOR THE FOREIGN-BORN POPULATION,B05007_076E,Estimate!!Total!!Latin America!!South America!!Entered 1980 to 1989,7807,834,persons,Foreign-born population,PLACE OF BIRTH BY YEAR OF ENTRY BY CITIZENSHIP STATUS FOR THE FOREIGN-BORN POPULATION,https://api.census.gov/data/2010/acs/acs5/groups/B05007.html,2006-2010 ACS 5-year period estimate; sample-based. MOE is Census-published margin of error.
2010,2006-2010,Bergen County,New Jersey,05000US34003,34,003,2006-2010 ACS 5-Year Detailed Tables,American Community Survey,survey estimate,B05007,PLACE OF BIRTH BY YEAR OF ENTRY BY CITIZENSHIP STATUS FOR THE FOREIGN-BORN POPULATION,B05007_077E,Estimate!!Total!!Latin America!!South America!!Entered 1980 to 1989!!Naturalized U.S. citizen,6124,777,persons,Foreign-born population,PLACE OF BIRTH BY YEAR OF ENTRY BY CITIZENSHIP STATUS FOR THE FOREIGN-BORN POPULATION,https://api.census.gov/data/2010/acs/acs5/groups/B05007.html,2006-2010 ACS 5-year period estimate; sample-based. MOE is Census-published margin of error.
2010,2006-2010,Bergen County,New Jersey,05000US34003,34,003,2006-2010 ACS 5-Year Detailed Tables,American Community Survey,survey estimate,B05007,PLACE OF BIRTH BY YEAR OF ENTRY BY CITIZENSHIP STATUS FOR THE FOREIGN-BORN POPULATION,B05007_078E,Estimate!!Total!!Latin America!!South America!!Entered 1980 to 1989!!Not a U.S. citizen,1683,387,persons,Foreign-born population,PLACE OF BIRTH BY YEAR OF ENTRY BY CITIZENSHIP STATUS FOR THE FOREIGN-BORN POPULATION,https://api.census.gov/data/2010/acs/acs5/groups/B05007.html,2006-2010 ACS 5-year period estimate; sample-based. MOE is Census-published margin of error.
2010,2006-2010,Bergen County,New Jersey,05000US34003,34,003,2006-2010 ACS 5-Year Detailed Tables,American Community Survey,survey estimate,B05007,PLACE OF BIRTH BY YEAR OF ENTRY BY CITIZENSHIP STATUS FOR THE FOREIGN-BORN POPULATION,B05007_079E,Estimate!!Total!!Latin America!!South America!!Entered before 1980,6740,715,persons,Foreign-born population,PLACE OF BIRTH BY YEAR OF ENTRY BY CITIZENSHIP STATUS FOR THE FOREIGN-BORN POPULATION,https://api.census.gov/data/2010/acs/acs5/groups/B05007.html,2006-2010 ACS 5-year period estimate; sample-based. MOE is Census-published margin of error.
2010,2006-2010,Bergen County,New Jersey,05000US34003,34,003,2006-2010 ACS 5-Year Detailed Tables,American Community Survey,survey estimate,B05007,PLACE OF BIRTH BY YEAR OF ENTRY BY CITIZENSHIP STATUS FOR THE FOREIGN-BORN POPULATION,B05007_080E,Estimate!!Total!!Latin America!!South America!!Entered before 1980!!Naturalized U.S. citizen,6085,699,persons,Foreign-born population,PLACE OF BIRTH BY YEAR OF ENTRY BY CITIZENSHIP STATUS FOR THE FOREIGN-BORN POPULATION,https://api.census.gov/data/2010/acs/acs5/groups/B05007.html,2006-2010 ACS 5-year period estimate; sample-based. MOE is Census-published margin of error.
2010,2006-2010,Bergen County,New Jersey,05000US34003,34,003,2006-2010 ACS 5-Year Detailed Tables,American Community Survey,survey estimate,B05007,PLACE OF BIRTH BY YEAR OF ENTRY BY CITIZENSHIP STATUS FOR THE FOREIGN-BORN POPULATION,B05007_081E,Estimate!!Total!!Latin America!!South America!!Entered before 1980!!Not a U.S. citizen,655,237,persons,Foreign-born population,PLACE OF BIRTH BY YEAR OF ENTRY BY CITIZENSHIP STATUS FOR THE FOREIGN-BORN POPULATION,https://api.census.gov/data/2010/acs/acs5/groups/B05007.html,2006-2010 ACS 5-year period estimate; sample-based. MOE is Census-published margin of error.
2010,2006-2010,Bergen County,New Jersey,05000US34003,34,003,2006-2010 ACS 5-Year Detailed Tables,American Community Survey,survey estimate,B05007,PLACE OF BIRTH BY YEAR OF ENTRY BY CITIZENSHIP STATUS FOR THE FOREIGN-BORN POPULATION,B05007_082E,Estimate!!Total!!Other areas,8611,867,persons,Foreign-born population,PLACE OF BIRTH BY YEAR OF ENTRY BY CITIZENSHIP STATUS FOR THE FOREIGN-BORN POPULATION,https://api.census.gov/data/2010/acs/acs5/groups/B05007.html,2006-2010 ACS 5-year period estimate; sample-based. MOE is Census-published margin of error.
2010,2006-2010,Bergen County,New Jersey,05000US34003,34,003,2006-2010 ACS 5-Year Detailed Tables,American Community Survey,survey estimate,B05007,PLACE OF BIRTH BY YEAR OF ENTRY BY CITIZENSHIP STATUS FOR THE FOREIGN-BORN POPULATION,B05007_083E,Estimate!!Total!!Other areas!!Entered 2000 or later,2380,525,persons,Foreign-born population,PLACE OF BIRTH BY YEAR OF ENTRY BY CITIZENSHIP STATUS FOR THE FOREIGN-BORN POPULATION,https://api.census.gov/data/2010/acs/acs5/groups/B05007.html,2006-2010 ACS 5-year period estimate; sample-based. MOE is Census-published margin of error.
2010,2006-2010,Bergen County,New Jersey,05000US34003,34,003,2006-2010 ACS 5-Year Detailed Tables,American Community Survey,survey estimate,B05007,PLACE OF BIRTH BY YEAR OF ENTRY BY CITIZENSHIP STATUS FOR THE FOREIGN-BORN POPULATION,B05007_084E,Estimate!!Total!!Other areas!!Entered 2000 or later!!Naturalized U.S. citizen,348,151,persons,Foreign-born population,PLACE OF BIRTH BY YEAR OF ENTRY BY CITIZENSHIP STATUS FOR THE FOREIGN-BORN POPULATION,https://api.census.gov/data/2010/acs/acs5/groups/B05007.html,2006-2010 ACS 5-year period estimate; sample-based. MOE is Census-published margin of error.
2010,2006-2010,Bergen County,New Jersey,05000US34003,34,003,2006-2010 ACS 5-Year Detailed Tables,American Community Survey,survey estimate,B05007,PLACE OF BIRTH BY YEAR OF ENTRY BY CITIZENSHIP STATUS FOR THE FOREIGN-BORN POPULATION,B05007_085E,Estimate!!Total!!Other areas!!Entered 2000 or later!!Not a U.S. citizen,2032,484,persons,Foreign-born population,PLACE OF BIRTH BY YEAR OF ENTRY BY CITIZENSHIP STATUS FOR THE FOREIGN-BORN POPULATION,https://api.census.gov/data/2010/acs/acs5/groups/B05007.html,2006-2010 ACS 5-year period estimate; sample-based. MOE is Census-published margin of error.
2010,2006-2010,Bergen County,New Jersey,05000US34003,34,003,2006-2010 ACS 5-Year Detailed Tables,American Community Survey,survey estimate,B05007,PLACE OF BIRTH BY YEAR OF ENTRY BY CITIZENSHIP STATUS FOR THE FOREIGN-BORN POPULATION,B05007_086E,Estimate!!Total!!Other areas!!Entered 1990 to 1999,2202,369,persons,Foreign-born population,PLACE OF BIRTH BY YEAR OF ENTRY BY CITIZENSHIP STATUS FOR THE FOREIGN-BORN POPULATION,https://api.census.gov/data/2010/acs/acs5/groups/B05007.html,2006-2010 ACS 5-year period estimate; sample-based. MOE is Census-published margin of error.
2010,2006-2010,Bergen County,New Jersey,05000US34003,34,003,2006-2010 ACS 5-Year Detailed Tables,American Community Survey,survey estimate,B05007,PLACE OF BIRTH BY YEAR OF ENTRY BY CITIZENSHIP STATUS FOR THE FOREIGN-BORN POPULATION,B05007_087E,Estimate!!Total!!Other areas!!Entered 1990 to 1999!!Naturalized U.S. citizen,1089,258,persons,Foreign-born population,PLACE OF BIRTH BY YEAR OF ENTRY BY CITIZENSHIP STATUS FOR THE FOREIGN-BORN POPULATION,https://api.census.gov/data/2010/acs/acs5/groups/B05007.html,2006-2010 ACS 5-year period estimate; sample-based. MOE is Census-published margin of error.
2010,2006-2010,Bergen County,New Jersey,05000US34003,34,003,2006-2010 ACS 5-Year Detailed Tables,American Community Survey,survey estimate,B05007,PLACE OF BIRTH BY YEAR OF ENTRY BY CITIZENSHIP STATUS FOR THE FOREIGN-BORN POPULATION,B05007_088E,Estimate!!Total!!Other areas!!Entered 1990 to 1999!!Not a U.S. citizen,1113,277,persons,Foreign-born population,PLACE OF BIRTH BY YEAR OF ENTRY BY CITIZENSHIP STATUS FOR THE FOREIGN-BORN POPULATION,https://api.census.gov/data/2010/acs/acs5/groups/B05007.html,2006-2010 ACS 5-year period estimate; sample-based. MOE is Census-published margin of error.
2010,2006-2010,Bergen County,New Jersey,05000US34003,34,003,2006-2010 ACS 5-Year Detailed Tables,American Community Survey,survey estimate,B05007,PLACE OF BIRTH BY YEAR OF ENTRY BY CITIZENSHIP STATUS FOR THE FOREIGN-BORN POPULATION,B05007_089E,Estimate!!Total!!Other areas!!Entered 1980 to 1989,1590,332,persons,Foreign-born population,PLACE OF BIRTH BY YEAR OF ENTRY BY CITIZENSHIP STATUS FOR THE FOREIGN-BORN POPULATION,https://api.census.gov/data/2010/acs/acs5/groups/B05007.html,2006-2010 ACS 5-year period estimate; sample-based. MOE is Census-published margin of error.
2010,2006-2010,Bergen County,New Jersey,05000US34003,34,003,2006-2010 ACS 5-Year Detailed Tables,American Community Survey,survey estimate,B05007,PLACE OF BIRTH BY YEAR OF ENTRY BY CITIZENSHIP STATUS FOR THE FOREIGN-BORN POPULATION,B05007_090E,Estimate!!Total!!Other areas!!Entered 1980 to 1989!!Naturalized U.S. citizen,1271,293,persons,Foreign-born population,PLACE OF BIRTH BY YEAR OF ENTRY BY CITIZENSHIP STATUS FOR THE FOREIGN-BORN POPULATION,https://api.census.gov/data/2010/acs/acs5/groups/B05007.html,2006-2010 ACS 5-year period estimate; sample-based. MOE is Census-published margin of error.
2010,2006-2010,Bergen County,New Jersey,05000US34003,34,003,2006-2010 ACS 5-Year Detailed Tables,American Community Survey,survey estimate,B05007,PLACE OF BIRTH BY YEAR OF ENTRY BY CITIZENSHIP STATUS FOR THE FOREIGN-BORN POPULATION,B05007_091E,Estimate!!Total!!Other areas!!Entered 1980 to 1989!!Not a U.S. citizen,319,172,persons,Foreign-born population,PLACE OF BIRTH BY YEAR OF ENTRY BY CITIZENSHIP STATUS FOR THE FOREIGN-BORN POPULATION,https://api.census.gov/data/2010/acs/acs5/groups/B05007.html,2006-2010 ACS 5-year period estimate; sample-based. MOE is Census-published margin of error.
2010,2006-2010,Bergen County,New Jersey,05000US34003,34,003,2006-2010 ACS 5-Year Detailed Tables,American Community Survey,survey estimate,B05007,PLACE OF BIRTH BY YEAR OF ENTRY BY CITIZENSHIP STATUS FOR THE FOREIGN-BORN POPULATION,B05007_092E,Estimate!!Total!!Other areas!!Entered before 1980,2439,383,persons,Foreign-born population,PLACE OF BIRTH BY YEAR OF ENTRY BY CITIZENSHIP STATUS FOR THE FOREIGN-BORN POPULATION,https://api.census.gov/data/2010/acs/acs5/groups/B05007.html,2006-2010 ACS 5-year period estimate; sample-based. MOE is Census-published margin of error.
2010,2006-2010,Bergen County,New Jersey,05000US34003,34,003,2006-2010 ACS 5-Year Detailed Tables,American Community Survey,survey estimate,B05007,PLACE OF BIRTH BY YEAR OF ENTRY BY CITIZENSHIP STATUS FOR THE FOREIGN-BORN POPULATION,B05007_093E,Estimate!!Total!!Other areas!!Entered before 1980!!Naturalized U.S. citizen,2145,362,persons,Foreign-born population,PLACE OF BIRTH BY YEAR OF ENTRY BY CITIZENSHIP STATUS FOR THE FOREIGN-BORN POPULATION,https://api.census.gov/data/2010/acs/acs5/groups/B05007.html,2006-2010 ACS 5-year period estimate; sample-based. MOE is Census-published margin of error.
2010,2006-2010,Bergen County,New Jersey,05000US34003,34,003,2006-2010 ACS 5-Year Detailed Tables,American Community Survey,survey estimate,B05007,PLACE OF BIRTH BY YEAR OF ENTRY BY CITIZENSHIP STATUS FOR THE FOREIGN-BORN POPULATION,B05007_094E,Estimate!!Total!!Other areas!!Entered before 1980!!Not a U.S. citizen,294,127,persons,Foreign-born population,PLACE OF BIRTH BY YEAR OF ENTRY BY CITIZENSHIP STATUS FOR THE FOREIGN-BORN POPULATION,https://api.census.gov/data/2010/acs/acs5/groups/B05007.html,2006-2010 ACS 5-year period estimate; sample-based. MOE is Census-published margin of error.
