year,source_period,geography,state,geoid,state_fips,county_fips,source_family,dataset,table_id,table_title,variable_id,source_label,estimate,margin_of_error,estimate_annotation,moe_annotation,unit,universe,source_url,verification_status,notes,standard_variable,comparability_group,match_quality,match_basis,selection_priority,matched_master_years,matched_master_year,matched_master_crosswalk_id,matched_master_source_label,historical_comparability,recommended_series_record,selection_notes
2020,2016-2020,Bergen County,New Jersey,05000US34003,34,003,American Community Survey,2016-2020 ACS 5-Year Estimates,B05012,NATIVITY IN THE UNITED STATES,B05012_003E,Estimate!!Total:!!Foreign-Born,286648,3614,,,persons,Total population,https://api.census.gov/data/2020/acs/acs5/groups/B05012.html,retrieved_and_moe_matched,2016–2020 ACS 5-Year estimate; sample-based period estimate.,foreign_born_population,foreign_born_population,direct_core_measure,Direct foreign-born population count; canonical 2020 core series record.,core,1970|1980|1990|2000|2010,2010,BC-2010-001,Estimate!!Total,review_required,yes,"Selected as a direct foreign-born measure. The 2020 value is a 2016-2020 ACS 5-Year period estimate, not a Decennial Census count."
2020,2016-2020,Bergen County,New Jersey,05000US34003,34,003,American Community Survey,2016-2020 ACS 5-Year Estimates,B05001,NATIVITY AND CITIZENSHIP STATUS IN THE UNITED STATES,B05001_005E,Estimate!!Total:!!U.S. citizen by naturalization,184973,3517,,,persons,Total population,https://api.census.gov/data/2020/acs/acs5/groups/B05001.html,retrieved_and_moe_matched,2016–2020 ACS 5-Year estimate; sample-based period estimate.,foreign_born_naturalized_citizen,citizenship_foreign_born,direct_concept_match,Direct naturalized-citizen count; together with noncitizens it reconciles to the foreign-born total.,strong,1980|1990,1990,BC-1990-004,Naturalized citizen,review_required,no,"Selected as a direct foreign-born measure. The 2020 value is a 2016-2020 ACS 5-Year period estimate, not a Decennial Census count."
2020,2016-2020,Bergen County,New Jersey,05000US34003,34,003,American Community Survey,2016-2020 ACS 5-Year Estimates,B05001,NATIVITY AND CITIZENSHIP STATUS IN THE UNITED STATES,B05001_006E,Estimate!!Total:!!Not a U.S. citizen,101675,3155,,,persons,Total population,https://api.census.gov/data/2020/acs/acs5/groups/B05001.html,retrieved_and_moe_matched,2016–2020 ACS 5-Year estimate; sample-based period estimate.,foreign_born_not_citizen,citizenship_foreign_born,direct_concept_match,Direct noncitizen count; together with naturalized citizens it reconciles to the foreign-born total.,strong,1980|1990,1990,BC-1990-005,Not a citizen,review_required,no,"Selected as a direct foreign-born measure. The 2020 value is a 2016-2020 ACS 5-Year period estimate, not a Decennial Census count."
2020,2016-2020,Bergen County,New Jersey,05000US34003,34,003,American Community Survey,2016-2020 ACS 5-Year Estimates,B05006,PLACE OF BIRTH FOR THE FOREIGN-BORN POPULATION IN THE UNITED STATES,B05006_001E,Estimate!!Total:,286648,3614,,,persons,Foreign-born population excluding population born at sea,https://api.census.gov/data/2020/acs/acs5/groups/B05006.html,retrieved_and_moe_matched,2016–2020 ACS 5-Year estimate; sample-based period estimate.,foreign_born_population,foreign_born_population,exact_2010_hierarchy_match,Table ID and complete Census hierarchy match the 2010 master after capitalization and punctuation normalization only.,strong,1970|1980|1990|2000|2010,2010,BC-2010-001,Estimate!!Total,review_required,no,Selected because it is the strongest structural match already represented in the master. Review ACS period and category methodology before longitudinal analysis.
2020,2016-2020,Bergen County,New Jersey,05000US34003,34,003,American Community Survey,2016-2020 ACS 5-Year Estimates,B05006,PLACE OF BIRTH FOR THE FOREIGN-BORN POPULATION IN THE UNITED STATES,B05006_002E,Estimate!!Total:!!Europe:,57406,2511,,,persons,Foreign-born population excluding population born at sea,https://api.census.gov/data/2020/acs/acs5/groups/B05006.html,retrieved_and_moe_matched,2016–2020 ACS 5-Year estimate; sample-based period estimate.,foreign_born_country_of_birth_europe,country_of_birth,exact_2010_hierarchy_match,Table ID and complete Census hierarchy match the 2010 master after capitalization and punctuation normalization only.,strong,1980|2000|2010,2010,BC-2010-002,Estimate!!Total!!Europe,review_required,no,Selected because it is the strongest structural match already represented in the master. Review ACS period and category methodology before longitudinal analysis.
2020,2016-2020,Bergen County,New Jersey,05000US34003,34,003,American Community Survey,2016-2020 ACS 5-Year Estimates,B05006,PLACE OF BIRTH FOR THE FOREIGN-BORN POPULATION IN THE UNITED STATES,B05006_003E,Estimate!!Total:!!Europe:!!Northern Europe:,5406,797,,,persons,Foreign-born population excluding population born at sea,https://api.census.gov/data/2020/acs/acs5/groups/B05006.html,retrieved_and_moe_matched,2016–2020 ACS 5-Year estimate; sample-based period estimate.,foreign_born_country_of_birth_europe_northern_europe,country_of_birth,exact_2010_hierarchy_match,Table ID and complete Census hierarchy match the 2010 master after capitalization and punctuation normalization only.,strong,2000|2010,2010,BC-2010-003,Estimate!!Total!!Europe!!Northern Europe,review_required,no,Selected because it is the strongest structural match already represented in the master. Review ACS period and category methodology before longitudinal analysis.
2020,2016-2020,Bergen County,New Jersey,05000US34003,34,003,American Community Survey,2016-2020 ACS 5-Year Estimates,B05006,PLACE OF BIRTH FOR THE FOREIGN-BORN POPULATION IN THE UNITED STATES,B05006_004E,Estimate!!Total:!!Europe:!!Northern Europe:!!Denmark,117,102,,,persons,Foreign-born population excluding population born at sea,https://api.census.gov/data/2020/acs/acs5/groups/B05006.html,retrieved_and_moe_matched,2016–2020 ACS 5-Year estimate; sample-based period estimate.,foreign_born_country_of_birth_europe_northern_europe_denmark,country_of_birth,exact_2010_hierarchy_match,Table ID and complete Census hierarchy match the 2010 master after capitalization and punctuation normalization only.,strong,2010,2010,BC-2010-009,Estimate!!Total!!Europe!!Northern Europe!!Denmark,review_required,no,Selected because it is the strongest structural match already represented in the master. Review ACS period and category methodology before longitudinal analysis.
2020,2016-2020,Bergen County,New Jersey,05000US34003,34,003,American Community Survey,2016-2020 ACS 5-Year Estimates,B05006,PLACE OF BIRTH FOR THE FOREIGN-BORN POPULATION IN THE UNITED STATES,B05006_005E,Estimate!!Total:!!Europe:!!Northern Europe:!!Ireland,2052,647,,,persons,Foreign-born population excluding population born at sea,https://api.census.gov/data/2020/acs/acs5/groups/B05006.html,retrieved_and_moe_matched,2016–2020 ACS 5-Year estimate; sample-based period estimate.,foreign_born_country_of_birth_ireland,country_of_birth,exact_2010_hierarchy_match,Table ID and complete Census hierarchy match the 2010 master after capitalization and punctuation normalization only.,strong,1980|1990|2000|2010,2010,BC-2010-008,Estimate!!Total!!Europe!!Northern Europe!!Ireland,review_required,no,Selected because it is the strongest structural match already represented in the master. Review ACS period and category methodology before longitudinal analysis.
2020,2016-2020,Bergen County,New Jersey,05000US34003,34,003,American Community Survey,2016-2020 ACS 5-Year Estimates,B05006,PLACE OF BIRTH FOR THE FOREIGN-BORN POPULATION IN THE UNITED STATES,B05006_006E,Estimate!!Total:!!Europe:!!Northern Europe:!!Norway,116,76,,,persons,Foreign-born population excluding population born at sea,https://api.census.gov/data/2020/acs/acs5/groups/B05006.html,retrieved_and_moe_matched,2016–2020 ACS 5-Year estimate; sample-based period estimate.,foreign_born_country_of_birth_europe_northern_europe_norway,country_of_birth,exact_2010_hierarchy_match,Table ID and complete Census hierarchy match the 2010 master after capitalization and punctuation normalization only.,strong,2010,2010,BC-2010-010,Estimate!!Total!!Europe!!Northern Europe!!Norway,review_required,no,Selected because it is the strongest structural match already represented in the master. Review ACS period and category methodology before longitudinal analysis.
2020,2016-2020,Bergen County,New Jersey,05000US34003,34,003,American Community Survey,2016-2020 ACS 5-Year Estimates,B05006,PLACE OF BIRTH FOR THE FOREIGN-BORN POPULATION IN THE UNITED STATES,B05006_007E,Estimate!!Total:!!Europe:!!Northern Europe:!!Sweden,131,91,,,persons,Foreign-born population excluding population born at sea,https://api.census.gov/data/2020/acs/acs5/groups/B05006.html,retrieved_and_moe_matched,2016–2020 ACS 5-Year estimate; sample-based period estimate.,foreign_born_country_of_birth_sweden,country_of_birth,exact_2010_hierarchy_match,Table ID and complete Census hierarchy match the 2010 master after capitalization and punctuation normalization only.,strong,1980|1990|2000|2010,2010,BC-2010-011,Estimate!!Total!!Europe!!Northern Europe!!Sweden,review_required,no,Selected because it is the strongest structural match already represented in the master. Review ACS period and category methodology before longitudinal analysis.
2020,2016-2020,Bergen County,New Jersey,05000US34003,34,003,American Community Survey,2016-2020 ACS 5-Year Estimates,B05006,PLACE OF BIRTH FOR THE FOREIGN-BORN POPULATION IN THE UNITED STATES,B05006_008E,Estimate!!Total:!!Europe:!!Northern Europe:!!United Kingdom (inc. Crown Dependencies):,2917,391,,,persons,Foreign-born population excluding population born at sea,https://api.census.gov/data/2020/acs/acs5/groups/B05006.html,retrieved_and_moe_matched,2016–2020 ACS 5-Year estimate; sample-based period estimate.,foreign_born_country_of_birth_europe_northern_europe_united_kingdom_inc_crown_dependencies,country_of_birth,exact_2010_hierarchy_match,Table ID and complete Census hierarchy match the 2010 master after capitalization and punctuation normalization only.,strong,2010,2010,BC-2010-004,Estimate!!Total!!Europe!!Northern Europe!!United Kingdom (inc. Crown Dependencies),review_required,no,Selected because it is the strongest structural match already represented in the master. Review ACS period and category methodology before longitudinal analysis.
2020,2016-2020,Bergen County,New Jersey,05000US34003,34,003,American Community Survey,2016-2020 ACS 5-Year Estimates,B05006,PLACE OF BIRTH FOR THE FOREIGN-BORN POPULATION IN THE UNITED STATES,B05006_009E,"Estimate!!Total:!!Europe:!!Northern Europe:!!United Kingdom (inc. Crown Dependencies):!!United Kingdom, excluding England and Scotland",1258,261,,,persons,Foreign-born population excluding population born at sea,https://api.census.gov/data/2020/acs/acs5/groups/B05006.html,retrieved_and_moe_matched,2016–2020 ACS 5-Year estimate; sample-based period estimate.,foreign_born_country_of_birth_europe_northern_europe_united_kingdom_inc_crown_dependencies_united_kingdom_excluding_england_and_scotland,country_of_birth,exact_2010_hierarchy_match,Table ID and complete Census hierarchy match the 2010 master after capitalization and punctuation normalization only.,strong,2010,2010,BC-2010-005,"Estimate!!Total!!Europe!!Northern Europe!!United Kingdom (inc. Crown Dependencies)!!United Kingdom, excluding England and Scotland",review_required,no,Selected because it is the strongest structural match already represented in the master. Review ACS period and category methodology before longitudinal analysis.
2020,2016-2020,Bergen County,New Jersey,05000US34003,34,003,American Community Survey,2016-2020 ACS 5-Year Estimates,B05006,PLACE OF BIRTH FOR THE FOREIGN-BORN POPULATION IN THE UNITED STATES,B05006_010E,Estimate!!Total:!!Europe:!!Northern Europe:!!United Kingdom (inc. Crown Dependencies):!!England,1216,260,,,persons,Foreign-born population excluding population born at sea,https://api.census.gov/data/2020/acs/acs5/groups/B05006.html,retrieved_and_moe_matched,2016–2020 ACS 5-Year estimate; sample-based period estimate.,foreign_born_country_of_birth_europe_northern_europe_united_kingdom_inc_crown_dependencies_england,country_of_birth,exact_2010_hierarchy_match,Table ID and complete Census hierarchy match the 2010 master after capitalization and punctuation normalization only.,strong,2010,2010,BC-2010-006,Estimate!!Total!!Europe!!Northern Europe!!United Kingdom (inc. Crown Dependencies)!!England,review_required,no,Selected because it is the strongest structural match already represented in the master. Review ACS period and category methodology before longitudinal analysis.
2020,2016-2020,Bergen County,New Jersey,05000US34003,34,003,American Community Survey,2016-2020 ACS 5-Year Estimates,B05006,PLACE OF BIRTH FOR THE FOREIGN-BORN POPULATION IN THE UNITED STATES,B05006_011E,Estimate!!Total:!!Europe:!!Northern Europe:!!United Kingdom (inc. Crown Dependencies):!!Scotland,443,170,,,persons,Foreign-born population excluding population born at sea,https://api.census.gov/data/2020/acs/acs5/groups/B05006.html,retrieved_and_moe_matched,2016–2020 ACS 5-Year estimate; sample-based period estimate.,foreign_born_country_of_birth_europe_northern_europe_united_kingdom_inc_crown_dependencies_scotland,country_of_birth,exact_2010_hierarchy_match,Table ID and complete Census hierarchy match the 2010 master after capitalization and punctuation normalization only.,strong,2010,2010,BC-2010-007,Estimate!!Total!!Europe!!Northern Europe!!United Kingdom (inc. Crown Dependencies)!!Scotland,review_required,no,Selected because it is the strongest structural match already represented in the master. Review ACS period and category methodology before longitudinal analysis.
2020,2016-2020,Bergen County,New Jersey,05000US34003,34,003,American Community Survey,2016-2020 ACS 5-Year Estimates,B05006,PLACE OF BIRTH FOR THE FOREIGN-BORN POPULATION IN THE UNITED STATES,B05006_012E,Estimate!!Total:!!Europe:!!Northern Europe:!!Other Northern Europe,73,52,,,persons,Foreign-born population excluding population born at sea,https://api.census.gov/data/2020/acs/acs5/groups/B05006.html,retrieved_and_moe_matched,2016–2020 ACS 5-Year estimate; sample-based period estimate.,foreign_born_country_of_birth_europe_northern_europe_other_northern_europe,country_of_birth,exact_2010_hierarchy_match,Table ID and complete Census hierarchy match the 2010 master after capitalization and punctuation normalization only.,strong,2000|2010,2010,BC-2010-012,Estimate!!Total!!Europe!!Northern Europe!!Other Northern Europe,review_required,no,Selected because it is the strongest structural match already represented in the master. Review ACS period and category methodology before longitudinal analysis.
2020,2016-2020,Bergen County,New Jersey,05000US34003,34,003,American Community Survey,2016-2020 ACS 5-Year Estimates,B05006,PLACE OF BIRTH FOR THE FOREIGN-BORN POPULATION IN THE UNITED STATES,B05006_013E,Estimate!!Total:!!Europe:!!Western Europe:,4582,542,,,persons,Foreign-born population excluding population born at sea,https://api.census.gov/data/2020/acs/acs5/groups/B05006.html,retrieved_and_moe_matched,2016–2020 ACS 5-Year estimate; sample-based period estimate.,foreign_born_country_of_birth_europe_western_europe,country_of_birth,exact_2010_hierarchy_match,Table ID and complete Census hierarchy match the 2010 master after capitalization and punctuation normalization only.,strong,2000|2010,2010,BC-2010-013,Estimate!!Total!!Europe!!Western Europe,review_required,no,Selected because it is the strongest structural match already represented in the master. Review ACS period and category methodology before longitudinal analysis.
2020,2016-2020,Bergen County,New Jersey,05000US34003,34,003,American Community Survey,2016-2020 ACS 5-Year Estimates,B05006,PLACE OF BIRTH FOR THE FOREIGN-BORN POPULATION IN THE UNITED STATES,B05006_014E,Estimate!!Total:!!Europe:!!Western Europe:!!Austria,367,303,,,persons,Foreign-born population excluding population born at sea,https://api.census.gov/data/2020/acs/acs5/groups/B05006.html,retrieved_and_moe_matched,2016–2020 ACS 5-Year estimate; sample-based period estimate.,foreign_born_country_of_birth_austria,country_of_birth,exact_2010_hierarchy_match,Table ID and complete Census hierarchy match the 2010 master after capitalization and punctuation normalization only.,strong,1980|1990|2000|2010,2010,BC-2010-014,Estimate!!Total!!Europe!!Western Europe!!Austria,review_required,no,Selected because it is the strongest structural match already represented in the master. Review ACS period and category methodology before longitudinal analysis.
2020,2016-2020,Bergen County,New Jersey,05000US34003,34,003,American Community Survey,2016-2020 ACS 5-Year Estimates,B05006,PLACE OF BIRTH FOR THE FOREIGN-BORN POPULATION IN THE UNITED STATES,B05006_015E,Estimate!!Total:!!Europe:!!Western Europe:!!Belgium,263,134,,,persons,Foreign-born population excluding population born at sea,https://api.census.gov/data/2020/acs/acs5/groups/B05006.html,retrieved_and_moe_matched,2016–2020 ACS 5-Year estimate; sample-based period estimate.,foreign_born_country_of_birth_europe_western_europe_belgium,country_of_birth,exact_2010_hierarchy_match,Table ID and complete Census hierarchy match the 2010 master after capitalization and punctuation normalization only.,strong,2010,2010,BC-2010-015,Estimate!!Total!!Europe!!Western Europe!!Belgium,review_required,no,Selected because it is the strongest structural match already represented in the master. Review ACS period and category methodology before longitudinal analysis.
2020,2016-2020,Bergen County,New Jersey,05000US34003,34,003,American Community Survey,2016-2020 ACS 5-Year Estimates,B05006,PLACE OF BIRTH FOR THE FOREIGN-BORN POPULATION IN THE UNITED STATES,B05006_016E,Estimate!!Total:!!Europe:!!Western Europe:!!France,818,241,,,persons,Foreign-born population excluding population born at sea,https://api.census.gov/data/2020/acs/acs5/groups/B05006.html,retrieved_and_moe_matched,2016–2020 ACS 5-Year estimate; sample-based period estimate.,foreign_born_country_of_birth_france,country_of_birth,exact_2010_hierarchy_match,Table ID and complete Census hierarchy match the 2010 master after capitalization and punctuation normalization only.,strong,1980|1990|2000|2010,2010,BC-2010-016,Estimate!!Total!!Europe!!Western Europe!!France,review_required,no,Selected because it is the strongest structural match already represented in the master. Review ACS period and category methodology before longitudinal analysis.
2020,2016-2020,Bergen County,New Jersey,05000US34003,34,003,American Community Survey,2016-2020 ACS 5-Year Estimates,B05006,PLACE OF BIRTH FOR THE FOREIGN-BORN POPULATION IN THE UNITED STATES,B05006_017E,Estimate!!Total:!!Europe:!!Western Europe:!!Germany,2537,340,,,persons,Foreign-born population excluding population born at sea,https://api.census.gov/data/2020/acs/acs5/groups/B05006.html,retrieved_and_moe_matched,2016–2020 ACS 5-Year estimate; sample-based period estimate.,foreign_born_country_of_birth_germany,country_of_birth,exact_2010_hierarchy_match,Table ID and complete Census hierarchy match the 2010 master after capitalization and punctuation normalization only.,strong,1980|1990|2000|2010,2010,BC-2010-017,Estimate!!Total!!Europe!!Western Europe!!Germany,review_required,no,Selected because it is the strongest structural match already represented in the master. Review ACS period and category methodology before longitudinal analysis.
2020,2016-2020,Bergen County,New Jersey,05000US34003,34,003,American Community Survey,2016-2020 ACS 5-Year Estimates,B05006,PLACE OF BIRTH FOR THE FOREIGN-BORN POPULATION IN THE UNITED STATES,B05006_018E,Estimate!!Total:!!Europe:!!Western Europe:!!Netherlands,263,112,,,persons,Foreign-born population excluding population born at sea,https://api.census.gov/data/2020/acs/acs5/groups/B05006.html,retrieved_and_moe_matched,2016–2020 ACS 5-Year estimate; sample-based period estimate.,foreign_born_country_of_birth_netherlands,country_of_birth,exact_2010_hierarchy_match,Table ID and complete Census hierarchy match the 2010 master after capitalization and punctuation normalization only.,strong,1980|1990|2000|2010,2010,BC-2010-018,Estimate!!Total!!Europe!!Western Europe!!Netherlands,review_required,no,Selected because it is the strongest structural match already represented in the master. Review ACS period and category methodology before longitudinal analysis.
2020,2016-2020,Bergen County,New Jersey,05000US34003,34,003,American Community Survey,2016-2020 ACS 5-Year Estimates,B05006,PLACE OF BIRTH FOR THE FOREIGN-BORN POPULATION IN THE UNITED STATES,B05006_019E,Estimate!!Total:!!Europe:!!Western Europe:!!Switzerland,218,98,,,persons,Foreign-born population excluding population born at sea,https://api.census.gov/data/2020/acs/acs5/groups/B05006.html,retrieved_and_moe_matched,2016–2020 ACS 5-Year estimate; sample-based period estimate.,foreign_born_country_of_birth_europe_western_europe_switzerland,country_of_birth,exact_2010_hierarchy_match,Table ID and complete Census hierarchy match the 2010 master after capitalization and punctuation normalization only.,strong,2010,2010,BC-2010-019,Estimate!!Total!!Europe!!Western Europe!!Switzerland,review_required,no,Selected because it is the strongest structural match already represented in the master. Review ACS period and category methodology before longitudinal analysis.
2020,2016-2020,Bergen County,New Jersey,05000US34003,34,003,American Community Survey,2016-2020 ACS 5-Year Estimates,B05006,PLACE OF BIRTH FOR THE FOREIGN-BORN POPULATION IN THE UNITED STATES,B05006_020E,Estimate!!Total:!!Europe:!!Western Europe:!!Other Western Europe,116,158,,,persons,Foreign-born population excluding population born at sea,https://api.census.gov/data/2020/acs/acs5/groups/B05006.html,retrieved_and_moe_matched,2016–2020 ACS 5-Year estimate; sample-based period estimate.,foreign_born_country_of_birth_europe_western_europe_other_western_europe,country_of_birth,exact_2010_hierarchy_match,Table ID and complete Census hierarchy match the 2010 master after capitalization and punctuation normalization only.,strong,2000|2010,2010,BC-2010-020,Estimate!!Total!!Europe!!Western Europe!!Other Western Europe,review_required,no,Selected because it is the strongest structural match already represented in the master. Review ACS period and category methodology before longitudinal analysis.
2020,2016-2020,Bergen County,New Jersey,05000US34003,34,003,American Community Survey,2016-2020 ACS 5-Year Estimates,B05006,PLACE OF BIRTH FOR THE FOREIGN-BORN POPULATION IN THE UNITED STATES,B05006_021E,Estimate!!Total:!!Europe:!!Southern Europe:,11714,970,,,persons,Foreign-born population excluding population born at sea,https://api.census.gov/data/2020/acs/acs5/groups/B05006.html,retrieved_and_moe_matched,2016–2020 ACS 5-Year estimate; sample-based period estimate.,foreign_born_country_of_birth_europe_southern_europe,country_of_birth,exact_2010_hierarchy_match,Table ID and complete Census hierarchy match the 2010 master after capitalization and punctuation normalization only.,strong,2000|2010,2010,BC-2010-021,Estimate!!Total!!Europe!!Southern Europe,review_required,no,Selected because it is the strongest structural match already represented in the master. Review ACS period and category methodology before longitudinal analysis.
2020,2016-2020,Bergen County,New Jersey,05000US34003,34,003,American Community Survey,2016-2020 ACS 5-Year Estimates,B05006,PLACE OF BIRTH FOR THE FOREIGN-BORN POPULATION IN THE UNITED STATES,B05006_022E,Estimate!!Total:!!Europe:!!Southern Europe:!!Greece,1657,364,,,persons,Foreign-born population excluding population born at sea,https://api.census.gov/data/2020/acs/acs5/groups/B05006.html,retrieved_and_moe_matched,2016–2020 ACS 5-Year estimate; sample-based period estimate.,foreign_born_country_of_birth_greece,country_of_birth,exact_2010_hierarchy_match,Table ID and complete Census hierarchy match the 2010 master after capitalization and punctuation normalization only.,strong,1980|1990|2000|2010,2010,BC-2010-022,Estimate!!Total!!Europe!!Southern Europe!!Greece,review_required,no,Selected because it is the strongest structural match already represented in the master. Review ACS period and category methodology before longitudinal analysis.
2020,2016-2020,Bergen County,New Jersey,05000US34003,34,003,American Community Survey,2016-2020 ACS 5-Year Estimates,B05006,PLACE OF BIRTH FOR THE FOREIGN-BORN POPULATION IN THE UNITED STATES,B05006_023E,Estimate!!Total:!!Europe:!!Southern Europe:!!Italy,6927,770,,,persons,Foreign-born population excluding population born at sea,https://api.census.gov/data/2020/acs/acs5/groups/B05006.html,retrieved_and_moe_matched,2016–2020 ACS 5-Year estimate; sample-based period estimate.,foreign_born_country_of_birth_italy,country_of_birth,exact_2010_hierarchy_match,Table ID and complete Census hierarchy match the 2010 master after capitalization and punctuation normalization only.,strong,1980|1990|2000|2010,2010,BC-2010-023,Estimate!!Total!!Europe!!Southern Europe!!Italy,review_required,no,Selected because it is the strongest structural match already represented in the master. Review ACS period and category methodology before longitudinal analysis.
2020,2016-2020,Bergen County,New Jersey,05000US34003,34,003,American Community Survey,2016-2020 ACS 5-Year Estimates,B05006,PLACE OF BIRTH FOR THE FOREIGN-BORN POPULATION IN THE UNITED STATES,B05006_024E,Estimate!!Total:!!Europe:!!Southern Europe:!!Portugal,1770,398,,,persons,Foreign-born population excluding population born at sea,https://api.census.gov/data/2020/acs/acs5/groups/B05006.html,retrieved_and_moe_matched,2016–2020 ACS 5-Year estimate; sample-based period estimate.,foreign_born_country_of_birth_portugal,country_of_birth,exact_2010_hierarchy_match,Table ID and complete Census hierarchy match the 2010 master after capitalization and punctuation normalization only.,strong,1980|1990|2000|2010,2010,BC-2010-024,Estimate!!Total!!Europe!!Southern Europe!!Portugal,review_required,no,Selected because it is the strongest structural match already represented in the master. Review ACS period and category methodology before longitudinal analysis.
2020,2016-2020,Bergen County,New Jersey,05000US34003,34,003,American Community Survey,2016-2020 ACS 5-Year Estimates,B05006,PLACE OF BIRTH FOR THE FOREIGN-BORN POPULATION IN THE UNITED STATES,B05006_026E,Estimate!!Total:!!Europe:!!Southern Europe:!!Spain,1351,331,,,persons,Foreign-born population excluding population born at sea,https://api.census.gov/data/2020/acs/acs5/groups/B05006.html,retrieved_and_moe_matched,2016–2020 ACS 5-Year estimate; sample-based period estimate.,foreign_born_country_of_birth_spain,country_of_birth,exact_2010_hierarchy_match,Table ID and complete Census hierarchy match the 2010 master after capitalization and punctuation normalization only.,strong,1990|2000|2010,2010,BC-2010-025,Estimate!!Total!!Europe!!Southern Europe!!Spain,review_required,no,Selected because it is the strongest structural match already represented in the master. Review ACS period and category methodology before longitudinal analysis.
2020,2016-2020,Bergen County,New Jersey,05000US34003,34,003,American Community Survey,2016-2020 ACS 5-Year Estimates,B05006,PLACE OF BIRTH FOR THE FOREIGN-BORN POPULATION IN THE UNITED STATES,B05006_027E,Estimate!!Total:!!Europe:!!Southern Europe:!!Other Southern Europe,9,13,,,persons,Foreign-born population excluding population born at sea,https://api.census.gov/data/2020/acs/acs5/groups/B05006.html,retrieved_and_moe_matched,2016–2020 ACS 5-Year estimate; sample-based period estimate.,foreign_born_country_of_birth_europe_southern_europe_other_southern_europe,country_of_birth,exact_2010_hierarchy_match,Table ID and complete Census hierarchy match the 2010 master after capitalization and punctuation normalization only.,strong,2000|2010,2010,BC-2010-026,Estimate!!Total!!Europe!!Southern Europe!!Other Southern Europe,review_required,no,Selected because it is the strongest structural match already represented in the master. Review ACS period and category methodology before longitudinal analysis.
2020,2016-2020,Bergen County,New Jersey,05000US34003,34,003,American Community Survey,2016-2020 ACS 5-Year Estimates,B05006,PLACE OF BIRTH FOR THE FOREIGN-BORN POPULATION IN THE UNITED STATES,B05006_028E,Estimate!!Total:!!Europe:!!Eastern Europe:,35568,2279,,,persons,Foreign-born population excluding population born at sea,https://api.census.gov/data/2020/acs/acs5/groups/B05006.html,retrieved_and_moe_matched,2016–2020 ACS 5-Year estimate; sample-based period estimate.,foreign_born_country_of_birth_europe_eastern_europe,country_of_birth,exact_2010_hierarchy_match,Table ID and complete Census hierarchy match the 2010 master after capitalization and punctuation normalization only.,strong,2000|2010,2010,BC-2010-027,Estimate!!Total!!Europe!!Eastern Europe,review_required,no,Selected because it is the strongest structural match already represented in the master. Review ACS period and category methodology before longitudinal analysis.
2020,2016-2020,Bergen County,New Jersey,05000US34003,34,003,American Community Survey,2016-2020 ACS 5-Year Estimates,B05006,PLACE OF BIRTH FOR THE FOREIGN-BORN POPULATION IN THE UNITED STATES,B05006_029E,Estimate!!Total:!!Europe:!!Eastern Europe:!!Albania,2040,515,,,persons,Foreign-born population excluding population born at sea,https://api.census.gov/data/2020/acs/acs5/groups/B05006.html,retrieved_and_moe_matched,2016–2020 ACS 5-Year estimate; sample-based period estimate.,foreign_born_country_of_birth_europe_eastern_europe_albania,country_of_birth,exact_2010_hierarchy_match,Table ID and complete Census hierarchy match the 2010 master after capitalization and punctuation normalization only.,strong,2010,2010,BC-2010-028,Estimate!!Total!!Europe!!Eastern Europe!!Albania,review_required,no,Selected because it is the strongest structural match already represented in the master. Review ACS period and category methodology before longitudinal analysis.
2020,2016-2020,Bergen County,New Jersey,05000US34003,34,003,American Community Survey,2016-2020 ACS 5-Year Estimates,B05006,PLACE OF BIRTH FOR THE FOREIGN-BORN POPULATION IN THE UNITED STATES,B05006_030E,Estimate!!Total:!!Europe:!!Eastern Europe:!!Belarus,1136,299,,,persons,Foreign-born population excluding population born at sea,https://api.census.gov/data/2020/acs/acs5/groups/B05006.html,retrieved_and_moe_matched,2016–2020 ACS 5-Year estimate; sample-based period estimate.,foreign_born_country_of_birth_europe_eastern_europe_belarus,country_of_birth,exact_2010_hierarchy_match,Table ID and complete Census hierarchy match the 2010 master after capitalization and punctuation normalization only.,strong,2000|2010,2010,BC-2010-029,Estimate!!Total!!Europe!!Eastern Europe!!Belarus,review_required,no,Selected because it is the strongest structural match already represented in the master. Review ACS period and category methodology before longitudinal analysis.
2020,2016-2020,Bergen County,New Jersey,05000US34003,34,003,American Community Survey,2016-2020 ACS 5-Year Estimates,B05006,PLACE OF BIRTH FOR THE FOREIGN-BORN POPULATION IN THE UNITED STATES,B05006_031E,Estimate!!Total:!!Europe:!!Eastern Europe:!!Bosnia and Herzegovina,219,156,,,persons,Foreign-born population excluding population born at sea,https://api.census.gov/data/2020/acs/acs5/groups/B05006.html,retrieved_and_moe_matched,2016–2020 ACS 5-Year estimate; sample-based period estimate.,foreign_born_country_of_birth_europe_eastern_europe_bosnia_and_herzegovina,country_of_birth,exact_2010_hierarchy_match,Table ID and complete Census hierarchy match the 2010 master after capitalization and punctuation normalization only.,strong,2000|2010,2010,BC-2010-042,Estimate!!Total!!Europe!!Eastern Europe!!Bosnia and Herzegovina,review_required,no,Selected because it is the strongest structural match already represented in the master. Review ACS period and category methodology before longitudinal analysis.
2020,2016-2020,Bergen County,New Jersey,05000US34003,34,003,American Community Survey,2016-2020 ACS 5-Year Estimates,B05006,PLACE OF BIRTH FOR THE FOREIGN-BORN POPULATION IN THE UNITED STATES,B05006_032E,Estimate!!Total:!!Europe:!!Eastern Europe:!!Bulgaria,539,173,,,persons,Foreign-born population excluding population born at sea,https://api.census.gov/data/2020/acs/acs5/groups/B05006.html,retrieved_and_moe_matched,2016–2020 ACS 5-Year estimate; sample-based period estimate.,foreign_born_country_of_birth_europe_eastern_europe_bulgaria,country_of_birth,exact_2010_hierarchy_match,Table ID and complete Census hierarchy match the 2010 master after capitalization and punctuation normalization only.,strong,2010,2010,BC-2010-030,Estimate!!Total!!Europe!!Eastern Europe!!Bulgaria,review_required,no,Selected because it is the strongest structural match already represented in the master. Review ACS period and category methodology before longitudinal analysis.
2020,2016-2020,Bergen County,New Jersey,05000US34003,34,003,American Community Survey,2016-2020 ACS 5-Year Estimates,B05006,PLACE OF BIRTH FOR THE FOREIGN-BORN POPULATION IN THE UNITED STATES,B05006_033E,Estimate!!Total:!!Europe:!!Eastern Europe:!!Croatia,1042,291,,,persons,Foreign-born population excluding population born at sea,https://api.census.gov/data/2020/acs/acs5/groups/B05006.html,retrieved_and_moe_matched,2016–2020 ACS 5-Year estimate; sample-based period estimate.,foreign_born_country_of_birth_europe_eastern_europe_croatia,country_of_birth,exact_2010_hierarchy_match,Table ID and complete Census hierarchy match the 2010 master after capitalization and punctuation normalization only.,strong,2010,2010,BC-2010-031,Estimate!!Total!!Europe!!Eastern Europe!!Croatia,review_required,no,Selected because it is the strongest structural match already represented in the master. Review ACS period and category methodology before longitudinal analysis.
2020,2016-2020,Bergen County,New Jersey,05000US34003,34,003,American Community Survey,2016-2020 ACS 5-Year Estimates,B05006,PLACE OF BIRTH FOR THE FOREIGN-BORN POPULATION IN THE UNITED STATES,B05006_034E,Estimate!!Total:!!Europe:!!Eastern Europe:!!Czechoslovakia (includes Czech Republic and Slovakia),740,229,,,persons,Foreign-born population excluding population born at sea,https://api.census.gov/data/2020/acs/acs5/groups/B05006.html,retrieved_and_moe_matched,2016–2020 ACS 5-Year estimate; sample-based period estimate.,foreign_born_country_of_birth_europe_eastern_europe_czechoslovakia_includes_czech_republic_and_slovakia,country_of_birth,exact_2010_hierarchy_match,Table ID and complete Census hierarchy match the 2010 master after capitalization and punctuation normalization only.,strong,2010,2010,BC-2010-032,Estimate!!Total!!Europe!!Eastern Europe!!Czechoslovakia (includes Czech Republic and Slovakia),review_required,no,Selected because it is the strongest structural match already represented in the master. Review ACS period and category methodology before longitudinal analysis.
2020,2016-2020,Bergen County,New Jersey,05000US34003,34,003,American Community Survey,2016-2020 ACS 5-Year Estimates,B05006,PLACE OF BIRTH FOR THE FOREIGN-BORN POPULATION IN THE UNITED STATES,B05006_035E,Estimate!!Total:!!Europe:!!Eastern Europe:!!Hungary,618,221,,,persons,Foreign-born population excluding population born at sea,https://api.census.gov/data/2020/acs/acs5/groups/B05006.html,retrieved_and_moe_matched,2016–2020 ACS 5-Year estimate; sample-based period estimate.,foreign_born_country_of_birth_hungary,country_of_birth,exact_2010_hierarchy_match,Table ID and complete Census hierarchy match the 2010 master after capitalization and punctuation normalization only.,strong,1980|1990|2000|2010,2010,BC-2010-033,Estimate!!Total!!Europe!!Eastern Europe!!Hungary,review_required,no,Selected because it is the strongest structural match already represented in the master. Review ACS period and category methodology before longitudinal analysis.
2020,2016-2020,Bergen County,New Jersey,05000US34003,34,003,American Community Survey,2016-2020 ACS 5-Year Estimates,B05006,PLACE OF BIRTH FOR THE FOREIGN-BORN POPULATION IN THE UNITED STATES,B05006_036E,Estimate!!Total:!!Europe:!!Eastern Europe:!!Latvia,233,123,,,persons,Foreign-born population excluding population born at sea,https://api.census.gov/data/2020/acs/acs5/groups/B05006.html,retrieved_and_moe_matched,2016–2020 ACS 5-Year estimate; sample-based period estimate.,foreign_born_country_of_birth_europe_eastern_europe_latvia,country_of_birth,exact_2010_hierarchy_match,Table ID and complete Census hierarchy match the 2010 master after capitalization and punctuation normalization only.,strong,2010,2010,BC-2010-034,Estimate!!Total!!Europe!!Eastern Europe!!Latvia,review_required,no,Selected because it is the strongest structural match already represented in the master. Review ACS period and category methodology before longitudinal analysis.
2020,2016-2020,Bergen County,New Jersey,05000US34003,34,003,American Community Survey,2016-2020 ACS 5-Year Estimates,B05006,PLACE OF BIRTH FOR THE FOREIGN-BORN POPULATION IN THE UNITED STATES,B05006_037E,Estimate!!Total:!!Europe:!!Eastern Europe:!!Lithuania,132,75,,,persons,Foreign-born population excluding population born at sea,https://api.census.gov/data/2020/acs/acs5/groups/B05006.html,retrieved_and_moe_matched,2016–2020 ACS 5-Year estimate; sample-based period estimate.,foreign_born_country_of_birth_europe_eastern_europe_lithuania,country_of_birth,exact_2010_hierarchy_match,Table ID and complete Census hierarchy match the 2010 master after capitalization and punctuation normalization only.,strong,2010,2010,BC-2010-035,Estimate!!Total!!Europe!!Eastern Europe!!Lithuania,review_required,no,Selected because it is the strongest structural match already represented in the master. Review ACS period and category methodology before longitudinal analysis.
2020,2016-2020,Bergen County,New Jersey,05000US34003,34,003,American Community Survey,2016-2020 ACS 5-Year Estimates,B05006,PLACE OF BIRTH FOR THE FOREIGN-BORN POPULATION IN THE UNITED STATES,B05006_038E,Estimate!!Total:!!Europe:!!Eastern Europe:!!Moldova,481,188,,,persons,Foreign-born population excluding population born at sea,https://api.census.gov/data/2020/acs/acs5/groups/B05006.html,retrieved_and_moe_matched,2016–2020 ACS 5-Year estimate; sample-based period estimate.,foreign_born_country_of_birth_europe_eastern_europe_moldova,country_of_birth,exact_2010_hierarchy_match,Table ID and complete Census hierarchy match the 2010 master after capitalization and punctuation normalization only.,strong,2010,2010,BC-2010-037,Estimate!!Total!!Europe!!Eastern Europe!!Moldova,review_required,no,Selected because it is the strongest structural match already represented in the master. Review ACS period and category methodology before longitudinal analysis.
2020,2016-2020,Bergen County,New Jersey,05000US34003,34,003,American Community Survey,2016-2020 ACS 5-Year Estimates,B05006,PLACE OF BIRTH FOR THE FOREIGN-BORN POPULATION IN THE UNITED STATES,B05006_040E,Estimate!!Total:!!Europe:!!Eastern Europe:!!Poland,12715,1428,,,persons,Foreign-born population excluding population born at sea,https://api.census.gov/data/2020/acs/acs5/groups/B05006.html,retrieved_and_moe_matched,2016–2020 ACS 5-Year estimate; sample-based period estimate.,foreign_born_country_of_birth_poland,country_of_birth,exact_2010_hierarchy_match,Table ID and complete Census hierarchy match the 2010 master after capitalization and punctuation normalization only.,strong,1980|1990|2000|2010,2010,BC-2010-038,Estimate!!Total!!Europe!!Eastern Europe!!Poland,review_required,no,Selected because it is the strongest structural match already represented in the master. Review ACS period and category methodology before longitudinal analysis.
2020,2016-2020,Bergen County,New Jersey,05000US34003,34,003,American Community Survey,2016-2020 ACS 5-Year Estimates,B05006,PLACE OF BIRTH FOR THE FOREIGN-BORN POPULATION IN THE UNITED STATES,B05006_041E,Estimate!!Total:!!Europe:!!Eastern Europe:!!Romania,1456,412,,,persons,Foreign-born population excluding population born at sea,https://api.census.gov/data/2020/acs/acs5/groups/B05006.html,retrieved_and_moe_matched,2016–2020 ACS 5-Year estimate; sample-based period estimate.,foreign_born_country_of_birth_romania,country_of_birth,exact_2010_hierarchy_match,Table ID and complete Census hierarchy match the 2010 master after capitalization and punctuation normalization only.,strong,1990|2000|2010,2010,BC-2010-039,Estimate!!Total!!Europe!!Eastern Europe!!Romania,review_required,no,Selected because it is the strongest structural match already represented in the master. Review ACS period and category methodology before longitudinal analysis.
2020,2016-2020,Bergen County,New Jersey,05000US34003,34,003,American Community Survey,2016-2020 ACS 5-Year Estimates,B05006,PLACE OF BIRTH FOR THE FOREIGN-BORN POPULATION IN THE UNITED STATES,B05006_042E,Estimate!!Total:!!Europe:!!Eastern Europe:!!Russia,4793,749,,,persons,Foreign-born population excluding population born at sea,https://api.census.gov/data/2020/acs/acs5/groups/B05006.html,retrieved_and_moe_matched,2016–2020 ACS 5-Year estimate; sample-based period estimate.,foreign_born_country_of_birth_europe_eastern_europe_russia,country_of_birth,exact_2010_hierarchy_match,Table ID and complete Census hierarchy match the 2010 master after capitalization and punctuation normalization only.,strong,2000|2010,2010,BC-2010-040,Estimate!!Total!!Europe!!Eastern Europe!!Russia,review_required,no,Selected because it is the strongest structural match already represented in the master. Review ACS period and category methodology before longitudinal analysis.
2020,2016-2020,Bergen County,New Jersey,05000US34003,34,003,American Community Survey,2016-2020 ACS 5-Year Estimates,B05006,PLACE OF BIRTH FOR THE FOREIGN-BORN POPULATION IN THE UNITED STATES,B05006_044E,Estimate!!Total:!!Europe:!!Eastern Europe:!!Ukraine,4641,841,,,persons,Foreign-born population excluding population born at sea,https://api.census.gov/data/2020/acs/acs5/groups/B05006.html,retrieved_and_moe_matched,2016–2020 ACS 5-Year estimate; sample-based period estimate.,foreign_born_country_of_birth_europe_eastern_europe_ukraine,country_of_birth,exact_2010_hierarchy_match,Table ID and complete Census hierarchy match the 2010 master after capitalization and punctuation normalization only.,strong,2000|2010,2010,BC-2010-041,Estimate!!Total!!Europe!!Eastern Europe!!Ukraine,review_required,no,Selected because it is the strongest structural match already represented in the master. Review ACS period and category methodology before longitudinal analysis.
2020,2016-2020,Bergen County,New Jersey,05000US34003,34,003,American Community Survey,2016-2020 ACS 5-Year Estimates,B05006,PLACE OF BIRTH FOR THE FOREIGN-BORN POPULATION IN THE UNITED STATES,B05006_045E,Estimate!!Total:!!Europe:!!Eastern Europe:!!Other Eastern Europe,3018,640,,,persons,Foreign-born population excluding population born at sea,https://api.census.gov/data/2020/acs/acs5/groups/B05006.html,retrieved_and_moe_matched,2016–2020 ACS 5-Year estimate; sample-based period estimate.,foreign_born_country_of_birth_europe_eastern_europe_other_eastern_europe,country_of_birth,exact_2010_hierarchy_match,Table ID and complete Census hierarchy match the 2010 master after capitalization and punctuation normalization only.,strong,2000|2010,2010,BC-2010-045,Estimate!!Total!!Europe!!Eastern Europe!!Other Eastern Europe,review_required,no,Selected because it is the strongest structural match already represented in the master. Review ACS period and category methodology before longitudinal analysis.
2020,2016-2020,Bergen County,New Jersey,05000US34003,34,003,American Community Survey,2016-2020 ACS 5-Year Estimates,B05006,PLACE OF BIRTH FOR THE FOREIGN-BORN POPULATION IN THE UNITED STATES,B05006_046E,"Estimate!!Total:!!Europe:!!Europe, n.e.c.",136,105,,,persons,Foreign-born population excluding population born at sea,https://api.census.gov/data/2020/acs/acs5/groups/B05006.html,retrieved_and_moe_matched,2016–2020 ACS 5-Year estimate; sample-based period estimate.,foreign_born_country_of_birth_europe_europe_n_e_c,country_of_birth,exact_2010_hierarchy_match,Table ID and complete Census hierarchy match the 2010 master after capitalization and punctuation normalization only.,strong,2000|2010,2010,BC-2010-046,"Estimate!!Total!!Europe!!Europe, n.e.c.",review_required,no,Selected because it is the strongest structural match already represented in the master. Review ACS period and category methodology before longitudinal analysis.
2020,2016-2020,Bergen County,New Jersey,05000US34003,34,003,American Community Survey,2016-2020 ACS 5-Year Estimates,B05006,PLACE OF BIRTH FOR THE FOREIGN-BORN POPULATION IN THE UNITED STATES,B05006_047E,Estimate!!Total:!!Asia:,122110,1983,,,persons,Foreign-born population excluding population born at sea,https://api.census.gov/data/2020/acs/acs5/groups/B05006.html,retrieved_and_moe_matched,2016–2020 ACS 5-Year estimate; sample-based period estimate.,foreign_born_country_of_birth_asia,country_of_birth,exact_2010_hierarchy_match,Table ID and complete Census hierarchy match the 2010 master after capitalization and punctuation normalization only.,strong,1980|2000|2010,2010,BC-2010-047,Estimate!!Total!!Asia,review_required,no,Selected because it is the strongest structural match already represented in the master. Review ACS period and category methodology before longitudinal analysis.
2020,2016-2020,Bergen County,New Jersey,05000US34003,34,003,American Community Survey,2016-2020 ACS 5-Year Estimates,B05006,PLACE OF BIRTH FOR THE FOREIGN-BORN POPULATION IN THE UNITED STATES,B05006_048E,Estimate!!Total:!!Asia:!!Eastern Asia:,60757,1926,,,persons,Foreign-born population excluding population born at sea,https://api.census.gov/data/2020/acs/acs5/groups/B05006.html,retrieved_and_moe_matched,2016–2020 ACS 5-Year estimate; sample-based period estimate.,foreign_born_country_of_birth_asia_eastern_asia,country_of_birth,exact_2010_hierarchy_match,Table ID and complete Census hierarchy match the 2010 master after capitalization and punctuation normalization only.,strong,2000|2010,2010,BC-2010-048,Estimate!!Total!!Asia!!Eastern Asia,review_required,no,Selected because it is the strongest structural match already represented in the master. Review ACS period and category methodology before longitudinal analysis.
2020,2016-2020,Bergen County,New Jersey,05000US34003,34,003,American Community Survey,2016-2020 ACS 5-Year Estimates,B05006,PLACE OF BIRTH FOR THE FOREIGN-BORN POPULATION IN THE UNITED STATES,B05006_049E,Estimate!!Total:!!Asia:!!Eastern Asia:!!China:,14316,1199,,,persons,Foreign-born population excluding population born at sea,https://api.census.gov/data/2020/acs/acs5/groups/B05006.html,retrieved_and_moe_matched,2016–2020 ACS 5-Year estimate; sample-based period estimate.,foreign_born_country_of_birth_china,country_of_birth,exact_2010_hierarchy_match,Table ID and complete Census hierarchy match the 2010 master after capitalization and punctuation normalization only.,strong,1980|1990|2000|2010,2010,BC-2010-049,Estimate!!Total!!Asia!!Eastern Asia!!China,review_required,no,Selected because it is the strongest structural match already represented in the master. Review ACS period and category methodology before longitudinal analysis.
2020,2016-2020,Bergen County,New Jersey,05000US34003,34,003,American Community Survey,2016-2020 ACS 5-Year Estimates,B05006,PLACE OF BIRTH FOR THE FOREIGN-BORN POPULATION IN THE UNITED STATES,B05006_050E,"Estimate!!Total:!!Asia:!!Eastern Asia:!!China:!!China, excluding Hong Kong and Taiwan",11402,1150,,,persons,Foreign-born population excluding population born at sea,https://api.census.gov/data/2020/acs/acs5/groups/B05006.html,retrieved_and_moe_matched,2016–2020 ACS 5-Year estimate; sample-based period estimate.,foreign_born_country_of_birth_asia_eastern_asia_china_china_excluding_hong_kong_and_taiwan,country_of_birth,exact_2010_hierarchy_match,Table ID and complete Census hierarchy match the 2010 master after capitalization and punctuation normalization only.,strong,2000|2010,2010,BC-2010-050,"Estimate!!Total!!Asia!!Eastern Asia!!China!!China, excluding Hong Kong and Taiwan",review_required,no,Selected because it is the strongest structural match already represented in the master. Review ACS period and category methodology before longitudinal analysis.
2020,2016-2020,Bergen County,New Jersey,05000US34003,34,003,American Community Survey,2016-2020 ACS 5-Year Estimates,B05006,PLACE OF BIRTH FOR THE FOREIGN-BORN POPULATION IN THE UNITED STATES,B05006_051E,Estimate!!Total:!!Asia:!!Eastern Asia:!!China:!!Hong Kong,1128,244,,,persons,Foreign-born population excluding population born at sea,https://api.census.gov/data/2020/acs/acs5/groups/B05006.html,retrieved_and_moe_matched,2016–2020 ACS 5-Year estimate; sample-based period estimate.,foreign_born_country_of_birth_hong_kong,country_of_birth,exact_2010_hierarchy_match,Table ID and complete Census hierarchy match the 2010 master after capitalization and punctuation normalization only.,strong,1990|2000|2010,2010,BC-2010-051,Estimate!!Total!!Asia!!Eastern Asia!!China!!Hong Kong,review_required,no,Selected because it is the strongest structural match already represented in the master. Review ACS period and category methodology before longitudinal analysis.
2020,2016-2020,Bergen County,New Jersey,05000US34003,34,003,American Community Survey,2016-2020 ACS 5-Year Estimates,B05006,PLACE OF BIRTH FOR THE FOREIGN-BORN POPULATION IN THE UNITED STATES,B05006_052E,Estimate!!Total:!!Asia:!!Eastern Asia:!!China:!!Taiwan,1786,322,,,persons,Foreign-born population excluding population born at sea,https://api.census.gov/data/2020/acs/acs5/groups/B05006.html,retrieved_and_moe_matched,2016–2020 ACS 5-Year estimate; sample-based period estimate.,foreign_born_country_of_birth_taiwan,country_of_birth,exact_2010_hierarchy_match,Table ID and complete Census hierarchy match the 2010 master after capitalization and punctuation normalization only.,strong,1990|2000|2010,2010,BC-2010-052,Estimate!!Total!!Asia!!Eastern Asia!!China!!Taiwan,review_required,no,Selected because it is the strongest structural match already represented in the master. Review ACS period and category methodology before longitudinal analysis.
2020,2016-2020,Bergen County,New Jersey,05000US34003,34,003,American Community Survey,2016-2020 ACS 5-Year Estimates,B05006,PLACE OF BIRTH FOR THE FOREIGN-BORN POPULATION IN THE UNITED STATES,B05006_053E,Estimate!!Total:!!Asia:!!Eastern Asia:!!Japan,3908,628,,,persons,Foreign-born population excluding population born at sea,https://api.census.gov/data/2020/acs/acs5/groups/B05006.html,retrieved_and_moe_matched,2016–2020 ACS 5-Year estimate; sample-based period estimate.,foreign_born_country_of_birth_japan,country_of_birth,exact_2010_hierarchy_match,Table ID and complete Census hierarchy match the 2010 master after capitalization and punctuation normalization only.,strong,1980|1990|2000|2010,2010,BC-2010-053,Estimate!!Total!!Asia!!Eastern Asia!!Japan,review_required,no,Selected because it is the strongest structural match already represented in the master. Review ACS period and category methodology before longitudinal analysis.
2020,2016-2020,Bergen County,New Jersey,05000US34003,34,003,American Community Survey,2016-2020 ACS 5-Year Estimates,B05006,PLACE OF BIRTH FOR THE FOREIGN-BORN POPULATION IN THE UNITED STATES,B05006_054E,Estimate!!Total:!!Asia:!!Eastern Asia:!!Korea,42533,1968,,,persons,Foreign-born population excluding population born at sea,https://api.census.gov/data/2020/acs/acs5/groups/B05006.html,retrieved_and_moe_matched,2016–2020 ACS 5-Year estimate; sample-based period estimate.,foreign_born_country_of_birth_korea,country_of_birth,exact_2010_hierarchy_match,Table ID and complete Census hierarchy match the 2010 master after capitalization and punctuation normalization only.,strong,1980|1990|2000|2010,2010,BC-2010-054,Estimate!!Total!!Asia!!Eastern Asia!!Korea,review_required,no,Selected because it is the strongest structural match already represented in the master. Review ACS period and category methodology before longitudinal analysis.
2020,2016-2020,Bergen County,New Jersey,05000US34003,34,003,American Community Survey,2016-2020 ACS 5-Year Estimates,B05006,PLACE OF BIRTH FOR THE FOREIGN-BORN POPULATION IN THE UNITED STATES,B05006_055E,Estimate!!Total:!!Asia:!!Eastern Asia:!!Other Eastern Asia,0,30,,,persons,Foreign-born population excluding population born at sea,https://api.census.gov/data/2020/acs/acs5/groups/B05006.html,retrieved_and_moe_matched,2016–2020 ACS 5-Year estimate; sample-based period estimate.,foreign_born_country_of_birth_asia_eastern_asia_other_eastern_asia,country_of_birth,exact_2010_hierarchy_match,Table ID and complete Census hierarchy match the 2010 master after capitalization and punctuation normalization only.,strong,2000|2010,2010,BC-2010-055,Estimate!!Total!!Asia!!Eastern Asia!!Other Eastern Asia,review_required,no,Selected because it is the strongest structural match already represented in the master. Review ACS period and category methodology before longitudinal analysis.
2020,2016-2020,Bergen County,New Jersey,05000US34003,34,003,American Community Survey,2016-2020 ACS 5-Year Estimates,B05006,PLACE OF BIRTH FOR THE FOREIGN-BORN POPULATION IN THE UNITED STATES,B05006_056E,Estimate!!Total:!!Asia:!!South Central Asia:,26559,1691,,,persons,Foreign-born population excluding population born at sea,https://api.census.gov/data/2020/acs/acs5/groups/B05006.html,retrieved_and_moe_matched,2016–2020 ACS 5-Year estimate; sample-based period estimate.,foreign_born_country_of_birth_asia_south_central_asia,country_of_birth,exact_2010_hierarchy_match,Table ID and complete Census hierarchy match the 2010 master after capitalization and punctuation normalization only.,strong,2000|2010,2010,BC-2010-056,Estimate!!Total!!Asia!!South Central Asia,review_required,no,Selected because it is the strongest structural match already represented in the master. Review ACS period and category methodology before longitudinal analysis.
2020,2016-2020,Bergen County,New Jersey,05000US34003,34,003,American Community Survey,2016-2020 ACS 5-Year Estimates,B05006,PLACE OF BIRTH FOR THE FOREIGN-BORN POPULATION IN THE UNITED STATES,B05006_057E,Estimate!!Total:!!Asia:!!South Central Asia:!!Afghanistan,414,201,,,persons,Foreign-born population excluding population born at sea,https://api.census.gov/data/2020/acs/acs5/groups/B05006.html,retrieved_and_moe_matched,2016–2020 ACS 5-Year estimate; sample-based period estimate.,foreign_born_country_of_birth_afghanistan,country_of_birth,exact_2010_hierarchy_match,Table ID and complete Census hierarchy match the 2010 master after capitalization and punctuation normalization only.,strong,1990|2000|2010,2010,BC-2010-057,Estimate!!Total!!Asia!!South Central Asia!!Afghanistan,review_required,no,Selected because it is the strongest structural match already represented in the master. Review ACS period and category methodology before longitudinal analysis.
2020,2016-2020,Bergen County,New Jersey,05000US34003,34,003,American Community Survey,2016-2020 ACS 5-Year Estimates,B05006,PLACE OF BIRTH FOR THE FOREIGN-BORN POPULATION IN THE UNITED STATES,B05006_058E,Estimate!!Total:!!Asia:!!South Central Asia:!!Bangladesh,345,212,,,persons,Foreign-born population excluding population born at sea,https://api.census.gov/data/2020/acs/acs5/groups/B05006.html,retrieved_and_moe_matched,2016–2020 ACS 5-Year estimate; sample-based period estimate.,foreign_born_country_of_birth_asia_south_central_asia_bangladesh,country_of_birth,exact_2010_hierarchy_match,Table ID and complete Census hierarchy match the 2010 master after capitalization and punctuation normalization only.,strong,2000|2010,2010,BC-2010-058,Estimate!!Total!!Asia!!South Central Asia!!Bangladesh,review_required,no,Selected because it is the strongest structural match already represented in the master. Review ACS period and category methodology before longitudinal analysis.
2020,2016-2020,Bergen County,New Jersey,05000US34003,34,003,American Community Survey,2016-2020 ACS 5-Year Estimates,B05006,PLACE OF BIRTH FOR THE FOREIGN-BORN POPULATION IN THE UNITED STATES,B05006_059E,Estimate!!Total:!!Asia:!!South Central Asia:!!India,21073,1520,,,persons,Foreign-born population excluding population born at sea,https://api.census.gov/data/2020/acs/acs5/groups/B05006.html,retrieved_and_moe_matched,2016–2020 ACS 5-Year estimate; sample-based period estimate.,foreign_born_country_of_birth_india,country_of_birth,exact_2010_hierarchy_match,Table ID and complete Census hierarchy match the 2010 master after capitalization and punctuation normalization only.,strong,1980|1990|2000|2010,2010,BC-2010-059,Estimate!!Total!!Asia!!South Central Asia!!India,review_required,no,Selected because it is the strongest structural match already represented in the master. Review ACS period and category methodology before longitudinal analysis.
2020,2016-2020,Bergen County,New Jersey,05000US34003,34,003,American Community Survey,2016-2020 ACS 5-Year Estimates,B05006,PLACE OF BIRTH FOR THE FOREIGN-BORN POPULATION IN THE UNITED STATES,B05006_060E,Estimate!!Total:!!Asia:!!South Central Asia:!!Iran,1251,317,,,persons,Foreign-born population excluding population born at sea,https://api.census.gov/data/2020/acs/acs5/groups/B05006.html,retrieved_and_moe_matched,2016–2020 ACS 5-Year estimate; sample-based period estimate.,foreign_born_country_of_birth_iran,country_of_birth,exact_2010_hierarchy_match,Table ID and complete Census hierarchy match the 2010 master after capitalization and punctuation normalization only.,strong,1990|2000|2010,2010,BC-2010-060,Estimate!!Total!!Asia!!South Central Asia!!Iran,review_required,no,Selected because it is the strongest structural match already represented in the master. Review ACS period and category methodology before longitudinal analysis.
2020,2016-2020,Bergen County,New Jersey,05000US34003,34,003,American Community Survey,2016-2020 ACS 5-Year Estimates,B05006,PLACE OF BIRTH FOR THE FOREIGN-BORN POPULATION IN THE UNITED STATES,B05006_061E,Estimate!!Total:!!Asia:!!South Central Asia:!!Kazakhstan,101,97,,,persons,Foreign-born population excluding population born at sea,https://api.census.gov/data/2020/acs/acs5/groups/B05006.html,retrieved_and_moe_matched,2016–2020 ACS 5-Year estimate; sample-based period estimate.,foreign_born_country_of_birth_asia_south_central_asia_kazakhstan,country_of_birth,exact_2010_hierarchy_match,Table ID and complete Census hierarchy match the 2010 master after capitalization and punctuation normalization only.,strong,2010,2010,BC-2010-061,Estimate!!Total!!Asia!!South Central Asia!!Kazakhstan,review_required,no,Selected because it is the strongest structural match already represented in the master. Review ACS period and category methodology before longitudinal analysis.
2020,2016-2020,Bergen County,New Jersey,05000US34003,34,003,American Community Survey,2016-2020 ACS 5-Year Estimates,B05006,PLACE OF BIRTH FOR THE FOREIGN-BORN POPULATION IN THE UNITED STATES,B05006_062E,Estimate!!Total:!!Asia:!!South Central Asia:!!Nepal,216,106,,,persons,Foreign-born population excluding population born at sea,https://api.census.gov/data/2020/acs/acs5/groups/B05006.html,retrieved_and_moe_matched,2016–2020 ACS 5-Year estimate; sample-based period estimate.,foreign_born_country_of_birth_asia_south_central_asia_nepal,country_of_birth,exact_2010_hierarchy_match,Table ID and complete Census hierarchy match the 2010 master after capitalization and punctuation normalization only.,strong,2010,2010,BC-2010-062,Estimate!!Total!!Asia!!South Central Asia!!Nepal,review_required,no,Selected because it is the strongest structural match already represented in the master. Review ACS period and category methodology before longitudinal analysis.
2020,2016-2020,Bergen County,New Jersey,05000US34003,34,003,American Community Survey,2016-2020 ACS 5-Year Estimates,B05006,PLACE OF BIRTH FOR THE FOREIGN-BORN POPULATION IN THE UNITED STATES,B05006_063E,Estimate!!Total:!!Asia:!!South Central Asia:!!Pakistan,2448,530,,,persons,Foreign-born population excluding population born at sea,https://api.census.gov/data/2020/acs/acs5/groups/B05006.html,retrieved_and_moe_matched,2016–2020 ACS 5-Year estimate; sample-based period estimate.,foreign_born_country_of_birth_pakistan,country_of_birth,exact_2010_hierarchy_match,Table ID and complete Census hierarchy match the 2010 master after capitalization and punctuation normalization only.,strong,1990|2000|2010,2010,BC-2010-063,Estimate!!Total!!Asia!!South Central Asia!!Pakistan,review_required,no,Selected because it is the strongest structural match already represented in the master. Review ACS period and category methodology before longitudinal analysis.
2020,2016-2020,Bergen County,New Jersey,05000US34003,34,003,American Community Survey,2016-2020 ACS 5-Year Estimates,B05006,PLACE OF BIRTH FOR THE FOREIGN-BORN POPULATION IN THE UNITED STATES,B05006_064E,Estimate!!Total:!!Asia:!!South Central Asia:!!Sri Lanka,249,191,,,persons,Foreign-born population excluding population born at sea,https://api.census.gov/data/2020/acs/acs5/groups/B05006.html,retrieved_and_moe_matched,2016–2020 ACS 5-Year estimate; sample-based period estimate.,foreign_born_country_of_birth_asia_south_central_asia_sri_lanka,country_of_birth,exact_2010_hierarchy_match,Table ID and complete Census hierarchy match the 2010 master after capitalization and punctuation normalization only.,strong,2010,2010,BC-2010-064,Estimate!!Total!!Asia!!South Central Asia!!Sri Lanka,review_required,no,Selected because it is the strongest structural match already represented in the master. Review ACS period and category methodology before longitudinal analysis.
2020,2016-2020,Bergen County,New Jersey,05000US34003,34,003,American Community Survey,2016-2020 ACS 5-Year Estimates,B05006,PLACE OF BIRTH FOR THE FOREIGN-BORN POPULATION IN THE UNITED STATES,B05006_065E,Estimate!!Total:!!Asia:!!South Central Asia:!!Uzbekistan,344,198,,,persons,Foreign-born population excluding population born at sea,https://api.census.gov/data/2020/acs/acs5/groups/B05006.html,retrieved_and_moe_matched,2016–2020 ACS 5-Year estimate; sample-based period estimate.,foreign_born_country_of_birth_asia_south_central_asia_uzbekistan,country_of_birth,exact_2010_hierarchy_match,Table ID and complete Census hierarchy match the 2010 master after capitalization and punctuation normalization only.,strong,2010,2010,BC-2010-065,Estimate!!Total!!Asia!!South Central Asia!!Uzbekistan,review_required,no,Selected because it is the strongest structural match already represented in the master. Review ACS period and category methodology before longitudinal analysis.
2020,2016-2020,Bergen County,New Jersey,05000US34003,34,003,American Community Survey,2016-2020 ACS 5-Year Estimates,B05006,PLACE OF BIRTH FOR THE FOREIGN-BORN POPULATION IN THE UNITED STATES,B05006_066E,Estimate!!Total:!!Asia:!!South Central Asia:!!Other South Central Asia,118,106,,,persons,Foreign-born population excluding population born at sea,https://api.census.gov/data/2020/acs/acs5/groups/B05006.html,retrieved_and_moe_matched,2016–2020 ACS 5-Year estimate; sample-based period estimate.,foreign_born_country_of_birth_asia_south_central_asia_other_south_central_asia,country_of_birth,exact_2010_hierarchy_match,Table ID and complete Census hierarchy match the 2010 master after capitalization and punctuation normalization only.,strong,2000|2010,2010,BC-2010-066,Estimate!!Total!!Asia!!South Central Asia!!Other South Central Asia,review_required,no,Selected because it is the strongest structural match already represented in the master. Review ACS period and category methodology before longitudinal analysis.
2020,2016-2020,Bergen County,New Jersey,05000US34003,34,003,American Community Survey,2016-2020 ACS 5-Year Estimates,B05006,PLACE OF BIRTH FOR THE FOREIGN-BORN POPULATION IN THE UNITED STATES,B05006_067E,Estimate!!Total:!!Asia:!!South Eastern Asia:,19661,1818,,,persons,Foreign-born population excluding population born at sea,https://api.census.gov/data/2020/acs/acs5/groups/B05006.html,retrieved_and_moe_matched,2016–2020 ACS 5-Year estimate; sample-based period estimate.,foreign_born_country_of_birth_asia_south_eastern_asia,country_of_birth,exact_2010_hierarchy_match,Table ID and complete Census hierarchy match the 2010 master after capitalization and punctuation normalization only.,strong,2000|2010,2010,BC-2010-067,Estimate!!Total!!Asia!!South Eastern Asia,review_required,no,Selected because it is the strongest structural match already represented in the master. Review ACS period and category methodology before longitudinal analysis.
2020,2016-2020,Bergen County,New Jersey,05000US34003,34,003,American Community Survey,2016-2020 ACS 5-Year Estimates,B05006,PLACE OF BIRTH FOR THE FOREIGN-BORN POPULATION IN THE UNITED STATES,B05006_068E,Estimate!!Total:!!Asia:!!South Eastern Asia:!!Burma,269,217,,,persons,Foreign-born population excluding population born at sea,https://api.census.gov/data/2020/acs/acs5/groups/B05006.html,retrieved_and_moe_matched,2016–2020 ACS 5-Year estimate; sample-based period estimate.,foreign_born_country_of_birth_asia_south_eastern_asia_burma,country_of_birth,exact_2010_hierarchy_match,Table ID and complete Census hierarchy match the 2010 master after capitalization and punctuation normalization only.,strong,2010,2010,BC-2010-072,Estimate!!Total!!Asia!!South Eastern Asia!!Burma,review_required,no,Selected because it is the strongest structural match already represented in the master. Review ACS period and category methodology before longitudinal analysis.
2020,2016-2020,Bergen County,New Jersey,05000US34003,34,003,American Community Survey,2016-2020 ACS 5-Year Estimates,B05006,PLACE OF BIRTH FOR THE FOREIGN-BORN POPULATION IN THE UNITED STATES,B05006_069E,Estimate!!Total:!!Asia:!!South Eastern Asia:!!Cambodia,78,62,,,persons,Foreign-born population excluding population born at sea,https://api.census.gov/data/2020/acs/acs5/groups/B05006.html,retrieved_and_moe_matched,2016–2020 ACS 5-Year estimate; sample-based period estimate.,foreign_born_country_of_birth_cambodia,country_of_birth,exact_2010_hierarchy_match,Table ID and complete Census hierarchy match the 2010 master after capitalization and punctuation normalization only.,strong,1990|2000|2010,2010,BC-2010-068,Estimate!!Total!!Asia!!South Eastern Asia!!Cambodia,review_required,no,Selected because it is the strongest structural match already represented in the master. Review ACS period and category methodology before longitudinal analysis.
2020,2016-2020,Bergen County,New Jersey,05000US34003,34,003,American Community Survey,2016-2020 ACS 5-Year Estimates,B05006,PLACE OF BIRTH FOR THE FOREIGN-BORN POPULATION IN THE UNITED STATES,B05006_070E,Estimate!!Total:!!Asia:!!South Eastern Asia:!!Indonesia,215,126,,,persons,Foreign-born population excluding population born at sea,https://api.census.gov/data/2020/acs/acs5/groups/B05006.html,retrieved_and_moe_matched,2016–2020 ACS 5-Year estimate; sample-based period estimate.,foreign_born_country_of_birth_indonesia,country_of_birth,exact_2010_hierarchy_match,Table ID and complete Census hierarchy match the 2010 master after capitalization and punctuation normalization only.,strong,1990|2000|2010,2010,BC-2010-069,Estimate!!Total!!Asia!!South Eastern Asia!!Indonesia,review_required,no,Selected because it is the strongest structural match already represented in the master. Review ACS period and category methodology before longitudinal analysis.
2020,2016-2020,Bergen County,New Jersey,05000US34003,34,003,American Community Survey,2016-2020 ACS 5-Year Estimates,B05006,PLACE OF BIRTH FOR THE FOREIGN-BORN POPULATION IN THE UNITED STATES,B05006_071E,Estimate!!Total:!!Asia:!!South Eastern Asia:!!Laos,14,23,,,persons,Foreign-born population excluding population born at sea,https://api.census.gov/data/2020/acs/acs5/groups/B05006.html,retrieved_and_moe_matched,2016–2020 ACS 5-Year estimate; sample-based period estimate.,foreign_born_country_of_birth_laos,country_of_birth,exact_2010_hierarchy_match,Table ID and complete Census hierarchy match the 2010 master after capitalization and punctuation normalization only.,strong,1990|2000|2010,2010,BC-2010-070,Estimate!!Total!!Asia!!South Eastern Asia!!Laos,review_required,no,Selected because it is the strongest structural match already represented in the master. Review ACS period and category methodology before longitudinal analysis.
2020,2016-2020,Bergen County,New Jersey,05000US34003,34,003,American Community Survey,2016-2020 ACS 5-Year Estimates,B05006,PLACE OF BIRTH FOR THE FOREIGN-BORN POPULATION IN THE UNITED STATES,B05006_072E,Estimate!!Total:!!Asia:!!South Eastern Asia:!!Malaysia,497,246,,,persons,Foreign-born population excluding population born at sea,https://api.census.gov/data/2020/acs/acs5/groups/B05006.html,retrieved_and_moe_matched,2016–2020 ACS 5-Year estimate; sample-based period estimate.,foreign_born_country_of_birth_malaysia,country_of_birth,exact_2010_hierarchy_match,Table ID and complete Census hierarchy match the 2010 master after capitalization and punctuation normalization only.,strong,1990|2000|2010,2010,BC-2010-071,Estimate!!Total!!Asia!!South Eastern Asia!!Malaysia,review_required,no,Selected because it is the strongest structural match already represented in the master. Review ACS period and category methodology before longitudinal analysis.
2020,2016-2020,Bergen County,New Jersey,05000US34003,34,003,American Community Survey,2016-2020 ACS 5-Year Estimates,B05006,PLACE OF BIRTH FOR THE FOREIGN-BORN POPULATION IN THE UNITED STATES,B05006_073E,Estimate!!Total:!!Asia:!!South Eastern Asia:!!Philippines,16890,1747,,,persons,Foreign-born population excluding population born at sea,https://api.census.gov/data/2020/acs/acs5/groups/B05006.html,retrieved_and_moe_matched,2016–2020 ACS 5-Year estimate; sample-based period estimate.,foreign_born_country_of_birth_philippines,country_of_birth,exact_2010_hierarchy_match,Table ID and complete Census hierarchy match the 2010 master after capitalization and punctuation normalization only.,strong,1980|1990|2000|2010,2010,BC-2010-073,Estimate!!Total!!Asia!!South Eastern Asia!!Philippines,review_required,no,Selected because it is the strongest structural match already represented in the master. Review ACS period and category methodology before longitudinal analysis.
2020,2016-2020,Bergen County,New Jersey,05000US34003,34,003,American Community Survey,2016-2020 ACS 5-Year Estimates,B05006,PLACE OF BIRTH FOR THE FOREIGN-BORN POPULATION IN THE UNITED STATES,B05006_074E,Estimate!!Total:!!Asia:!!South Eastern Asia:!!Singapore,218,125,,,persons,Foreign-born population excluding population born at sea,https://api.census.gov/data/2020/acs/acs5/groups/B05006.html,retrieved_and_moe_matched,2016–2020 ACS 5-Year estimate; sample-based period estimate.,foreign_born_country_of_birth_asia_south_eastern_asia_singapore,country_of_birth,exact_2010_hierarchy_match,Table ID and complete Census hierarchy match the 2010 master after capitalization and punctuation normalization only.,strong,2010,2010,BC-2010-074,Estimate!!Total!!Asia!!South Eastern Asia!!Singapore,review_required,no,Selected because it is the strongest structural match already represented in the master. Review ACS period and category methodology before longitudinal analysis.
2020,2016-2020,Bergen County,New Jersey,05000US34003,34,003,American Community Survey,2016-2020 ACS 5-Year Estimates,B05006,PLACE OF BIRTH FOR THE FOREIGN-BORN POPULATION IN THE UNITED STATES,B05006_075E,Estimate!!Total:!!Asia:!!South Eastern Asia:!!Thailand,641,228,,,persons,Foreign-born population excluding population born at sea,https://api.census.gov/data/2020/acs/acs5/groups/B05006.html,retrieved_and_moe_matched,2016–2020 ACS 5-Year estimate; sample-based period estimate.,foreign_born_country_of_birth_thailand,country_of_birth,exact_2010_hierarchy_match,Table ID and complete Census hierarchy match the 2010 master after capitalization and punctuation normalization only.,strong,1990|2000|2010,2010,BC-2010-075,Estimate!!Total!!Asia!!South Eastern Asia!!Thailand,review_required,no,Selected because it is the strongest structural match already represented in the master. Review ACS period and category methodology before longitudinal analysis.
2020,2016-2020,Bergen County,New Jersey,05000US34003,34,003,American Community Survey,2016-2020 ACS 5-Year Estimates,B05006,PLACE OF BIRTH FOR THE FOREIGN-BORN POPULATION IN THE UNITED STATES,B05006_076E,Estimate!!Total:!!Asia:!!South Eastern Asia:!!Vietnam,839,244,,,persons,Foreign-born population excluding population born at sea,https://api.census.gov/data/2020/acs/acs5/groups/B05006.html,retrieved_and_moe_matched,2016–2020 ACS 5-Year estimate; sample-based period estimate.,foreign_born_country_of_birth_vietnam,country_of_birth,exact_2010_hierarchy_match,Table ID and complete Census hierarchy match the 2010 master after capitalization and punctuation normalization only.,strong,1980|1990|2000|2010,2010,BC-2010-076,Estimate!!Total!!Asia!!South Eastern Asia!!Vietnam,review_required,no,Selected because it is the strongest structural match already represented in the master. Review ACS period and category methodology before longitudinal analysis.
2020,2016-2020,Bergen County,New Jersey,05000US34003,34,003,American Community Survey,2016-2020 ACS 5-Year Estimates,B05006,PLACE OF BIRTH FOR THE FOREIGN-BORN POPULATION IN THE UNITED STATES,B05006_077E,Estimate!!Total:!!Asia:!!South Eastern Asia:!!Other South Eastern Asia,0,30,,,persons,Foreign-born population excluding population born at sea,https://api.census.gov/data/2020/acs/acs5/groups/B05006.html,retrieved_and_moe_matched,2016–2020 ACS 5-Year estimate; sample-based period estimate.,foreign_born_country_of_birth_asia_south_eastern_asia_other_south_eastern_asia,country_of_birth,exact_2010_hierarchy_match,Table ID and complete Census hierarchy match the 2010 master after capitalization and punctuation normalization only.,strong,2000|2010,2010,BC-2010-077,Estimate!!Total!!Asia!!South Eastern Asia!!Other South Eastern Asia,review_required,no,Selected because it is the strongest structural match already represented in the master. Review ACS period and category methodology before longitudinal analysis.
2020,2016-2020,Bergen County,New Jersey,05000US34003,34,003,American Community Survey,2016-2020 ACS 5-Year Estimates,B05006,PLACE OF BIRTH FOR THE FOREIGN-BORN POPULATION IN THE UNITED STATES,B05006_078E,Estimate!!Total:!!Asia:!!Western Asia:,14728,1292,,,persons,Foreign-born population excluding population born at sea,https://api.census.gov/data/2020/acs/acs5/groups/B05006.html,retrieved_and_moe_matched,2016–2020 ACS 5-Year estimate; sample-based period estimate.,foreign_born_country_of_birth_asia_western_asia,country_of_birth,exact_2010_hierarchy_match,Table ID and complete Census hierarchy match the 2010 master after capitalization and punctuation normalization only.,strong,2000|2010,2010,BC-2010-078,Estimate!!Total!!Asia!!Western Asia,review_required,no,Selected because it is the strongest structural match already represented in the master. Review ACS period and category methodology before longitudinal analysis.
2020,2016-2020,Bergen County,New Jersey,05000US34003,34,003,American Community Survey,2016-2020 ACS 5-Year Estimates,B05006,PLACE OF BIRTH FOR THE FOREIGN-BORN POPULATION IN THE UNITED STATES,B05006_079E,Estimate!!Total:!!Asia:!!Western Asia:!!Armenia,523,174,,,persons,Foreign-born population excluding population born at sea,https://api.census.gov/data/2020/acs/acs5/groups/B05006.html,retrieved_and_moe_matched,2016–2020 ACS 5-Year estimate; sample-based period estimate.,foreign_born_country_of_birth_asia_western_asia_armenia,country_of_birth,exact_2010_hierarchy_match,Table ID and complete Census hierarchy match the 2010 master after capitalization and punctuation normalization only.,strong,2000|2010,2010,BC-2010-088,Estimate!!Total!!Asia!!Western Asia!!Armenia,review_required,no,Selected because it is the strongest structural match already represented in the master. Review ACS period and category methodology before longitudinal analysis.
2020,2016-2020,Bergen County,New Jersey,05000US34003,34,003,American Community Survey,2016-2020 ACS 5-Year Estimates,B05006,PLACE OF BIRTH FOR THE FOREIGN-BORN POPULATION IN THE UNITED STATES,B05006_080E,Estimate!!Total:!!Asia:!!Western Asia:!!Iraq,431,198,,,persons,Foreign-born population excluding population born at sea,https://api.census.gov/data/2020/acs/acs5/groups/B05006.html,retrieved_and_moe_matched,2016–2020 ACS 5-Year estimate; sample-based period estimate.,foreign_born_country_of_birth_iraq,country_of_birth,exact_2010_hierarchy_match,Table ID and complete Census hierarchy match the 2010 master after capitalization and punctuation normalization only.,strong,1990|2000|2010,2010,BC-2010-079,Estimate!!Total!!Asia!!Western Asia!!Iraq,review_required,no,Selected because it is the strongest structural match already represented in the master. Review ACS period and category methodology before longitudinal analysis.
2020,2016-2020,Bergen County,New Jersey,05000US34003,34,003,American Community Survey,2016-2020 ACS 5-Year Estimates,B05006,PLACE OF BIRTH FOR THE FOREIGN-BORN POPULATION IN THE UNITED STATES,B05006_081E,Estimate!!Total:!!Asia:!!Western Asia:!!Israel,3440,502,,,persons,Foreign-born population excluding population born at sea,https://api.census.gov/data/2020/acs/acs5/groups/B05006.html,retrieved_and_moe_matched,2016–2020 ACS 5-Year estimate; sample-based period estimate.,foreign_born_country_of_birth_israel,country_of_birth,exact_2010_hierarchy_match,Table ID and complete Census hierarchy match the 2010 master after capitalization and punctuation normalization only.,strong,1990|2000|2010,2010,BC-2010-080,Estimate!!Total!!Asia!!Western Asia!!Israel,review_required,no,Selected because it is the strongest structural match already represented in the master. Review ACS period and category methodology before longitudinal analysis.
2020,2016-2020,Bergen County,New Jersey,05000US34003,34,003,American Community Survey,2016-2020 ACS 5-Year Estimates,B05006,PLACE OF BIRTH FOR THE FOREIGN-BORN POPULATION IN THE UNITED STATES,B05006_082E,Estimate!!Total:!!Asia:!!Western Asia:!!Jordan,867,322,,,persons,Foreign-born population excluding population born at sea,https://api.census.gov/data/2020/acs/acs5/groups/B05006.html,retrieved_and_moe_matched,2016–2020 ACS 5-Year estimate; sample-based period estimate.,foreign_born_country_of_birth_jordan,country_of_birth,exact_2010_hierarchy_match,Table ID and complete Census hierarchy match the 2010 master after capitalization and punctuation normalization only.,strong,1990|2000|2010,2010,BC-2010-081,Estimate!!Total!!Asia!!Western Asia!!Jordan,review_required,no,Selected because it is the strongest structural match already represented in the master. Review ACS period and category methodology before longitudinal analysis.
2020,2016-2020,Bergen County,New Jersey,05000US34003,34,003,American Community Survey,2016-2020 ACS 5-Year Estimates,B05006,PLACE OF BIRTH FOR THE FOREIGN-BORN POPULATION IN THE UNITED STATES,B05006_083E,Estimate!!Total:!!Asia:!!Western Asia:!!Kuwait,407,228,,,persons,Foreign-born population excluding population born at sea,https://api.census.gov/data/2020/acs/acs5/groups/B05006.html,retrieved_and_moe_matched,2016–2020 ACS 5-Year estimate; sample-based period estimate.,foreign_born_country_of_birth_asia_western_asia_kuwait,country_of_birth,exact_2010_hierarchy_match,Table ID and complete Census hierarchy match the 2010 master after capitalization and punctuation normalization only.,strong,2010,2010,BC-2010-082,Estimate!!Total!!Asia!!Western Asia!!Kuwait,review_required,no,Selected because it is the strongest structural match already represented in the master. Review ACS period and category methodology before longitudinal analysis.
2020,2016-2020,Bergen County,New Jersey,05000US34003,34,003,American Community Survey,2016-2020 ACS 5-Year Estimates,B05006,PLACE OF BIRTH FOR THE FOREIGN-BORN POPULATION IN THE UNITED STATES,B05006_084E,Estimate!!Total:!!Asia:!!Western Asia:!!Lebanon,1278,356,,,persons,Foreign-born population excluding population born at sea,https://api.census.gov/data/2020/acs/acs5/groups/B05006.html,retrieved_and_moe_matched,2016–2020 ACS 5-Year estimate; sample-based period estimate.,foreign_born_country_of_birth_lebanon,country_of_birth,exact_2010_hierarchy_match,Table ID and complete Census hierarchy match the 2010 master after capitalization and punctuation normalization only.,strong,1990|2000|2010,2010,BC-2010-083,Estimate!!Total!!Asia!!Western Asia!!Lebanon,review_required,no,Selected because it is the strongest structural match already represented in the master. Review ACS period and category methodology before longitudinal analysis.
2020,2016-2020,Bergen County,New Jersey,05000US34003,34,003,American Community Survey,2016-2020 ACS 5-Year Estimates,B05006,PLACE OF BIRTH FOR THE FOREIGN-BORN POPULATION IN THE UNITED STATES,B05006_085E,Estimate!!Total:!!Asia:!!Western Asia:!!Saudi Arabia,249,154,,,persons,Foreign-born population excluding population born at sea,https://api.census.gov/data/2020/acs/acs5/groups/B05006.html,retrieved_and_moe_matched,2016–2020 ACS 5-Year estimate; sample-based period estimate.,foreign_born_country_of_birth_asia_western_asia_saudi_arabia,country_of_birth,exact_2010_hierarchy_match,Table ID and complete Census hierarchy match the 2010 master after capitalization and punctuation normalization only.,strong,2010,2010,BC-2010-084,Estimate!!Total!!Asia!!Western Asia!!Saudi Arabia,review_required,no,Selected because it is the strongest structural match already represented in the master. Review ACS period and category methodology before longitudinal analysis.
2020,2016-2020,Bergen County,New Jersey,05000US34003,34,003,American Community Survey,2016-2020 ACS 5-Year Estimates,B05006,PLACE OF BIRTH FOR THE FOREIGN-BORN POPULATION IN THE UNITED STATES,B05006_086E,Estimate!!Total:!!Asia:!!Western Asia:!!Syria,1832,529,,,persons,Foreign-born population excluding population born at sea,https://api.census.gov/data/2020/acs/acs5/groups/B05006.html,retrieved_and_moe_matched,2016–2020 ACS 5-Year estimate; sample-based period estimate.,foreign_born_country_of_birth_syria,country_of_birth,exact_2010_hierarchy_match,Table ID and complete Census hierarchy match the 2010 master after capitalization and punctuation normalization only.,strong,1990|2000|2010,2010,BC-2010-085,Estimate!!Total!!Asia!!Western Asia!!Syria,review_required,no,Selected because it is the strongest structural match already represented in the master. Review ACS period and category methodology before longitudinal analysis.
2020,2016-2020,Bergen County,New Jersey,05000US34003,34,003,American Community Survey,2016-2020 ACS 5-Year Estimates,B05006,PLACE OF BIRTH FOR THE FOREIGN-BORN POPULATION IN THE UNITED STATES,B05006_087E,Estimate!!Total:!!Asia:!!Western Asia:!!Turkey,4550,862,,,persons,Foreign-born population excluding population born at sea,https://api.census.gov/data/2020/acs/acs5/groups/B05006.html,retrieved_and_moe_matched,2016–2020 ACS 5-Year estimate; sample-based period estimate.,foreign_born_country_of_birth_turkey,country_of_birth,exact_2010_hierarchy_match,Table ID and complete Census hierarchy match the 2010 master after capitalization and punctuation normalization only.,strong,1990|2000|2010,2010,BC-2010-087,Estimate!!Total!!Asia!!Western Asia!!Turkey,review_required,no,Selected because it is the strongest structural match already represented in the master. Review ACS period and category methodology before longitudinal analysis.
2020,2016-2020,Bergen County,New Jersey,05000US34003,34,003,American Community Survey,2016-2020 ACS 5-Year Estimates,B05006,PLACE OF BIRTH FOR THE FOREIGN-BORN POPULATION IN THE UNITED STATES,B05006_088E,Estimate!!Total:!!Asia:!!Western Asia:!!Yemen,118,143,,,persons,Foreign-born population excluding population born at sea,https://api.census.gov/data/2020/acs/acs5/groups/B05006.html,retrieved_and_moe_matched,2016–2020 ACS 5-Year estimate; sample-based period estimate.,foreign_born_country_of_birth_asia_western_asia_yemen,country_of_birth,exact_2010_hierarchy_match,Table ID and complete Census hierarchy match the 2010 master after capitalization and punctuation normalization only.,strong,2010,2010,BC-2010-086,Estimate!!Total!!Asia!!Western Asia!!Yemen,review_required,no,Selected because it is the strongest structural match already represented in the master. Review ACS period and category methodology before longitudinal analysis.
2020,2016-2020,Bergen County,New Jersey,05000US34003,34,003,American Community Survey,2016-2020 ACS 5-Year Estimates,B05006,PLACE OF BIRTH FOR THE FOREIGN-BORN POPULATION IN THE UNITED STATES,B05006_089E,Estimate!!Total:!!Asia:!!Western Asia:!!Other Western Asia,1033,280,,,persons,Foreign-born population excluding population born at sea,https://api.census.gov/data/2020/acs/acs5/groups/B05006.html,retrieved_and_moe_matched,2016–2020 ACS 5-Year estimate; sample-based period estimate.,foreign_born_country_of_birth_asia_western_asia_other_western_asia,country_of_birth,exact_2010_hierarchy_match,Table ID and complete Census hierarchy match the 2010 master after capitalization and punctuation normalization only.,strong,2000|2010,2010,BC-2010-089,Estimate!!Total!!Asia!!Western Asia!!Other Western Asia,review_required,no,Selected because it is the strongest structural match already represented in the master. Review ACS period and category methodology before longitudinal analysis.
2020,2016-2020,Bergen County,New Jersey,05000US34003,34,003,American Community Survey,2016-2020 ACS 5-Year Estimates,B05006,PLACE OF BIRTH FOR THE FOREIGN-BORN POPULATION IN THE UNITED STATES,B05006_090E,"Estimate!!Total:!!Asia:!!Asia, n.e.c.",405,208,,,persons,Foreign-born population excluding population born at sea,https://api.census.gov/data/2020/acs/acs5/groups/B05006.html,retrieved_and_moe_matched,2016–2020 ACS 5-Year estimate; sample-based period estimate.,foreign_born_country_of_birth_asia_asia_n_e_c,country_of_birth,exact_2010_hierarchy_match,Table ID and complete Census hierarchy match the 2010 master after capitalization and punctuation normalization only.,strong,2000|2010,2010,BC-2010-090,"Estimate!!Total!!Asia!!Asia,n.e.c.",review_required,no,Selected because it is the strongest structural match already represented in the master. Review ACS period and category methodology before longitudinal analysis.
2020,2016-2020,Bergen County,New Jersey,05000US34003,34,003,American Community Survey,2016-2020 ACS 5-Year Estimates,B05006,PLACE OF BIRTH FOR THE FOREIGN-BORN POPULATION IN THE UNITED STATES,B05006_091E,Estimate!!Total:!!Africa:,8145,1026,,,persons,Foreign-born population excluding population born at sea,https://api.census.gov/data/2020/acs/acs5/groups/B05006.html,retrieved_and_moe_matched,2016–2020 ACS 5-Year estimate; sample-based period estimate.,foreign_born_country_of_birth_africa,country_of_birth,exact_2010_hierarchy_match,Table ID and complete Census hierarchy match the 2010 master after capitalization and punctuation normalization only.,strong,2000|2010,2010,BC-2010-091,Estimate!!Total!!Africa,review_required,no,Selected because it is the strongest structural match already represented in the master. Review ACS period and category methodology before longitudinal analysis.
2020,2016-2020,Bergen County,New Jersey,05000US34003,34,003,American Community Survey,2016-2020 ACS 5-Year Estimates,B05006,PLACE OF BIRTH FOR THE FOREIGN-BORN POPULATION IN THE UNITED STATES,B05006_092E,Estimate!!Total:!!Africa:!!Eastern Africa:,1680,471,,,persons,Foreign-born population excluding population born at sea,https://api.census.gov/data/2020/acs/acs5/groups/B05006.html,retrieved_and_moe_matched,2016–2020 ACS 5-Year estimate; sample-based period estimate.,foreign_born_country_of_birth_africa_eastern_africa,country_of_birth,exact_2010_hierarchy_match,Table ID and complete Census hierarchy match the 2010 master after capitalization and punctuation normalization only.,strong,2000|2010,2010,BC-2010-092,Estimate!!Total!!Africa!!Eastern Africa,review_required,no,Selected because it is the strongest structural match already represented in the master. Review ACS period and category methodology before longitudinal analysis.
2020,2016-2020,Bergen County,New Jersey,05000US34003,34,003,American Community Survey,2016-2020 ACS 5-Year Estimates,B05006,PLACE OF BIRTH FOR THE FOREIGN-BORN POPULATION IN THE UNITED STATES,B05006_093E,Estimate!!Total:!!Africa:!!Eastern Africa:!!Eritrea,14,23,,,persons,Foreign-born population excluding population born at sea,https://api.census.gov/data/2020/acs/acs5/groups/B05006.html,retrieved_and_moe_matched,2016–2020 ACS 5-Year estimate; sample-based period estimate.,foreign_born_country_of_birth_africa_eastern_africa_eritrea,country_of_birth,exact_2010_hierarchy_match,Table ID and complete Census hierarchy match the 2010 master after capitalization and punctuation normalization only.,strong,2010,2010,BC-2010-093,Estimate!!Total!!Africa!!Eastern Africa!!Eritrea,review_required,no,Selected because it is the strongest structural match already represented in the master. Review ACS period and category methodology before longitudinal analysis.
2020,2016-2020,Bergen County,New Jersey,05000US34003,34,003,American Community Survey,2016-2020 ACS 5-Year Estimates,B05006,PLACE OF BIRTH FOR THE FOREIGN-BORN POPULATION IN THE UNITED STATES,B05006_094E,Estimate!!Total:!!Africa:!!Eastern Africa:!!Ethiopia,384,201,,,persons,Foreign-born population excluding population born at sea,https://api.census.gov/data/2020/acs/acs5/groups/B05006.html,retrieved_and_moe_matched,2016–2020 ACS 5-Year estimate; sample-based period estimate.,foreign_born_country_of_birth_ethiopia,country_of_birth,exact_2010_hierarchy_match,Table ID and complete Census hierarchy match the 2010 master after capitalization and punctuation normalization only.,strong,1990|2000|2010,2010,BC-2010-094,Estimate!!Total!!Africa!!Eastern Africa!!Ethiopia,review_required,no,Selected because it is the strongest structural match already represented in the master. Review ACS period and category methodology before longitudinal analysis.
2020,2016-2020,Bergen County,New Jersey,05000US34003,34,003,American Community Survey,2016-2020 ACS 5-Year Estimates,B05006,PLACE OF BIRTH FOR THE FOREIGN-BORN POPULATION IN THE UNITED STATES,B05006_095E,Estimate!!Total:!!Africa:!!Eastern Africa:!!Kenya,530,281,,,persons,Foreign-born population excluding population born at sea,https://api.census.gov/data/2020/acs/acs5/groups/B05006.html,retrieved_and_moe_matched,2016–2020 ACS 5-Year estimate; sample-based period estimate.,foreign_born_country_of_birth_africa_eastern_africa_kenya,country_of_birth,exact_2010_hierarchy_match,Table ID and complete Census hierarchy match the 2010 master after capitalization and punctuation normalization only.,strong,2010,2010,BC-2010-095,Estimate!!Total!!Africa!!Eastern Africa!!Kenya,review_required,no,Selected because it is the strongest structural match already represented in the master. Review ACS period and category methodology before longitudinal analysis.
2020,2016-2020,Bergen County,New Jersey,05000US34003,34,003,American Community Survey,2016-2020 ACS 5-Year Estimates,B05006,PLACE OF BIRTH FOR THE FOREIGN-BORN POPULATION IN THE UNITED STATES,B05006_099E,Estimate!!Total:!!Africa:!!Eastern Africa:!!Other Eastern Africa,178,78,,,persons,Foreign-born population excluding population born at sea,https://api.census.gov/data/2020/acs/acs5/groups/B05006.html,retrieved_and_moe_matched,2016–2020 ACS 5-Year estimate; sample-based period estimate.,foreign_born_country_of_birth_africa_eastern_africa_other_eastern_africa,country_of_birth,exact_2010_hierarchy_match,Table ID and complete Census hierarchy match the 2010 master after capitalization and punctuation normalization only.,strong,2000|2010,2010,BC-2010-096,Estimate!!Total!!Africa!!Eastern Africa!!Other Eastern Africa,review_required,no,Selected because it is the strongest structural match already represented in the master. Review ACS period and category methodology before longitudinal analysis.
2020,2016-2020,Bergen County,New Jersey,05000US34003,34,003,American Community Survey,2016-2020 ACS 5-Year Estimates,B05006,PLACE OF BIRTH FOR THE FOREIGN-BORN POPULATION IN THE UNITED STATES,B05006_100E,Estimate!!Total:!!Africa:!!Middle Africa:,318,277,,,persons,Foreign-born population excluding population born at sea,https://api.census.gov/data/2020/acs/acs5/groups/B05006.html,retrieved_and_moe_matched,2016–2020 ACS 5-Year estimate; sample-based period estimate.,foreign_born_country_of_birth_africa_middle_africa,country_of_birth,exact_2010_hierarchy_match,Table ID and complete Census hierarchy match the 2010 master after capitalization and punctuation normalization only.,strong,2000|2010,2010,BC-2010-097,Estimate!!Total!!Africa!!Middle Africa,review_required,no,Selected because it is the strongest structural match already represented in the master. Review ACS period and category methodology before longitudinal analysis.
2020,2016-2020,Bergen County,New Jersey,05000US34003,34,003,American Community Survey,2016-2020 ACS 5-Year Estimates,B05006,PLACE OF BIRTH FOR THE FOREIGN-BORN POPULATION IN THE UNITED STATES,B05006_101E,Estimate!!Total:!!Africa:!!Middle Africa:!!Cameroon,20,32,,,persons,Foreign-born population excluding population born at sea,https://api.census.gov/data/2020/acs/acs5/groups/B05006.html,retrieved_and_moe_matched,2016–2020 ACS 5-Year estimate; sample-based period estimate.,foreign_born_country_of_birth_africa_middle_africa_cameroon,country_of_birth,exact_2010_hierarchy_match,Table ID and complete Census hierarchy match the 2010 master after capitalization and punctuation normalization only.,strong,2010,2010,BC-2010-098,Estimate!!Total!!Africa!!Middle Africa!!Cameroon,review_required,no,Selected because it is the strongest structural match already represented in the master. Review ACS period and category methodology before longitudinal analysis.
2020,2016-2020,Bergen County,New Jersey,05000US34003,34,003,American Community Survey,2016-2020 ACS 5-Year Estimates,B05006,PLACE OF BIRTH FOR THE FOREIGN-BORN POPULATION IN THE UNITED STATES,B05006_104E,Estimate!!Total:!!Africa:!!Middle Africa:!!Other Middle Africa,0,30,,,persons,Foreign-born population excluding population born at sea,https://api.census.gov/data/2020/acs/acs5/groups/B05006.html,retrieved_and_moe_matched,2016–2020 ACS 5-Year estimate; sample-based period estimate.,foreign_born_country_of_birth_africa_middle_africa_other_middle_africa,country_of_birth,exact_2010_hierarchy_match,Table ID and complete Census hierarchy match the 2010 master after capitalization and punctuation normalization only.,strong,2010,2010,BC-2010-099,Estimate!!Total!!Africa!!Middle Africa!!Other Middle Africa,review_required,no,Selected because it is the strongest structural match already represented in the master. Review ACS period and category methodology before longitudinal analysis.
2020,2016-2020,Bergen County,New Jersey,05000US34003,34,003,American Community Survey,2016-2020 ACS 5-Year Estimates,B05006,PLACE OF BIRTH FOR THE FOREIGN-BORN POPULATION IN THE UNITED STATES,B05006_105E,Estimate!!Total:!!Africa:!!Northern Africa:,3240,642,,,persons,Foreign-born population excluding population born at sea,https://api.census.gov/data/2020/acs/acs5/groups/B05006.html,retrieved_and_moe_matched,2016–2020 ACS 5-Year estimate; sample-based period estimate.,foreign_born_country_of_birth_africa_northern_africa,country_of_birth,exact_2010_hierarchy_match,Table ID and complete Census hierarchy match the 2010 master after capitalization and punctuation normalization only.,strong,2000|2010,2010,BC-2010-100,Estimate!!Total!!Africa!!Northern Africa,review_required,no,Selected because it is the strongest structural match already represented in the master. Review ACS period and category methodology before longitudinal analysis.
2020,2016-2020,Bergen County,New Jersey,05000US34003,34,003,American Community Survey,2016-2020 ACS 5-Year Estimates,B05006,PLACE OF BIRTH FOR THE FOREIGN-BORN POPULATION IN THE UNITED STATES,B05006_106E,Estimate!!Total:!!Africa:!!Northern Africa:!!Egypt,2509,524,,,persons,Foreign-born population excluding population born at sea,https://api.census.gov/data/2020/acs/acs5/groups/B05006.html,retrieved_and_moe_matched,2016–2020 ACS 5-Year estimate; sample-based period estimate.,foreign_born_country_of_birth_egypt,country_of_birth,exact_2010_hierarchy_match,Table ID and complete Census hierarchy match the 2010 master after capitalization and punctuation normalization only.,strong,1990|2000|2010,2010,BC-2010-101,Estimate!!Total!!Africa!!Northern Africa!!Egypt,review_required,no,Selected because it is the strongest structural match already represented in the master. Review ACS period and category methodology before longitudinal analysis.
2020,2016-2020,Bergen County,New Jersey,05000US34003,34,003,American Community Survey,2016-2020 ACS 5-Year Estimates,B05006,PLACE OF BIRTH FOR THE FOREIGN-BORN POPULATION IN THE UNITED STATES,B05006_107E,Estimate!!Total:!!Africa:!!Northern Africa:!!Morocco,249,110,,,persons,Foreign-born population excluding population born at sea,https://api.census.gov/data/2020/acs/acs5/groups/B05006.html,retrieved_and_moe_matched,2016–2020 ACS 5-Year estimate; sample-based period estimate.,foreign_born_country_of_birth_africa_northern_africa_morocco,country_of_birth,exact_2010_hierarchy_match,Table ID and complete Census hierarchy match the 2010 master after capitalization and punctuation normalization only.,strong,2010,2010,BC-2010-102,Estimate!!Total!!Africa!!Northern Africa!!Morocco,review_required,no,Selected because it is the strongest structural match already represented in the master. Review ACS period and category methodology before longitudinal analysis.
2020,2016-2020,Bergen County,New Jersey,05000US34003,34,003,American Community Survey,2016-2020 ACS 5-Year Estimates,B05006,PLACE OF BIRTH FOR THE FOREIGN-BORN POPULATION IN THE UNITED STATES,B05006_108E,Estimate!!Total:!!Africa:!!Northern Africa:!!Sudan,0,30,,,persons,Foreign-born population excluding population born at sea,https://api.census.gov/data/2020/acs/acs5/groups/B05006.html,retrieved_and_moe_matched,2016–2020 ACS 5-Year estimate; sample-based period estimate.,foreign_born_country_of_birth_africa_northern_africa_sudan,country_of_birth,exact_2010_hierarchy_match,Table ID and complete Census hierarchy match the 2010 master after capitalization and punctuation normalization only.,strong,2010,2010,BC-2010-103,Estimate!!Total!!Africa!!Northern Africa!!Sudan,review_required,no,Selected because it is the strongest structural match already represented in the master. Review ACS period and category methodology before longitudinal analysis.
2020,2016-2020,Bergen County,New Jersey,05000US34003,34,003,American Community Survey,2016-2020 ACS 5-Year Estimates,B05006,PLACE OF BIRTH FOR THE FOREIGN-BORN POPULATION IN THE UNITED STATES,B05006_109E,Estimate!!Total:!!Africa:!!Northern Africa:!!Other Northern Africa,482,248,,,persons,Foreign-born population excluding population born at sea,https://api.census.gov/data/2020/acs/acs5/groups/B05006.html,retrieved_and_moe_matched,2016–2020 ACS 5-Year estimate; sample-based period estimate.,foreign_born_country_of_birth_africa_northern_africa_other_northern_africa,country_of_birth,exact_2010_hierarchy_match,Table ID and complete Census hierarchy match the 2010 master after capitalization and punctuation normalization only.,strong,2000|2010,2010,BC-2010-104,Estimate!!Total!!Africa!!Northern Africa!!Other Northern Africa,review_required,no,Selected because it is the strongest structural match already represented in the master. Review ACS period and category methodology before longitudinal analysis.
2020,2016-2020,Bergen County,New Jersey,05000US34003,34,003,American Community Survey,2016-2020 ACS 5-Year Estimates,B05006,PLACE OF BIRTH FOR THE FOREIGN-BORN POPULATION IN THE UNITED STATES,B05006_110E,Estimate!!Total:!!Africa:!!Southern Africa:,611,269,,,persons,Foreign-born population excluding population born at sea,https://api.census.gov/data/2020/acs/acs5/groups/B05006.html,retrieved_and_moe_matched,2016–2020 ACS 5-Year estimate; sample-based period estimate.,foreign_born_country_of_birth_africa_southern_africa,country_of_birth,exact_2010_hierarchy_match,Table ID and complete Census hierarchy match the 2010 master after capitalization and punctuation normalization only.,strong,2000|2010,2010,BC-2010-105,Estimate!!Total!!Africa!!Southern Africa,review_required,no,Selected because it is the strongest structural match already represented in the master. Review ACS period and category methodology before longitudinal analysis.
2020,2016-2020,Bergen County,New Jersey,05000US34003,34,003,American Community Survey,2016-2020 ACS 5-Year Estimates,B05006,PLACE OF BIRTH FOR THE FOREIGN-BORN POPULATION IN THE UNITED STATES,B05006_111E,Estimate!!Total:!!Africa:!!Southern Africa:!!South Africa,592,267,,,persons,Foreign-born population excluding population born at sea,https://api.census.gov/data/2020/acs/acs5/groups/B05006.html,retrieved_and_moe_matched,2016–2020 ACS 5-Year estimate; sample-based period estimate.,foreign_born_country_of_birth_south_africa,country_of_birth,exact_2010_hierarchy_match,Table ID and complete Census hierarchy match the 2010 master after capitalization and punctuation normalization only.,strong,1990|2000|2010,2010,BC-2010-106,Estimate!!Total!!Africa!!Southern Africa!!South Africa,review_required,no,Selected because it is the strongest structural match already represented in the master. Review ACS period and category methodology before longitudinal analysis.
2020,2016-2020,Bergen County,New Jersey,05000US34003,34,003,American Community Survey,2016-2020 ACS 5-Year Estimates,B05006,PLACE OF BIRTH FOR THE FOREIGN-BORN POPULATION IN THE UNITED STATES,B05006_112E,Estimate!!Total:!!Africa:!!Southern Africa:!!Other Southern Africa,19,23,,,persons,Foreign-born population excluding population born at sea,https://api.census.gov/data/2020/acs/acs5/groups/B05006.html,retrieved_and_moe_matched,2016–2020 ACS 5-Year estimate; sample-based period estimate.,foreign_born_country_of_birth_africa_southern_africa_other_southern_africa,country_of_birth,exact_2010_hierarchy_match,Table ID and complete Census hierarchy match the 2010 master after capitalization and punctuation normalization only.,strong,2000|2010,2010,BC-2010-107,Estimate!!Total!!Africa!!Southern Africa!!Other Southern Africa,review_required,no,Selected because it is the strongest structural match already represented in the master. Review ACS period and category methodology before longitudinal analysis.
2020,2016-2020,Bergen County,New Jersey,05000US34003,34,003,American Community Survey,2016-2020 ACS 5-Year Estimates,B05006,PLACE OF BIRTH FOR THE FOREIGN-BORN POPULATION IN THE UNITED STATES,B05006_113E,Estimate!!Total:!!Africa:!!Western Africa:,2169,574,,,persons,Foreign-born population excluding population born at sea,https://api.census.gov/data/2020/acs/acs5/groups/B05006.html,retrieved_and_moe_matched,2016–2020 ACS 5-Year estimate; sample-based period estimate.,foreign_born_country_of_birth_africa_western_africa,country_of_birth,exact_2010_hierarchy_match,Table ID and complete Census hierarchy match the 2010 master after capitalization and punctuation normalization only.,strong,2000|2010,2010,BC-2010-108,Estimate!!Total!!Africa!!Western Africa,review_required,no,Selected because it is the strongest structural match already represented in the master. Review ACS period and category methodology before longitudinal analysis.
2020,2016-2020,Bergen County,New Jersey,05000US34003,34,003,American Community Survey,2016-2020 ACS 5-Year Estimates,B05006,PLACE OF BIRTH FOR THE FOREIGN-BORN POPULATION IN THE UNITED STATES,B05006_115E,Estimate!!Total:!!Africa:!!Western Africa:!!Ghana,1149,437,,,persons,Foreign-born population excluding population born at sea,https://api.census.gov/data/2020/acs/acs5/groups/B05006.html,retrieved_and_moe_matched,2016–2020 ACS 5-Year estimate; sample-based period estimate.,foreign_born_country_of_birth_ghana,country_of_birth,exact_2010_hierarchy_match,Table ID and complete Census hierarchy match the 2010 master after capitalization and punctuation normalization only.,strong,1990|2000|2010,2010,BC-2010-110,Estimate!!Total!!Africa!!Western Africa!!Ghana,review_required,no,Selected because it is the strongest structural match already represented in the master. Review ACS period and category methodology before longitudinal analysis.
2020,2016-2020,Bergen County,New Jersey,05000US34003,34,003,American Community Survey,2016-2020 ACS 5-Year Estimates,B05006,PLACE OF BIRTH FOR THE FOREIGN-BORN POPULATION IN THE UNITED STATES,B05006_116E,Estimate!!Total:!!Africa:!!Western Africa:!!Liberia,46,58,,,persons,Foreign-born population excluding population born at sea,https://api.census.gov/data/2020/acs/acs5/groups/B05006.html,retrieved_and_moe_matched,2016–2020 ACS 5-Year estimate; sample-based period estimate.,foreign_born_country_of_birth_africa_western_africa_liberia,country_of_birth,exact_2010_hierarchy_match,Table ID and complete Census hierarchy match the 2010 master after capitalization and punctuation normalization only.,strong,2010,2010,BC-2010-111,Estimate!!Total!!Africa!!Western Africa!!Liberia,review_required,no,Selected because it is the strongest structural match already represented in the master. Review ACS period and category methodology before longitudinal analysis.
2020,2016-2020,Bergen County,New Jersey,05000US34003,34,003,American Community Survey,2016-2020 ACS 5-Year Estimates,B05006,PLACE OF BIRTH FOR THE FOREIGN-BORN POPULATION IN THE UNITED STATES,B05006_117E,Estimate!!Total:!!Africa:!!Western Africa:!!Nigeria,745,223,,,persons,Foreign-born population excluding population born at sea,https://api.census.gov/data/2020/acs/acs5/groups/B05006.html,retrieved_and_moe_matched,2016–2020 ACS 5-Year estimate; sample-based period estimate.,foreign_born_country_of_birth_nigeria,country_of_birth,exact_2010_hierarchy_match,Table ID and complete Census hierarchy match the 2010 master after capitalization and punctuation normalization only.,strong,1990|2000|2010,2010,BC-2010-112,Estimate!!Total!!Africa!!Western Africa!!Nigeria,review_required,no,Selected because it is the strongest structural match already represented in the master. Review ACS period and category methodology before longitudinal analysis.
2020,2016-2020,Bergen County,New Jersey,05000US34003,34,003,American Community Survey,2016-2020 ACS 5-Year Estimates,B05006,PLACE OF BIRTH FOR THE FOREIGN-BORN POPULATION IN THE UNITED STATES,B05006_119E,Estimate!!Total:!!Africa:!!Western Africa:!!Sierra Leone,0,30,,,persons,Foreign-born population excluding population born at sea,https://api.census.gov/data/2020/acs/acs5/groups/B05006.html,retrieved_and_moe_matched,2016–2020 ACS 5-Year estimate; sample-based period estimate.,foreign_born_country_of_birth_africa_western_africa_sierra_leone,country_of_birth,exact_2010_hierarchy_match,Table ID and complete Census hierarchy match the 2010 master after capitalization and punctuation normalization only.,strong,2000|2010,2010,BC-2010-113,Estimate!!Total!!Africa!!Western Africa!!Sierra Leone,review_required,no,Selected because it is the strongest structural match already represented in the master. Review ACS period and category methodology before longitudinal analysis.
2020,2016-2020,Bergen County,New Jersey,05000US34003,34,003,American Community Survey,2016-2020 ACS 5-Year Estimates,B05006,PLACE OF BIRTH FOR THE FOREIGN-BORN POPULATION IN THE UNITED STATES,B05006_120E,Estimate!!Total:!!Africa:!!Western Africa:!!Other Western Africa,177,126,,,persons,Foreign-born population excluding population born at sea,https://api.census.gov/data/2020/acs/acs5/groups/B05006.html,retrieved_and_moe_matched,2016–2020 ACS 5-Year estimate; sample-based period estimate.,foreign_born_country_of_birth_africa_western_africa_other_western_africa,country_of_birth,exact_2010_hierarchy_match,Table ID and complete Census hierarchy match the 2010 master after capitalization and punctuation normalization only.,strong,2000|2010,2010,BC-2010-114,Estimate!!Total!!Africa!!Western Africa!!Other Western Africa,review_required,no,Selected because it is the strongest structural match already represented in the master. Review ACS period and category methodology before longitudinal analysis.
2020,2016-2020,Bergen County,New Jersey,05000US34003,34,003,American Community Survey,2016-2020 ACS 5-Year Estimates,B05006,PLACE OF BIRTH FOR THE FOREIGN-BORN POPULATION IN THE UNITED STATES,B05006_121E,"Estimate!!Total:!!Africa:!!Africa, n.e.c.",127,114,,,persons,Foreign-born population excluding population born at sea,https://api.census.gov/data/2020/acs/acs5/groups/B05006.html,retrieved_and_moe_matched,2016–2020 ACS 5-Year estimate; sample-based period estimate.,foreign_born_country_of_birth_africa_africa_n_e_c,country_of_birth,exact_2010_hierarchy_match,Table ID and complete Census hierarchy match the 2010 master after capitalization and punctuation normalization only.,strong,2000|2010,2010,BC-2010-115,"Estimate!!Total!!Africa!!Africa, n.e.c.",review_required,no,Selected because it is the strongest structural match already represented in the master. Review ACS period and category methodology before longitudinal analysis.
2020,2016-2020,Bergen County,New Jersey,05000US34003,34,003,American Community Survey,2016-2020 ACS 5-Year Estimates,B05006,PLACE OF BIRTH FOR THE FOREIGN-BORN POPULATION IN THE UNITED STATES,B05006_122E,Estimate!!Total:!!Oceania:,323,116,,,persons,Foreign-born population excluding population born at sea,https://api.census.gov/data/2020/acs/acs5/groups/B05006.html,retrieved_and_moe_matched,2016–2020 ACS 5-Year estimate; sample-based period estimate.,foreign_born_country_of_birth_oceania,country_of_birth,exact_2010_hierarchy_match,Table ID and complete Census hierarchy match the 2010 master after capitalization and punctuation normalization only.,strong,2000|2010,2010,BC-2010-116,Estimate!!Total!!Oceania,review_required,no,Selected because it is the strongest structural match already represented in the master. Review ACS period and category methodology before longitudinal analysis.
2020,2016-2020,Bergen County,New Jersey,05000US34003,34,003,American Community Survey,2016-2020 ACS 5-Year Estimates,B05006,PLACE OF BIRTH FOR THE FOREIGN-BORN POPULATION IN THE UNITED STATES,B05006_123E,Estimate!!Total:!!Oceania:!!Australia and New Zealand Subregion:,305,114,,,persons,Foreign-born population excluding population born at sea,https://api.census.gov/data/2020/acs/acs5/groups/B05006.html,retrieved_and_moe_matched,2016–2020 ACS 5-Year estimate; sample-based period estimate.,foreign_born_country_of_birth_oceania_australia_and_new_zealand_subregion,country_of_birth,exact_2010_hierarchy_match,Table ID and complete Census hierarchy match the 2010 master after capitalization and punctuation normalization only.,strong,2000|2010,2010,BC-2010-117,Estimate!!Total!!Oceania!!Australia and New Zealand Subregion,review_required,no,Selected because it is the strongest structural match already represented in the master. Review ACS period and category methodology before longitudinal analysis.
2020,2016-2020,Bergen County,New Jersey,05000US34003,34,003,American Community Survey,2016-2020 ACS 5-Year Estimates,B05006,PLACE OF BIRTH FOR THE FOREIGN-BORN POPULATION IN THE UNITED STATES,B05006_124E,Estimate!!Total:!!Oceania:!!Australia and New Zealand Subregion:!!Australia,253,104,,,persons,Foreign-born population excluding population born at sea,https://api.census.gov/data/2020/acs/acs5/groups/B05006.html,retrieved_and_moe_matched,2016–2020 ACS 5-Year estimate; sample-based period estimate.,foreign_born_country_of_birth_australia,country_of_birth,exact_2010_hierarchy_match,Table ID and complete Census hierarchy match the 2010 master after capitalization and punctuation normalization only.,strong,1990|2000|2010,2010,BC-2010-118,Estimate!!Total!!Oceania!!Australia and New Zealand Subregion!!Australia,review_required,no,Selected because it is the strongest structural match already represented in the master. Review ACS period and category methodology before longitudinal analysis.
2020,2016-2020,Bergen County,New Jersey,05000US34003,34,003,American Community Survey,2016-2020 ACS 5-Year Estimates,B05006,PLACE OF BIRTH FOR THE FOREIGN-BORN POPULATION IN THE UNITED STATES,B05006_125E,Estimate!!Total:!!Oceania:!!Australia and New Zealand Subregion:!!Other Australian and New Zealand Subregion,52,40,,,persons,Foreign-born population excluding population born at sea,https://api.census.gov/data/2020/acs/acs5/groups/B05006.html,retrieved_and_moe_matched,2016–2020 ACS 5-Year estimate; sample-based period estimate.,foreign_born_country_of_birth_oceania_australia_and_new_zealand_subregion_other_australian_and_new_zealand_subregion,country_of_birth,exact_2010_hierarchy_match,Table ID and complete Census hierarchy match the 2010 master after capitalization and punctuation normalization only.,strong,2000|2010,2010,BC-2010-119,Estimate!!Total!!Oceania!!Australia and New Zealand Subregion!!Other Australian and New Zealand Subregion,review_required,no,Selected because it is the strongest structural match already represented in the master. Review ACS period and category methodology before longitudinal analysis.
2020,2016-2020,Bergen County,New Jersey,05000US34003,34,003,American Community Survey,2016-2020 ACS 5-Year Estimates,B05006,PLACE OF BIRTH FOR THE FOREIGN-BORN POPULATION IN THE UNITED STATES,B05006_126E,Estimate!!Total:!!Oceania:!!Fiji,0,30,,,persons,Foreign-born population excluding population born at sea,https://api.census.gov/data/2020/acs/acs5/groups/B05006.html,retrieved_and_moe_matched,2016–2020 ACS 5-Year estimate; sample-based period estimate.,foreign_born_country_of_birth_oceania_fiji,country_of_birth,exact_2010_hierarchy_match,Table ID and complete Census hierarchy match the 2010 master after capitalization and punctuation normalization only.,strong,2010,2010,BC-2010-120,Estimate!!Total!!Oceania!!Fiji,review_required,no,Selected because it is the strongest structural match already represented in the master. Review ACS period and category methodology before longitudinal analysis.
2020,2016-2020,Bergen County,New Jersey,05000US34003,34,003,American Community Survey,2016-2020 ACS 5-Year Estimates,B05006,PLACE OF BIRTH FOR THE FOREIGN-BORN POPULATION IN THE UNITED STATES,B05006_128E,"Estimate!!Total:!!Oceania:!!Oceania, n.e.c.",18,25,,,persons,Foreign-born population excluding population born at sea,https://api.census.gov/data/2020/acs/acs5/groups/B05006.html,retrieved_and_moe_matched,2016–2020 ACS 5-Year estimate; sample-based period estimate.,foreign_born_country_of_birth_oceania_oceania_n_e_c,country_of_birth,exact_2010_hierarchy_match,Table ID and complete Census hierarchy match the 2010 master after capitalization and punctuation normalization only.,strong,2000|2010,2010,BC-2010-121,"Estimate!!Total!!Oceania!!Oceania, n.e.c.",review_required,no,Selected because it is the strongest structural match already represented in the master. Review ACS period and category methodology before longitudinal analysis.
2020,2016-2020,Bergen County,New Jersey,05000US34003,34,003,American Community Survey,2016-2020 ACS 5-Year Estimates,B05006,PLACE OF BIRTH FOR THE FOREIGN-BORN POPULATION IN THE UNITED STATES,B05006_129E,Estimate!!Total:!!Americas:,98664,2579,,,persons,Foreign-born population excluding population born at sea,https://api.census.gov/data/2020/acs/acs5/groups/B05006.html,retrieved_and_moe_matched,2016–2020 ACS 5-Year estimate; sample-based period estimate.,foreign_born_country_of_birth_americas,country_of_birth,exact_2010_hierarchy_match,Table ID and complete Census hierarchy match the 2010 master after capitalization and punctuation normalization only.,strong,2000|2010,2010,BC-2010-122,Estimate!!Total!!Americas,review_required,no,Selected because it is the strongest structural match already represented in the master. Review ACS period and category methodology before longitudinal analysis.
2020,2016-2020,Bergen County,New Jersey,05000US34003,34,003,American Community Survey,2016-2020 ACS 5-Year Estimates,B05006,PLACE OF BIRTH FOR THE FOREIGN-BORN POPULATION IN THE UNITED STATES,B05006_130E,Estimate!!Total:!!Americas:!!Latin America:,96675,2549,,,persons,Foreign-born population excluding population born at sea,https://api.census.gov/data/2020/acs/acs5/groups/B05006.html,retrieved_and_moe_matched,2016–2020 ACS 5-Year estimate; sample-based period estimate.,foreign_born_country_of_birth_americas_latin_america,country_of_birth,exact_2010_hierarchy_match,Table ID and complete Census hierarchy match the 2010 master after capitalization and punctuation normalization only.,strong,2000|2010,2010,BC-2010-123,Estimate!!Total!!Americas!!Latin America,review_required,no,Selected because it is the strongest structural match already represented in the master. Review ACS period and category methodology before longitudinal analysis.
2020,2016-2020,Bergen County,New Jersey,05000US34003,34,003,American Community Survey,2016-2020 ACS 5-Year Estimates,B05006,PLACE OF BIRTH FOR THE FOREIGN-BORN POPULATION IN THE UNITED STATES,B05006_131E,Estimate!!Total:!!Americas:!!Latin America:!!Caribbean:,36184,2048,,,persons,Foreign-born population excluding population born at sea,https://api.census.gov/data/2020/acs/acs5/groups/B05006.html,retrieved_and_moe_matched,2016–2020 ACS 5-Year estimate; sample-based period estimate.,foreign_born_region_of_birth_caribbean,country_of_birth,exact_2010_hierarchy_match,Table ID and complete Census hierarchy match the 2010 master after capitalization and punctuation normalization only.,strong,1990|2000|2010,2010,BC-2010-124,Estimate!!Total!!Americas!!Latin America!!Caribbean,review_required,no,Selected because it is the strongest structural match already represented in the master. Review ACS period and category methodology before longitudinal analysis.
2020,2016-2020,Bergen County,New Jersey,05000US34003,34,003,American Community Survey,2016-2020 ACS 5-Year Estimates,B05006,PLACE OF BIRTH FOR THE FOREIGN-BORN POPULATION IN THE UNITED STATES,B05006_132E,Estimate!!Total:!!Americas:!!Latin America:!!Caribbean:!!Bahamas,27,22,,,persons,Foreign-born population excluding population born at sea,https://api.census.gov/data/2020/acs/acs5/groups/B05006.html,retrieved_and_moe_matched,2016–2020 ACS 5-Year estimate; sample-based period estimate.,foreign_born_country_of_birth_americas_latin_america_caribbean_bahamas,country_of_birth,exact_2010_hierarchy_match,Table ID and complete Census hierarchy match the 2010 master after capitalization and punctuation normalization only.,strong,2010,2010,BC-2010-125,Estimate!!Total!!Americas!!Latin America!!Caribbean!!Bahamas,review_required,no,Selected because it is the strongest structural match already represented in the master. Review ACS period and category methodology before longitudinal analysis.
2020,2016-2020,Bergen County,New Jersey,05000US34003,34,003,American Community Survey,2016-2020 ACS 5-Year Estimates,B05006,PLACE OF BIRTH FOR THE FOREIGN-BORN POPULATION IN THE UNITED STATES,B05006_133E,Estimate!!Total:!!Americas:!!Latin America:!!Caribbean:!!Barbados,230,135,,,persons,Foreign-born population excluding population born at sea,https://api.census.gov/data/2020/acs/acs5/groups/B05006.html,retrieved_and_moe_matched,2016–2020 ACS 5-Year estimate; sample-based period estimate.,foreign_born_country_of_birth_barbados,country_of_birth,exact_2010_hierarchy_match,Table ID and complete Census hierarchy match the 2010 master after capitalization and punctuation normalization only.,strong,1990|2000|2010,2010,BC-2010-126,Estimate!!Total!!Americas!!Latin America!!Caribbean!!Barbados,review_required,no,Selected because it is the strongest structural match already represented in the master. Review ACS period and category methodology before longitudinal analysis.
2020,2016-2020,Bergen County,New Jersey,05000US34003,34,003,American Community Survey,2016-2020 ACS 5-Year Estimates,B05006,PLACE OF BIRTH FOR THE FOREIGN-BORN POPULATION IN THE UNITED STATES,B05006_134E,Estimate!!Total:!!Americas:!!Latin America:!!Caribbean:!!Cuba,6076,769,,,persons,Foreign-born population excluding population born at sea,https://api.census.gov/data/2020/acs/acs5/groups/B05006.html,retrieved_and_moe_matched,2016–2020 ACS 5-Year estimate; sample-based period estimate.,foreign_born_country_of_birth_cuba,country_of_birth,exact_2010_hierarchy_match,Table ID and complete Census hierarchy match the 2010 master after capitalization and punctuation normalization only.,strong,1980|1990|2000|2010,2010,BC-2010-127,Estimate!!Total!!Americas!!Latin America!!Caribbean!!Cuba,review_required,no,Selected because it is the strongest structural match already represented in the master. Review ACS period and category methodology before longitudinal analysis.
2020,2016-2020,Bergen County,New Jersey,05000US34003,34,003,American Community Survey,2016-2020 ACS 5-Year Estimates,B05006,PLACE OF BIRTH FOR THE FOREIGN-BORN POPULATION IN THE UNITED STATES,B05006_135E,Estimate!!Total:!!Americas:!!Latin America:!!Caribbean:!!Dominica,152,130,,,persons,Foreign-born population excluding population born at sea,https://api.census.gov/data/2020/acs/acs5/groups/B05006.html,retrieved_and_moe_matched,2016–2020 ACS 5-Year estimate; sample-based period estimate.,foreign_born_country_of_birth_americas_latin_america_caribbean_dominica,country_of_birth,exact_2010_hierarchy_match,Table ID and complete Census hierarchy match the 2010 master after capitalization and punctuation normalization only.,strong,2010,2010,BC-2010-128,Estimate!!Total!!Americas!!Latin America!!Caribbean!!Dominica,review_required,no,Selected because it is the strongest structural match already represented in the master. Review ACS period and category methodology before longitudinal analysis.
2020,2016-2020,Bergen County,New Jersey,05000US34003,34,003,American Community Survey,2016-2020 ACS 5-Year Estimates,B05006,PLACE OF BIRTH FOR THE FOREIGN-BORN POPULATION IN THE UNITED STATES,B05006_136E,Estimate!!Total:!!Americas:!!Latin America:!!Caribbean:!!Dominican Republic,20420,1705,,,persons,Foreign-born population excluding population born at sea,https://api.census.gov/data/2020/acs/acs5/groups/B05006.html,retrieved_and_moe_matched,2016–2020 ACS 5-Year estimate; sample-based period estimate.,foreign_born_country_of_birth_dominican_republic,country_of_birth,exact_2010_hierarchy_match,Table ID and complete Census hierarchy match the 2010 master after capitalization and punctuation normalization only.,strong,1980|1990|2000|2010,2010,BC-2010-129,Estimate!!Total!!Americas!!Latin America!!Caribbean!!Dominican Republic,review_required,no,Selected because it is the strongest structural match already represented in the master. Review ACS period and category methodology before longitudinal analysis.
2020,2016-2020,Bergen County,New Jersey,05000US34003,34,003,American Community Survey,2016-2020 ACS 5-Year Estimates,B05006,PLACE OF BIRTH FOR THE FOREIGN-BORN POPULATION IN THE UNITED STATES,B05006_137E,Estimate!!Total:!!Americas:!!Latin America:!!Caribbean:!!Grenada,182,152,,,persons,Foreign-born population excluding population born at sea,https://api.census.gov/data/2020/acs/acs5/groups/B05006.html,retrieved_and_moe_matched,2016–2020 ACS 5-Year estimate; sample-based period estimate.,foreign_born_country_of_birth_americas_latin_america_caribbean_grenada,country_of_birth,exact_2010_hierarchy_match,Table ID and complete Census hierarchy match the 2010 master after capitalization and punctuation normalization only.,strong,2010,2010,BC-2010-130,Estimate!!Total!!Americas!!Latin America!!Caribbean!!Grenada,review_required,no,Selected because it is the strongest structural match already represented in the master. Review ACS period and category methodology before longitudinal analysis.
2020,2016-2020,Bergen County,New Jersey,05000US34003,34,003,American Community Survey,2016-2020 ACS 5-Year Estimates,B05006,PLACE OF BIRTH FOR THE FOREIGN-BORN POPULATION IN THE UNITED STATES,B05006_138E,Estimate!!Total:!!Americas:!!Latin America:!!Caribbean:!!Haiti,881,309,,,persons,Foreign-born population excluding population born at sea,https://api.census.gov/data/2020/acs/acs5/groups/B05006.html,retrieved_and_moe_matched,2016–2020 ACS 5-Year estimate; sample-based period estimate.,foreign_born_country_of_birth_haiti,country_of_birth,exact_2010_hierarchy_match,Table ID and complete Census hierarchy match the 2010 master after capitalization and punctuation normalization only.,strong,1990|2000|2010,2010,BC-2010-131,Estimate!!Total!!Americas!!Latin America!!Caribbean!!Haiti,review_required,no,Selected because it is the strongest structural match already represented in the master. Review ACS period and category methodology before longitudinal analysis.
2020,2016-2020,Bergen County,New Jersey,05000US34003,34,003,American Community Survey,2016-2020 ACS 5-Year Estimates,B05006,PLACE OF BIRTH FOR THE FOREIGN-BORN POPULATION IN THE UNITED STATES,B05006_139E,Estimate!!Total:!!Americas:!!Latin America:!!Caribbean:!!Jamaica,5500,825,,,persons,Foreign-born population excluding population born at sea,https://api.census.gov/data/2020/acs/acs5/groups/B05006.html,retrieved_and_moe_matched,2016–2020 ACS 5-Year estimate; sample-based period estimate.,foreign_born_country_of_birth_jamaica,country_of_birth,exact_2010_hierarchy_match,Table ID and complete Census hierarchy match the 2010 master after capitalization and punctuation normalization only.,strong,1980|1990|2000|2010,2010,BC-2010-132,Estimate!!Total!!Americas!!Latin America!!Caribbean!!Jamaica,review_required,no,Selected because it is the strongest structural match already represented in the master. Review ACS period and category methodology before longitudinal analysis.
2020,2016-2020,Bergen County,New Jersey,05000US34003,34,003,American Community Survey,2016-2020 ACS 5-Year Estimates,B05006,PLACE OF BIRTH FOR THE FOREIGN-BORN POPULATION IN THE UNITED STATES,B05006_140E,Estimate!!Total:!!Americas:!!Latin America:!!Caribbean:!!St. Vincent and the Grenadines,192,128,,,persons,Foreign-born population excluding population born at sea,https://api.census.gov/data/2020/acs/acs5/groups/B05006.html,retrieved_and_moe_matched,2016–2020 ACS 5-Year estimate; sample-based period estimate.,foreign_born_country_of_birth_americas_latin_america_caribbean_st_vincent_and_the_grenadines,country_of_birth,exact_2010_hierarchy_match,Table ID and complete Census hierarchy match the 2010 master after capitalization and punctuation normalization only.,strong,2010,2010,BC-2010-133,Estimate!!Total!!Americas!!Latin America!!Caribbean!!St. Vincent and the Grenadines,review_required,no,Selected because it is the strongest structural match already represented in the master. Review ACS period and category methodology before longitudinal analysis.
2020,2016-2020,Bergen County,New Jersey,05000US34003,34,003,American Community Survey,2016-2020 ACS 5-Year Estimates,B05006,PLACE OF BIRTH FOR THE FOREIGN-BORN POPULATION IN THE UNITED STATES,B05006_141E,Estimate!!Total:!!Americas:!!Latin America:!!Caribbean:!!Trinidad and Tobago,2133,655,,,persons,Foreign-born population excluding population born at sea,https://api.census.gov/data/2020/acs/acs5/groups/B05006.html,retrieved_and_moe_matched,2016–2020 ACS 5-Year estimate; sample-based period estimate.,foreign_born_country_of_birth_trinidad_and_tobago,country_of_birth,exact_2010_hierarchy_match,Table ID and complete Census hierarchy match the 2010 master after capitalization and punctuation normalization only.,strong,1990|2000|2010,2010,BC-2010-134,Estimate!!Total!!Americas!!Latin America!!Caribbean!!Trinidad and Tobago,review_required,no,Selected because it is the strongest structural match already represented in the master. Review ACS period and category methodology before longitudinal analysis.
2020,2016-2020,Bergen County,New Jersey,05000US34003,34,003,American Community Survey,2016-2020 ACS 5-Year Estimates,B05006,PLACE OF BIRTH FOR THE FOREIGN-BORN POPULATION IN THE UNITED STATES,B05006_142E,Estimate!!Total:!!Americas:!!Latin America:!!Caribbean:!!West Indies,166,135,,,persons,Foreign-born population excluding population born at sea,https://api.census.gov/data/2020/acs/acs5/groups/B05006.html,retrieved_and_moe_matched,2016–2020 ACS 5-Year estimate; sample-based period estimate.,foreign_born_country_of_birth_americas_latin_america_caribbean_west_indies,country_of_birth,exact_2010_hierarchy_match,Table ID and complete Census hierarchy match the 2010 master after capitalization and punctuation normalization only.,strong,2010,2010,BC-2010-135,Estimate!!Total!!Americas!!Latin America!!Caribbean!!West Indies,review_required,no,Selected because it is the strongest structural match already represented in the master. Review ACS period and category methodology before longitudinal analysis.
2020,2016-2020,Bergen County,New Jersey,05000US34003,34,003,American Community Survey,2016-2020 ACS 5-Year Estimates,B05006,PLACE OF BIRTH FOR THE FOREIGN-BORN POPULATION IN THE UNITED STATES,B05006_143E,Estimate!!Total:!!Americas:!!Latin America:!!Caribbean:!!Other Caribbean,225,148,,,persons,Foreign-born population excluding population born at sea,https://api.census.gov/data/2020/acs/acs5/groups/B05006.html,retrieved_and_moe_matched,2016–2020 ACS 5-Year estimate; sample-based period estimate.,foreign_born_country_of_birth_americas_latin_america_caribbean_other_caribbean,country_of_birth,exact_2010_hierarchy_match,Table ID and complete Census hierarchy match the 2010 master after capitalization and punctuation normalization only.,strong,2000|2010,2010,BC-2010-136,Estimate!!Total!!Americas!!Latin America!!Caribbean!!Other Caribbean,review_required,no,Selected because it is the strongest structural match already represented in the master. Review ACS period and category methodology before longitudinal analysis.
2020,2016-2020,Bergen County,New Jersey,05000US34003,34,003,American Community Survey,2016-2020 ACS 5-Year Estimates,B05006,PLACE OF BIRTH FOR THE FOREIGN-BORN POPULATION IN THE UNITED STATES,B05006_144E,Estimate!!Total:!!Americas:!!Latin America:!!Central America:,19306,2052,,,persons,Foreign-born population excluding population born at sea,https://api.census.gov/data/2020/acs/acs5/groups/B05006.html,retrieved_and_moe_matched,2016–2020 ACS 5-Year estimate; sample-based period estimate.,foreign_born_region_of_birth_central_america,country_of_birth,exact_2010_hierarchy_match,Table ID and complete Census hierarchy match the 2010 master after capitalization and punctuation normalization only.,strong,1990|2000|2010,2010,BC-2010-137,Estimate!!Total!!Americas!!Latin America!!Central America,review_required,no,Selected because it is the strongest structural match already represented in the master. Review ACS period and category methodology before longitudinal analysis.
2020,2016-2020,Bergen County,New Jersey,05000US34003,34,003,American Community Survey,2016-2020 ACS 5-Year Estimates,B05006,PLACE OF BIRTH FOR THE FOREIGN-BORN POPULATION IN THE UNITED STATES,B05006_145E,Estimate!!Total:!!Americas:!!Latin America:!!Central America:!!Belize,62,48,,,persons,Foreign-born population excluding population born at sea,https://api.census.gov/data/2020/acs/acs5/groups/B05006.html,retrieved_and_moe_matched,2016–2020 ACS 5-Year estimate; sample-based period estimate.,foreign_born_country_of_birth_americas_latin_america_central_america_belize,country_of_birth,exact_2010_hierarchy_match,Table ID and complete Census hierarchy match the 2010 master after capitalization and punctuation normalization only.,strong,2010,2010,BC-2010-139,Estimate!!Total!!Americas!!Latin America!!Central America!!Belize,review_required,no,Selected because it is the strongest structural match already represented in the master. Review ACS period and category methodology before longitudinal analysis.
2020,2016-2020,Bergen County,New Jersey,05000US34003,34,003,American Community Survey,2016-2020 ACS 5-Year Estimates,B05006,PLACE OF BIRTH FOR THE FOREIGN-BORN POPULATION IN THE UNITED STATES,B05006_146E,Estimate!!Total:!!Americas:!!Latin America:!!Central America:!!Costa Rica,1151,365,,,persons,Foreign-born population excluding population born at sea,https://api.census.gov/data/2020/acs/acs5/groups/B05006.html,retrieved_and_moe_matched,2016–2020 ACS 5-Year estimate; sample-based period estimate.,foreign_born_country_of_birth_costa_rica,country_of_birth,exact_2010_hierarchy_match,Table ID and complete Census hierarchy match the 2010 master after capitalization and punctuation normalization only.,strong,1990|2000|2010,2010,BC-2010-140,Estimate!!Total!!Americas!!Latin America!!Central America!!Costa Rica,review_required,no,Selected because it is the strongest structural match already represented in the master. Review ACS period and category methodology before longitudinal analysis.
2020,2016-2020,Bergen County,New Jersey,05000US34003,34,003,American Community Survey,2016-2020 ACS 5-Year Estimates,B05006,PLACE OF BIRTH FOR THE FOREIGN-BORN POPULATION IN THE UNITED STATES,B05006_147E,Estimate!!Total:!!Americas:!!Latin America:!!Central America:!!El Salvador,4898,812,,,persons,Foreign-born population excluding population born at sea,https://api.census.gov/data/2020/acs/acs5/groups/B05006.html,retrieved_and_moe_matched,2016–2020 ACS 5-Year estimate; sample-based period estimate.,foreign_born_country_of_birth_el_salvador,country_of_birth,exact_2010_hierarchy_match,Table ID and complete Census hierarchy match the 2010 master after capitalization and punctuation normalization only.,strong,1990|2000|2010,2010,BC-2010-141,Estimate!!Total!!Americas!!Latin America!!Central America!!El Salvador,review_required,no,Selected because it is the strongest structural match already represented in the master. Review ACS period and category methodology before longitudinal analysis.
2020,2016-2020,Bergen County,New Jersey,05000US34003,34,003,American Community Survey,2016-2020 ACS 5-Year Estimates,B05006,PLACE OF BIRTH FOR THE FOREIGN-BORN POPULATION IN THE UNITED STATES,B05006_148E,Estimate!!Total:!!Americas:!!Latin America:!!Central America:!!Guatemala,5450,1274,,,persons,Foreign-born population excluding population born at sea,https://api.census.gov/data/2020/acs/acs5/groups/B05006.html,retrieved_and_moe_matched,2016–2020 ACS 5-Year estimate; sample-based period estimate.,foreign_born_country_of_birth_guatemala,country_of_birth,exact_2010_hierarchy_match,Table ID and complete Census hierarchy match the 2010 master after capitalization and punctuation normalization only.,strong,1990|2000|2010,2010,BC-2010-142,Estimate!!Total!!Americas!!Latin America!!Central America!!Guatemala,review_required,no,Selected because it is the strongest structural match already represented in the master. Review ACS period and category methodology before longitudinal analysis.
2020,2016-2020,Bergen County,New Jersey,05000US34003,34,003,American Community Survey,2016-2020 ACS 5-Year Estimates,B05006,PLACE OF BIRTH FOR THE FOREIGN-BORN POPULATION IN THE UNITED STATES,B05006_149E,Estimate!!Total:!!Americas:!!Latin America:!!Central America:!!Honduras,2180,781,,,persons,Foreign-born population excluding population born at sea,https://api.census.gov/data/2020/acs/acs5/groups/B05006.html,retrieved_and_moe_matched,2016–2020 ACS 5-Year estimate; sample-based period estimate.,foreign_born_country_of_birth_honduras,country_of_birth,exact_2010_hierarchy_match,Table ID and complete Census hierarchy match the 2010 master after capitalization and punctuation normalization only.,strong,1990|2000|2010,2010,BC-2010-143,Estimate!!Total!!Americas!!Latin America!!Central America!!Honduras,review_required,no,Selected because it is the strongest structural match already represented in the master. Review ACS period and category methodology before longitudinal analysis.
2020,2016-2020,Bergen County,New Jersey,05000US34003,34,003,American Community Survey,2016-2020 ACS 5-Year Estimates,B05006,PLACE OF BIRTH FOR THE FOREIGN-BORN POPULATION IN THE UNITED STATES,B05006_150E,Estimate!!Total:!!Americas:!!Latin America:!!Central America:!!Mexico,4918,813,,,persons,Foreign-born population excluding population born at sea,https://api.census.gov/data/2020/acs/acs5/groups/B05006.html,retrieved_and_moe_matched,2016–2020 ACS 5-Year estimate; sample-based period estimate.,foreign_born_country_of_birth_mexico,country_of_birth,exact_2010_hierarchy_match,Table ID and complete Census hierarchy match the 2010 master after capitalization and punctuation normalization only.,strong,1980|1990|2000|2010,2010,BC-2010-138,Estimate!!Total!!Americas!!Latin America!!Central America!!Mexico,review_required,no,Selected because it is the strongest structural match already represented in the master. Review ACS period and category methodology before longitudinal analysis.
2020,2016-2020,Bergen County,New Jersey,05000US34003,34,003,American Community Survey,2016-2020 ACS 5-Year Estimates,B05006,PLACE OF BIRTH FOR THE FOREIGN-BORN POPULATION IN THE UNITED STATES,B05006_151E,Estimate!!Total:!!Americas:!!Latin America:!!Central America:!!Nicaragua,349,217,,,persons,Foreign-born population excluding population born at sea,https://api.census.gov/data/2020/acs/acs5/groups/B05006.html,retrieved_and_moe_matched,2016–2020 ACS 5-Year estimate; sample-based period estimate.,foreign_born_country_of_birth_nicaragua,country_of_birth,exact_2010_hierarchy_match,Table ID and complete Census hierarchy match the 2010 master after capitalization and punctuation normalization only.,strong,1990|2000|2010,2010,BC-2010-144,Estimate!!Total!!Americas!!Latin America!!Central America!!Nicaragua,review_required,no,Selected because it is the strongest structural match already represented in the master. Review ACS period and category methodology before longitudinal analysis.
2020,2016-2020,Bergen County,New Jersey,05000US34003,34,003,American Community Survey,2016-2020 ACS 5-Year Estimates,B05006,PLACE OF BIRTH FOR THE FOREIGN-BORN POPULATION IN THE UNITED STATES,B05006_152E,Estimate!!Total:!!Americas:!!Latin America:!!Central America:!!Panama,294,156,,,persons,Foreign-born population excluding population born at sea,https://api.census.gov/data/2020/acs/acs5/groups/B05006.html,retrieved_and_moe_matched,2016–2020 ACS 5-Year estimate; sample-based period estimate.,foreign_born_country_of_birth_panama,country_of_birth,exact_2010_hierarchy_match,Table ID and complete Census hierarchy match the 2010 master after capitalization and punctuation normalization only.,strong,1990|2000|2010,2010,BC-2010-145,Estimate!!Total!!Americas!!Latin America!!Central America!!Panama,review_required,no,Selected because it is the strongest structural match already represented in the master. Review ACS period and category methodology before longitudinal analysis.
2020,2016-2020,Bergen County,New Jersey,05000US34003,34,003,American Community Survey,2016-2020 ACS 5-Year Estimates,B05006,PLACE OF BIRTH FOR THE FOREIGN-BORN POPULATION IN THE UNITED STATES,B05006_153E,Estimate!!Total:!!Americas:!!Latin America:!!Central America:!!Other Central America,4,5,,,persons,Foreign-born population excluding population born at sea,https://api.census.gov/data/2020/acs/acs5/groups/B05006.html,retrieved_and_moe_matched,2016–2020 ACS 5-Year estimate; sample-based period estimate.,foreign_born_country_of_birth_americas_latin_america_central_america_other_central_america_other_central_america,country_of_birth,exact_2010_hierarchy_match,Table ID and complete Census hierarchy match the 2010 master after capitalization and punctuation normalization only.,strong,2000|2010,2010,BC-2010-146,Estimate!!Total!!Americas!!Latin America!!Central America!!Other Central America,review_required,no,Selected because it is the strongest structural match already represented in the master. Review ACS period and category methodology before longitudinal analysis.
2020,2016-2020,Bergen County,New Jersey,05000US34003,34,003,American Community Survey,2016-2020 ACS 5-Year Estimates,B05006,PLACE OF BIRTH FOR THE FOREIGN-BORN POPULATION IN THE UNITED STATES,B05006_154E,Estimate!!Total:!!Americas:!!Latin America:!!South America:,41185,2084,,,persons,Foreign-born population excluding population born at sea,https://api.census.gov/data/2020/acs/acs5/groups/B05006.html,retrieved_and_moe_matched,2016–2020 ACS 5-Year estimate; sample-based period estimate.,foreign_born_country_of_birth_americas_latin_america_south_america,country_of_birth,exact_2010_hierarchy_match,Table ID and complete Census hierarchy match the 2010 master after capitalization and punctuation normalization only.,strong,2000|2010,2010,BC-2010-147,Estimate!!Total!!Americas!!Latin America!!South America,review_required,no,Selected because it is the strongest structural match already represented in the master. Review ACS period and category methodology before longitudinal analysis.
2020,2016-2020,Bergen County,New Jersey,05000US34003,34,003,American Community Survey,2016-2020 ACS 5-Year Estimates,B05006,PLACE OF BIRTH FOR THE FOREIGN-BORN POPULATION IN THE UNITED STATES,B05006_155E,Estimate!!Total:!!Americas:!!Latin America:!!South America:!!Argentina,2239,555,,,persons,Foreign-born population excluding population born at sea,https://api.census.gov/data/2020/acs/acs5/groups/B05006.html,retrieved_and_moe_matched,2016–2020 ACS 5-Year estimate; sample-based period estimate.,foreign_born_country_of_birth_argentina,country_of_birth,exact_2010_hierarchy_match,Table ID and complete Census hierarchy match the 2010 master after capitalization and punctuation normalization only.,strong,1990|2000|2010,2010,BC-2010-148,Estimate!!Total!!Americas!!Latin America!!South America!!Argentina,review_required,no,Selected because it is the strongest structural match already represented in the master. Review ACS period and category methodology before longitudinal analysis.
2020,2016-2020,Bergen County,New Jersey,05000US34003,34,003,American Community Survey,2016-2020 ACS 5-Year Estimates,B05006,PLACE OF BIRTH FOR THE FOREIGN-BORN POPULATION IN THE UNITED STATES,B05006_156E,Estimate!!Total:!!Americas:!!Latin America:!!South America:!!Bolivia,700,256,,,persons,Foreign-born population excluding population born at sea,https://api.census.gov/data/2020/acs/acs5/groups/B05006.html,retrieved_and_moe_matched,2016–2020 ACS 5-Year estimate; sample-based period estimate.,foreign_born_country_of_birth_bolivia,country_of_birth,exact_2010_hierarchy_match,Table ID and complete Census hierarchy match the 2010 master after capitalization and punctuation normalization only.,strong,1990|2000|2010,2010,BC-2010-149,Estimate!!Total!!Americas!!Latin America!!South America!!Bolivia,review_required,no,Selected because it is the strongest structural match already represented in the master. Review ACS period and category methodology before longitudinal analysis.
2020,2016-2020,Bergen County,New Jersey,05000US34003,34,003,American Community Survey,2016-2020 ACS 5-Year Estimates,B05006,PLACE OF BIRTH FOR THE FOREIGN-BORN POPULATION IN THE UNITED STATES,B05006_157E,Estimate!!Total:!!Americas:!!Latin America:!!South America:!!Brazil,3027,865,,,persons,Foreign-born population excluding population born at sea,https://api.census.gov/data/2020/acs/acs5/groups/B05006.html,retrieved_and_moe_matched,2016–2020 ACS 5-Year estimate; sample-based period estimate.,foreign_born_country_of_birth_brazil,country_of_birth,exact_2010_hierarchy_match,Table ID and complete Census hierarchy match the 2010 master after capitalization and punctuation normalization only.,strong,1990|2000|2010,2010,BC-2010-150,Estimate!!Total!!Americas!!Latin America!!South America!!Brazil,review_required,no,Selected because it is the strongest structural match already represented in the master. Review ACS period and category methodology before longitudinal analysis.
2020,2016-2020,Bergen County,New Jersey,05000US34003,34,003,American Community Survey,2016-2020 ACS 5-Year Estimates,B05006,PLACE OF BIRTH FOR THE FOREIGN-BORN POPULATION IN THE UNITED STATES,B05006_158E,Estimate!!Total:!!Americas:!!Latin America:!!South America:!!Chile,810,266,,,persons,Foreign-born population excluding population born at sea,https://api.census.gov/data/2020/acs/acs5/groups/B05006.html,retrieved_and_moe_matched,2016–2020 ACS 5-Year estimate; sample-based period estimate.,foreign_born_country_of_birth_chile,country_of_birth,exact_2010_hierarchy_match,Table ID and complete Census hierarchy match the 2010 master after capitalization and punctuation normalization only.,strong,1990|2000|2010,2010,BC-2010-151,Estimate!!Total!!Americas!!Latin America!!South America!!Chile,review_required,no,Selected because it is the strongest structural match already represented in the master. Review ACS period and category methodology before longitudinal analysis.
2020,2016-2020,Bergen County,New Jersey,05000US34003,34,003,American Community Survey,2016-2020 ACS 5-Year Estimates,B05006,PLACE OF BIRTH FOR THE FOREIGN-BORN POPULATION IN THE UNITED STATES,B05006_159E,Estimate!!Total:!!Americas:!!Latin America:!!South America:!!Colombia,15859,1442,,,persons,Foreign-born population excluding population born at sea,https://api.census.gov/data/2020/acs/acs5/groups/B05006.html,retrieved_and_moe_matched,2016–2020 ACS 5-Year estimate; sample-based period estimate.,foreign_born_country_of_birth_colombia,country_of_birth,exact_2010_hierarchy_match,Table ID and complete Census hierarchy match the 2010 master after capitalization and punctuation normalization only.,strong,1990|2000|2010,2010,BC-2010-152,Estimate!!Total!!Americas!!Latin America!!South America!!Colombia,review_required,no,Selected because it is the strongest structural match already represented in the master. Review ACS period and category methodology before longitudinal analysis.
2020,2016-2020,Bergen County,New Jersey,05000US34003,34,003,American Community Survey,2016-2020 ACS 5-Year Estimates,B05006,PLACE OF BIRTH FOR THE FOREIGN-BORN POPULATION IN THE UNITED STATES,B05006_160E,Estimate!!Total:!!Americas:!!Latin America:!!South America:!!Ecuador,9750,1448,,,persons,Foreign-born population excluding population born at sea,https://api.census.gov/data/2020/acs/acs5/groups/B05006.html,retrieved_and_moe_matched,2016–2020 ACS 5-Year estimate; sample-based period estimate.,foreign_born_country_of_birth_ecuador,country_of_birth,exact_2010_hierarchy_match,Table ID and complete Census hierarchy match the 2010 master after capitalization and punctuation normalization only.,strong,1990|2000|2010,2010,BC-2010-153,Estimate!!Total!!Americas!!Latin America!!South America!!Ecuador,review_required,no,Selected because it is the strongest structural match already represented in the master. Review ACS period and category methodology before longitudinal analysis.
2020,2016-2020,Bergen County,New Jersey,05000US34003,34,003,American Community Survey,2016-2020 ACS 5-Year Estimates,B05006,PLACE OF BIRTH FOR THE FOREIGN-BORN POPULATION IN THE UNITED STATES,B05006_161E,Estimate!!Total:!!Americas:!!Latin America:!!South America:!!Guyana,1733,508,,,persons,Foreign-born population excluding population born at sea,https://api.census.gov/data/2020/acs/acs5/groups/B05006.html,retrieved_and_moe_matched,2016–2020 ACS 5-Year estimate; sample-based period estimate.,foreign_born_country_of_birth_guyana,country_of_birth,exact_2010_hierarchy_match,Table ID and complete Census hierarchy match the 2010 master after capitalization and punctuation normalization only.,strong,1990|2000|2010,2010,BC-2010-154,Estimate!!Total!!Americas!!Latin America!!South America!!Guyana,review_required,no,Selected because it is the strongest structural match already represented in the master. Review ACS period and category methodology before longitudinal analysis.
2020,2016-2020,Bergen County,New Jersey,05000US34003,34,003,American Community Survey,2016-2020 ACS 5-Year Estimates,B05006,PLACE OF BIRTH FOR THE FOREIGN-BORN POPULATION IN THE UNITED STATES,B05006_162E,Estimate!!Total:!!Americas:!!Latin America:!!South America:!!Peru,5803,908,,,persons,Foreign-born population excluding population born at sea,https://api.census.gov/data/2020/acs/acs5/groups/B05006.html,retrieved_and_moe_matched,2016–2020 ACS 5-Year estimate; sample-based period estimate.,foreign_born_country_of_birth_peru,country_of_birth,exact_2010_hierarchy_match,Table ID and complete Census hierarchy match the 2010 master after capitalization and punctuation normalization only.,strong,1990|2000|2010,2010,BC-2010-155,Estimate!!Total!!Americas!!Latin America!!South America!!Peru,review_required,no,Selected because it is the strongest structural match already represented in the master. Review ACS period and category methodology before longitudinal analysis.
2020,2016-2020,Bergen County,New Jersey,05000US34003,34,003,American Community Survey,2016-2020 ACS 5-Year Estimates,B05006,PLACE OF BIRTH FOR THE FOREIGN-BORN POPULATION IN THE UNITED STATES,B05006_163E,Estimate!!Total:!!Americas:!!Latin America:!!South America:!!Uruguay,271,134,,,persons,Foreign-born population excluding population born at sea,https://api.census.gov/data/2020/acs/acs5/groups/B05006.html,retrieved_and_moe_matched,2016–2020 ACS 5-Year estimate; sample-based period estimate.,foreign_born_country_of_birth_americas_latin_america_south_america_uruguay,country_of_birth,exact_2010_hierarchy_match,Table ID and complete Census hierarchy match the 2010 master after capitalization and punctuation normalization only.,strong,2010,2010,BC-2010-156,Estimate!!Total!!Americas!!Latin America!!South America!!Uruguay,review_required,no,Selected because it is the strongest structural match already represented in the master. Review ACS period and category methodology before longitudinal analysis.
2020,2016-2020,Bergen County,New Jersey,05000US34003,34,003,American Community Survey,2016-2020 ACS 5-Year Estimates,B05006,PLACE OF BIRTH FOR THE FOREIGN-BORN POPULATION IN THE UNITED STATES,B05006_164E,Estimate!!Total:!!Americas:!!Latin America:!!South America:!!Venezuela,700,205,,,persons,Foreign-born population excluding population born at sea,https://api.census.gov/data/2020/acs/acs5/groups/B05006.html,retrieved_and_moe_matched,2016–2020 ACS 5-Year estimate; sample-based period estimate.,foreign_born_country_of_birth_venezuela,country_of_birth,exact_2010_hierarchy_match,Table ID and complete Census hierarchy match the 2010 master after capitalization and punctuation normalization only.,strong,1990|2000|2010,2010,BC-2010-157,Estimate!!Total!!Americas!!Latin America!!South America!!Venezuela,review_required,no,Selected because it is the strongest structural match already represented in the master. Review ACS period and category methodology before longitudinal analysis.
2020,2016-2020,Bergen County,New Jersey,05000US34003,34,003,American Community Survey,2016-2020 ACS 5-Year Estimates,B05006,PLACE OF BIRTH FOR THE FOREIGN-BORN POPULATION IN THE UNITED STATES,B05006_165E,Estimate!!Total:!!Americas:!!Latin America:!!South America:!!Other South America,293,141,,,persons,Foreign-born population excluding population born at sea,https://api.census.gov/data/2020/acs/acs5/groups/B05006.html,retrieved_and_moe_matched,2016–2020 ACS 5-Year estimate; sample-based period estimate.,foreign_born_country_of_birth_americas_latin_america_south_america_other_south_america,country_of_birth,exact_2010_hierarchy_match,Table ID and complete Census hierarchy match the 2010 master after capitalization and punctuation normalization only.,strong,2000|2010,2010,BC-2010-158,Estimate!!Total!!Americas!!Latin America!!South America!!Other South America,review_required,no,Selected because it is the strongest structural match already represented in the master. Review ACS period and category methodology before longitudinal analysis.
2020,2016-2020,Bergen County,New Jersey,05000US34003,34,003,American Community Survey,2016-2020 ACS 5-Year Estimates,B05006,PLACE OF BIRTH FOR THE FOREIGN-BORN POPULATION IN THE UNITED STATES,B05006_166E,Estimate!!Total:!!Americas:!!Northern America:,1989,434,,,persons,Foreign-born population excluding population born at sea,https://api.census.gov/data/2020/acs/acs5/groups/B05006.html,retrieved_and_moe_matched,2016–2020 ACS 5-Year estimate; sample-based period estimate.,foreign_born_country_of_birth_americas_northern_america,country_of_birth,exact_2010_hierarchy_match,Table ID and complete Census hierarchy match the 2010 master after capitalization and punctuation normalization only.,strong,2000|2010,2010,BC-2010-159,Estimate!!Total!!Americas!!Northern America,review_required,no,Selected because it is the strongest structural match already represented in the master. Review ACS period and category methodology before longitudinal analysis.
2020,2016-2020,Bergen County,New Jersey,05000US34003,34,003,American Community Survey,2016-2020 ACS 5-Year Estimates,B05006,PLACE OF BIRTH FOR THE FOREIGN-BORN POPULATION IN THE UNITED STATES,B05006_167E,Estimate!!Total:!!Americas:!!Northern America:!!Canada,1935,428,,,persons,Foreign-born population excluding population born at sea,https://api.census.gov/data/2020/acs/acs5/groups/B05006.html,retrieved_and_moe_matched,2016–2020 ACS 5-Year estimate; sample-based period estimate.,foreign_born_country_of_birth_americas_northern_america_canada,country_of_birth,exact_2010_hierarchy_match,Table ID and complete Census hierarchy match the 2010 master after capitalization and punctuation normalization only.,strong,2000|2010,2010,BC-2010-160,Estimate!!Total!!Americas!!Northern America!!Canada,review_required,no,Selected because it is the strongest structural match already represented in the master. Review ACS period and category methodology before longitudinal analysis.
2020,2016-2020,Bergen County,New Jersey,05000US34003,34,003,American Community Survey,2016-2020 ACS 5-Year Estimates,B05006,PLACE OF BIRTH FOR THE FOREIGN-BORN POPULATION IN THE UNITED STATES,B05006_168E,Estimate!!Total:!!Americas:!!Northern America:!!Other Northern America,54,53,,,persons,Foreign-born population excluding population born at sea,https://api.census.gov/data/2020/acs/acs5/groups/B05006.html,retrieved_and_moe_matched,2016–2020 ACS 5-Year estimate; sample-based period estimate.,foreign_born_country_of_birth_americas_northern_america_other_northern_america,country_of_birth,exact_2010_hierarchy_match,Table ID and complete Census hierarchy match the 2010 master after capitalization and punctuation normalization only.,strong,2000|2010,2010,BC-2010-161,Estimate!!Total!!Americas!!Northern America!!Other Northern America,review_required,no,Selected because it is the strongest structural match already represented in the master. Review ACS period and category methodology before longitudinal analysis.
2020,2016-2020,Bergen County,New Jersey,05000US34003,34,003,American Community Survey,2016-2020 ACS 5-Year Estimates,B05007,PLACE OF BIRTH BY YEAR OF ENTRY BY CITIZENSHIP STATUS FOR THE FOREIGN-BORN POPULATION,B05007_001E,Estimate!!Total:,286648,3614,,,persons,Foreign-born population,https://api.census.gov/data/2020/acs/acs5/groups/B05007.html,retrieved_and_moe_matched,2016–2020 ACS 5-Year estimate; sample-based period estimate.,foreign_born_population,foreign_born_population,exact_2010_hierarchy_match,Table ID and complete Census hierarchy match the 2010 master after capitalization and punctuation normalization only.,strong,1970|1980|1990|2000|2010,2010,BC-2010-162,Estimate!!Total,review_required,no,Selected because it is the strongest structural match already represented in the master. Review ACS period and category methodology before longitudinal analysis.
2020,2016-2020,Bergen County,New Jersey,05000US34003,34,003,American Community Survey,2016-2020 ACS 5-Year Estimates,B05007,PLACE OF BIRTH BY YEAR OF ENTRY BY CITIZENSHIP STATUS FOR THE FOREIGN-BORN POPULATION,B05007_014E,Estimate!!Total:!!Europe:,57406,2511,,,persons,Foreign-born population,https://api.census.gov/data/2020/acs/acs5/groups/B05007.html,retrieved_and_moe_matched,2016–2020 ACS 5-Year estimate; sample-based period estimate.,foreign_born_country_of_birth_europe,country_of_birth,exact_2010_hierarchy_match,Table ID and complete Census hierarchy match the 2010 master after capitalization and punctuation normalization only.,strong,1980|2000|2010,2010,BC-2010-163,Estimate!!Total!!Europe,review_required,no,Selected because it is the strongest structural match already represented in the master. Review ACS period and category methodology before longitudinal analysis.
2020,2016-2020,Bergen County,New Jersey,05000US34003,34,003,American Community Survey,2016-2020 ACS 5-Year Estimates,B05007,PLACE OF BIRTH BY YEAR OF ENTRY BY CITIZENSHIP STATUS FOR THE FOREIGN-BORN POPULATION,B05007_021E,Estimate!!Total:!!Europe:!!Entered 1990 to 1999:,13801,840,,,persons,Foreign-born population,https://api.census.gov/data/2020/acs/acs5/groups/B05007.html,retrieved_and_moe_matched,2016–2020 ACS 5-Year estimate; sample-based period estimate.,foreign_born_europe_entered_1990_to_1999,country_of_birth_by_year_of_entry,exact_2010_hierarchy_match,Table ID and complete Census hierarchy match the 2010 master after capitalization and punctuation normalization only.,strong,2010,2010,BC-2010-167,Estimate!!Total!!Europe!!Entered 1990 to 1999,review_required,no,Selected because it is the strongest structural match already represented in the master. Review ACS period and category methodology before longitudinal analysis.
2020,2016-2020,Bergen County,New Jersey,05000US34003,34,003,American Community Survey,2016-2020 ACS 5-Year Estimates,B05007,PLACE OF BIRTH BY YEAR OF ENTRY BY CITIZENSHIP STATUS FOR THE FOREIGN-BORN POPULATION,B05007_022E,Estimate!!Total:!!Europe:!!Entered 1990 to 1999:!!Naturalized U.S. citizen,11735,782,,,persons,Foreign-born population,https://api.census.gov/data/2020/acs/acs5/groups/B05007.html,retrieved_and_moe_matched,2016–2020 ACS 5-Year estimate; sample-based period estimate.,foreign_born_europe_entered_1990_to_1999_naturalized,citizenship_by_birthplace_and_year_of_entry,exact_2010_hierarchy_match,Table ID and complete Census hierarchy match the 2010 master after capitalization and punctuation normalization only.,strong,2010,2010,BC-2010-168,Estimate!!Total!!Europe!!Entered 1990 to 1999!!Naturalized U.S. citizen,review_required,no,Selected because it is the strongest structural match already represented in the master. Review ACS period and category methodology before longitudinal analysis.
2020,2016-2020,Bergen County,New Jersey,05000US34003,34,003,American Community Survey,2016-2020 ACS 5-Year Estimates,B05007,PLACE OF BIRTH BY YEAR OF ENTRY BY CITIZENSHIP STATUS FOR THE FOREIGN-BORN POPULATION,B05007_023E,Estimate!!Total:!!Europe:!!Entered 1990 to 1999:!!Not a U.S. citizen,2066,331,,,persons,Foreign-born population,https://api.census.gov/data/2020/acs/acs5/groups/B05007.html,retrieved_and_moe_matched,2016–2020 ACS 5-Year estimate; sample-based period estimate.,foreign_born_europe_entered_1990_to_1999_not_citizen,citizenship_by_birthplace_and_year_of_entry,exact_2010_hierarchy_match,Table ID and complete Census hierarchy match the 2010 master after capitalization and punctuation normalization only.,strong,2010,2010,BC-2010-169,Estimate!!Total!!Europe!!Entered 1990 to 1999!!Not a U.S. citizen,review_required,no,Selected because it is the strongest structural match already represented in the master. Review ACS period and category methodology before longitudinal analysis.
2020,2016-2020,Bergen County,New Jersey,05000US34003,34,003,American Community Survey,2016-2020 ACS 5-Year Estimates,B05007,PLACE OF BIRTH BY YEAR OF ENTRY BY CITIZENSHIP STATUS FOR THE FOREIGN-BORN POPULATION,B05007_027E,Estimate!!Total:!!Asia:,122110,1983,,,persons,Foreign-born population,https://api.census.gov/data/2020/acs/acs5/groups/B05007.html,retrieved_and_moe_matched,2016–2020 ACS 5-Year estimate; sample-based period estimate.,foreign_born_country_of_birth_asia,country_of_birth,exact_2010_hierarchy_match,Table ID and complete Census hierarchy match the 2010 master after capitalization and punctuation normalization only.,strong,1980|2000|2010,2010,BC-2010-176,Estimate!!Total!!Asia,review_required,no,Selected because it is the strongest structural match already represented in the master. Review ACS period and category methodology before longitudinal analysis.
2020,2016-2020,Bergen County,New Jersey,05000US34003,34,003,American Community Survey,2016-2020 ACS 5-Year Estimates,B05007,PLACE OF BIRTH BY YEAR OF ENTRY BY CITIZENSHIP STATUS FOR THE FOREIGN-BORN POPULATION,B05007_034E,Estimate!!Total:!!Asia:!!Entered 1990 to 1999:,28314,1182,,,persons,Foreign-born population,https://api.census.gov/data/2020/acs/acs5/groups/B05007.html,retrieved_and_moe_matched,2016–2020 ACS 5-Year estimate; sample-based period estimate.,foreign_born_asia_entered_1990_to_1999,country_of_birth_by_year_of_entry,exact_2010_hierarchy_match,Table ID and complete Census hierarchy match the 2010 master after capitalization and punctuation normalization only.,strong,2010,2010,BC-2010-180,Estimate!!Total!!Asia!!Entered 1990 to 1999,review_required,no,Selected because it is the strongest structural match already represented in the master. Review ACS period and category methodology before longitudinal analysis.
2020,2016-2020,Bergen County,New Jersey,05000US34003,34,003,American Community Survey,2016-2020 ACS 5-Year Estimates,B05007,PLACE OF BIRTH BY YEAR OF ENTRY BY CITIZENSHIP STATUS FOR THE FOREIGN-BORN POPULATION,B05007_035E,Estimate!!Total:!!Asia:!!Entered 1990 to 1999:!!Naturalized U.S. citizen,21636,1379,,,persons,Foreign-born population,https://api.census.gov/data/2020/acs/acs5/groups/B05007.html,retrieved_and_moe_matched,2016–2020 ACS 5-Year estimate; sample-based period estimate.,foreign_born_asia_entered_1990_to_1999_naturalized,citizenship_by_birthplace_and_year_of_entry,exact_2010_hierarchy_match,Table ID and complete Census hierarchy match the 2010 master after capitalization and punctuation normalization only.,strong,2010,2010,BC-2010-181,Estimate!!Total!!Asia!!Entered 1990 to 1999!!Naturalized U.S. citizen,review_required,no,Selected because it is the strongest structural match already represented in the master. Review ACS period and category methodology before longitudinal analysis.
2020,2016-2020,Bergen County,New Jersey,05000US34003,34,003,American Community Survey,2016-2020 ACS 5-Year Estimates,B05007,PLACE OF BIRTH BY YEAR OF ENTRY BY CITIZENSHIP STATUS FOR THE FOREIGN-BORN POPULATION,B05007_036E,Estimate!!Total:!!Asia:!!Entered 1990 to 1999:!!Not a U.S. citizen,6678,699,,,persons,Foreign-born population,https://api.census.gov/data/2020/acs/acs5/groups/B05007.html,retrieved_and_moe_matched,2016–2020 ACS 5-Year estimate; sample-based period estimate.,foreign_born_asia_entered_1990_to_1999_not_citizen,citizenship_by_birthplace_and_year_of_entry,exact_2010_hierarchy_match,Table ID and complete Census hierarchy match the 2010 master after capitalization and punctuation normalization only.,strong,2010,2010,BC-2010-182,Estimate!!Total!!Asia!!Entered 1990 to 1999!!Not a U.S. citizen,review_required,no,Selected because it is the strongest structural match already represented in the master. Review ACS period and category methodology before longitudinal analysis.
2020,2016-2020,Bergen County,New Jersey,05000US34003,34,003,American Community Survey,2016-2020 ACS 5-Year Estimates,B05007,PLACE OF BIRTH BY YEAR OF ENTRY BY CITIZENSHIP STATUS FOR THE FOREIGN-BORN POPULATION,B05007_040E,Estimate!!Total:!!Latin America:,96675,2549,,,persons,Foreign-born population,https://api.census.gov/data/2020/acs/acs5/groups/B05007.html,retrieved_and_moe_matched,2016–2020 ACS 5-Year estimate; sample-based period estimate.,foreign_born_country_of_birth_americas_latin_america,country_of_birth,exact_2010_hierarchy_match,Table ID and complete Census hierarchy match the 2010 master after capitalization and punctuation normalization only.,strong,2000|2010,2010,BC-2010-189,Estimate!!Total!!Latin America,review_required,no,Selected because it is the strongest structural match already represented in the master. Review ACS period and category methodology before longitudinal analysis.
2020,2016-2020,Bergen County,New Jersey,05000US34003,34,003,American Community Survey,2016-2020 ACS 5-Year Estimates,B05007,PLACE OF BIRTH BY YEAR OF ENTRY BY CITIZENSHIP STATUS FOR THE FOREIGN-BORN POPULATION,B05007_041E,Estimate!!Total:!!Latin America:!!Caribbean:,36184,2048,,,persons,Foreign-born population,https://api.census.gov/data/2020/acs/acs5/groups/B05007.html,retrieved_and_moe_matched,2016–2020 ACS 5-Year estimate; sample-based period estimate.,foreign_born_region_of_birth_caribbean,country_of_birth,exact_2010_hierarchy_match,Table ID and complete Census hierarchy match the 2010 master after capitalization and punctuation normalization only.,strong,1990|2000|2010,2010,BC-2010-190,Estimate!!Total!!Latin America!!Caribbean,review_required,no,Selected because it is the strongest structural match already represented in the master. Review ACS period and category methodology before longitudinal analysis.
2020,2016-2020,Bergen County,New Jersey,05000US34003,34,003,American Community Survey,2016-2020 ACS 5-Year Estimates,B05007,PLACE OF BIRTH BY YEAR OF ENTRY BY CITIZENSHIP STATUS FOR THE FOREIGN-BORN POPULATION,B05007_048E,Estimate!!Total:!!Latin America:!!Caribbean:!!Entered 1990 to 1999:,7405,799,,,persons,Foreign-born population,https://api.census.gov/data/2020/acs/acs5/groups/B05007.html,retrieved_and_moe_matched,2016–2020 ACS 5-Year estimate; sample-based period estimate.,foreign_born_caribbean_entered_1990_to_1999,country_of_birth_by_year_of_entry,exact_2010_hierarchy_match,Table ID and complete Census hierarchy match the 2010 master after capitalization and punctuation normalization only.,strong,2010,2010,BC-2010-194,Estimate!!Total!!Latin America!!Caribbean!!Entered 1990 to 1999,review_required,no,Selected because it is the strongest structural match already represented in the master. Review ACS period and category methodology before longitudinal analysis.
2020,2016-2020,Bergen County,New Jersey,05000US34003,34,003,American Community Survey,2016-2020 ACS 5-Year Estimates,B05007,PLACE OF BIRTH BY YEAR OF ENTRY BY CITIZENSHIP STATUS FOR THE FOREIGN-BORN POPULATION,B05007_049E,Estimate!!Total:!!Latin America:!!Caribbean:!!Entered 1990 to 1999:!!Naturalized U.S. citizen,5690,678,,,persons,Foreign-born population,https://api.census.gov/data/2020/acs/acs5/groups/B05007.html,retrieved_and_moe_matched,2016–2020 ACS 5-Year estimate; sample-based period estimate.,foreign_born_caribbean_entered_1990_to_1999_naturalized,citizenship_by_birthplace_and_year_of_entry,exact_2010_hierarchy_match,Table ID and complete Census hierarchy match the 2010 master after capitalization and punctuation normalization only.,strong,2010,2010,BC-2010-195,Estimate!!Total!!Latin America!!Caribbean!!Entered 1990 to 1999!!Naturalized U.S. citizen,review_required,no,Selected because it is the strongest structural match already represented in the master. Review ACS period and category methodology before longitudinal analysis.
2020,2016-2020,Bergen County,New Jersey,05000US34003,34,003,American Community Survey,2016-2020 ACS 5-Year Estimates,B05007,PLACE OF BIRTH BY YEAR OF ENTRY BY CITIZENSHIP STATUS FOR THE FOREIGN-BORN POPULATION,B05007_050E,Estimate!!Total:!!Latin America:!!Caribbean:!!Entered 1990 to 1999:!!Not a U.S. citizen,1715,462,,,persons,Foreign-born population,https://api.census.gov/data/2020/acs/acs5/groups/B05007.html,retrieved_and_moe_matched,2016–2020 ACS 5-Year estimate; sample-based period estimate.,foreign_born_caribbean_entered_1990_to_1999_not_citizen,citizenship_by_birthplace_and_year_of_entry,exact_2010_hierarchy_match,Table ID and complete Census hierarchy match the 2010 master after capitalization and punctuation normalization only.,strong,2010,2010,BC-2010-196,Estimate!!Total!!Latin America!!Caribbean!!Entered 1990 to 1999!!Not a U.S. citizen,review_required,no,Selected because it is the strongest structural match already represented in the master. Review ACS period and category methodology before longitudinal analysis.
2020,2016-2020,Bergen County,New Jersey,05000US34003,34,003,American Community Survey,2016-2020 ACS 5-Year Estimates,B05007,PLACE OF BIRTH BY YEAR OF ENTRY BY CITIZENSHIP STATUS FOR THE FOREIGN-BORN POPULATION,B05007_054E,Estimate!!Total:!!Latin America:!!Central America:,19306,2052,,,persons,Foreign-born population,https://api.census.gov/data/2020/acs/acs5/groups/B05007.html,retrieved_and_moe_matched,2016–2020 ACS 5-Year estimate; sample-based period estimate.,foreign_born_region_of_birth_central_america,country_of_birth,exact_2010_hierarchy_match,Table ID and complete Census hierarchy match the 2010 master after capitalization and punctuation normalization only.,strong,1990|2000|2010,2010,BC-2010-203,Estimate!!Total!!Latin America!!Central America,review_required,no,Selected because it is the strongest structural match already represented in the master. Review ACS period and category methodology before longitudinal analysis.
2020,2016-2020,Bergen County,New Jersey,05000US34003,34,003,American Community Survey,2016-2020 ACS 5-Year Estimates,B05007,PLACE OF BIRTH BY YEAR OF ENTRY BY CITIZENSHIP STATUS FOR THE FOREIGN-BORN POPULATION,B05007_055E,Estimate!!Total:!!Latin America:!!Central America:!!Mexico:,4918,813,,,persons,Foreign-born population,https://api.census.gov/data/2020/acs/acs5/groups/B05007.html,retrieved_and_moe_matched,2016–2020 ACS 5-Year estimate; sample-based period estimate.,foreign_born_country_of_birth_mexico,country_of_birth,exact_2010_hierarchy_match,Table ID and complete Census hierarchy match the 2010 master after capitalization and punctuation normalization only.,strong,1980|1990|2000|2010,2010,BC-2010-204,Estimate!!Total!!Latin America!!Central America!!Mexico,review_required,no,Selected because it is the strongest structural match already represented in the master. Review ACS period and category methodology before longitudinal analysis.
2020,2016-2020,Bergen County,New Jersey,05000US34003,34,003,American Community Survey,2016-2020 ACS 5-Year Estimates,B05007,PLACE OF BIRTH BY YEAR OF ENTRY BY CITIZENSHIP STATUS FOR THE FOREIGN-BORN POPULATION,B05007_062E,Estimate!!Total:!!Latin America:!!Central America:!!Mexico:!!Entered 1990 to 1999:,1144,317,,,persons,Foreign-born population,https://api.census.gov/data/2020/acs/acs5/groups/B05007.html,retrieved_and_moe_matched,2016–2020 ACS 5-Year estimate; sample-based period estimate.,foreign_born_mexico_entered_1990_to_1999,country_of_birth_by_year_of_entry,exact_2010_hierarchy_match,Table ID and complete Census hierarchy match the 2010 master after capitalization and punctuation normalization only.,strong,2010,2010,BC-2010-208,Estimate!!Total!!Latin America!!Central America!!Mexico!!Entered 1990 to 1999,review_required,no,Selected because it is the strongest structural match already represented in the master. Review ACS period and category methodology before longitudinal analysis.
2020,2016-2020,Bergen County,New Jersey,05000US34003,34,003,American Community Survey,2016-2020 ACS 5-Year Estimates,B05007,PLACE OF BIRTH BY YEAR OF ENTRY BY CITIZENSHIP STATUS FOR THE FOREIGN-BORN POPULATION,B05007_063E,Estimate!!Total:!!Latin America:!!Central America:!!Mexico:!!Entered 1990 to 1999:!!Naturalized U.S. citizen,422,155,,,persons,Foreign-born population,https://api.census.gov/data/2020/acs/acs5/groups/B05007.html,retrieved_and_moe_matched,2016–2020 ACS 5-Year estimate; sample-based period estimate.,foreign_born_mexico_entered_1990_to_1999_naturalized,citizenship_by_birthplace_and_year_of_entry,exact_2010_hierarchy_match,Table ID and complete Census hierarchy match the 2010 master after capitalization and punctuation normalization only.,strong,2010,2010,BC-2010-209,Estimate!!Total!!Latin America!!Central America!!Mexico!!Entered 1990 to 1999!!Naturalized U.S. citizen,review_required,no,Selected because it is the strongest structural match already represented in the master. Review ACS period and category methodology before longitudinal analysis.
2020,2016-2020,Bergen County,New Jersey,05000US34003,34,003,American Community Survey,2016-2020 ACS 5-Year Estimates,B05007,PLACE OF BIRTH BY YEAR OF ENTRY BY CITIZENSHIP STATUS FOR THE FOREIGN-BORN POPULATION,B05007_064E,Estimate!!Total:!!Latin America:!!Central America:!!Mexico:!!Entered 1990 to 1999:!!Not a U.S. citizen,722,257,,,persons,Foreign-born population,https://api.census.gov/data/2020/acs/acs5/groups/B05007.html,retrieved_and_moe_matched,2016–2020 ACS 5-Year estimate; sample-based period estimate.,foreign_born_mexico_entered_1990_to_1999_not_citizen,citizenship_by_birthplace_and_year_of_entry,exact_2010_hierarchy_match,Table ID and complete Census hierarchy match the 2010 master after capitalization and punctuation normalization only.,strong,2010,2010,BC-2010-210,Estimate!!Total!!Latin America!!Central America!!Mexico!!Entered 1990 to 1999!!Not a U.S. citizen,review_required,no,Selected because it is the strongest structural match already represented in the master. Review ACS period and category methodology before longitudinal analysis.
2020,2016-2020,Bergen County,New Jersey,05000US34003,34,003,American Community Survey,2016-2020 ACS 5-Year Estimates,B05007,PLACE OF BIRTH BY YEAR OF ENTRY BY CITIZENSHIP STATUS FOR THE FOREIGN-BORN POPULATION,B05007_068E,Estimate!!Total:!!Latin America:!!Central America:!!Other Central America:,14388,1708,,,persons,Foreign-born population,https://api.census.gov/data/2020/acs/acs5/groups/B05007.html,retrieved_and_moe_matched,2016–2020 ACS 5-Year estimate; sample-based period estimate.,foreign_born_country_of_birth_americas_latin_america_central_america_other_central_america,country_of_birth,exact_2010_hierarchy_match,Table ID and complete Census hierarchy match the 2010 master after capitalization and punctuation normalization only.,strong,2000|2010,2010,BC-2010-217,Estimate!!Total!!Latin America!!Central America!!Other Central America,review_required,no,Selected because it is the strongest structural match already represented in the master. Review ACS period and category methodology before longitudinal analysis.
2020,2016-2020,Bergen County,New Jersey,05000US34003,34,003,American Community Survey,2016-2020 ACS 5-Year Estimates,B05007,PLACE OF BIRTH BY YEAR OF ENTRY BY CITIZENSHIP STATUS FOR THE FOREIGN-BORN POPULATION,B05007_075E,Estimate!!Total:!!Latin America:!!Central America:!!Other Central America:!!Entered 1990 to 1999:,2994,602,,,persons,Foreign-born population,https://api.census.gov/data/2020/acs/acs5/groups/B05007.html,retrieved_and_moe_matched,2016–2020 ACS 5-Year estimate; sample-based period estimate.,foreign_born_other_central_america_entered_1990_to_1999,country_of_birth_by_year_of_entry,exact_2010_hierarchy_match,Table ID and complete Census hierarchy match the 2010 master after capitalization and punctuation normalization only.,strong,2010,2010,BC-2010-221,Estimate!!Total!!Latin America!!Central America!!Other Central America!!Entered 1990 to 1999,review_required,no,Selected because it is the strongest structural match already represented in the master. Review ACS period and category methodology before longitudinal analysis.
2020,2016-2020,Bergen County,New Jersey,05000US34003,34,003,American Community Survey,2016-2020 ACS 5-Year Estimates,B05007,PLACE OF BIRTH BY YEAR OF ENTRY BY CITIZENSHIP STATUS FOR THE FOREIGN-BORN POPULATION,B05007_076E,Estimate!!Total:!!Latin America:!!Central America:!!Other Central America:!!Entered 1990 to 1999:!!Naturalized U.S. citizen,1179,321,,,persons,Foreign-born population,https://api.census.gov/data/2020/acs/acs5/groups/B05007.html,retrieved_and_moe_matched,2016–2020 ACS 5-Year estimate; sample-based period estimate.,foreign_born_other_central_america_entered_1990_to_1999_naturalized,citizenship_by_birthplace_and_year_of_entry,exact_2010_hierarchy_match,Table ID and complete Census hierarchy match the 2010 master after capitalization and punctuation normalization only.,strong,2010,2010,BC-2010-222,Estimate!!Total!!Latin America!!Central America!!Other Central America!!Entered 1990 to 1999!!Naturalized U.S. citizen,review_required,no,Selected because it is the strongest structural match already represented in the master. Review ACS period and category methodology before longitudinal analysis.
2020,2016-2020,Bergen County,New Jersey,05000US34003,34,003,American Community Survey,2016-2020 ACS 5-Year Estimates,B05007,PLACE OF BIRTH BY YEAR OF ENTRY BY CITIZENSHIP STATUS FOR THE FOREIGN-BORN POPULATION,B05007_077E,Estimate!!Total:!!Latin America:!!Central America:!!Other Central America:!!Entered 1990 to 1999:!!Not a U.S. citizen,1815,449,,,persons,Foreign-born population,https://api.census.gov/data/2020/acs/acs5/groups/B05007.html,retrieved_and_moe_matched,2016–2020 ACS 5-Year estimate; sample-based period estimate.,foreign_born_other_central_america_entered_1990_to_1999_not_citizen,citizenship_by_birthplace_and_year_of_entry,exact_2010_hierarchy_match,Table ID and complete Census hierarchy match the 2010 master after capitalization and punctuation normalization only.,strong,2010,2010,BC-2010-223,Estimate!!Total!!Latin America!!Central America!!Other Central America!!Entered 1990 to 1999!!Not a U.S. citizen,review_required,no,Selected because it is the strongest structural match already represented in the master. Review ACS period and category methodology before longitudinal analysis.
2020,2016-2020,Bergen County,New Jersey,05000US34003,34,003,American Community Survey,2016-2020 ACS 5-Year Estimates,B05007,PLACE OF BIRTH BY YEAR OF ENTRY BY CITIZENSHIP STATUS FOR THE FOREIGN-BORN POPULATION,B05007_081E,Estimate!!Total:!!Latin America:!!South America:,41185,2084,,,persons,Foreign-born population,https://api.census.gov/data/2020/acs/acs5/groups/B05007.html,retrieved_and_moe_matched,2016–2020 ACS 5-Year estimate; sample-based period estimate.,foreign_born_country_of_birth_americas_latin_america_south_america,country_of_birth,exact_2010_hierarchy_match,Table ID and complete Census hierarchy match the 2010 master after capitalization and punctuation normalization only.,strong,2000|2010,2010,BC-2010-230,Estimate!!Total!!Latin America!!South America,review_required,no,Selected because it is the strongest structural match already represented in the master. Review ACS period and category methodology before longitudinal analysis.
2020,2016-2020,Bergen County,New Jersey,05000US34003,34,003,American Community Survey,2016-2020 ACS 5-Year Estimates,B05007,PLACE OF BIRTH BY YEAR OF ENTRY BY CITIZENSHIP STATUS FOR THE FOREIGN-BORN POPULATION,B05007_088E,Estimate!!Total:!!Latin America:!!South America:!!Entered 1990 to 1999:,9848,939,,,persons,Foreign-born population,https://api.census.gov/data/2020/acs/acs5/groups/B05007.html,retrieved_and_moe_matched,2016–2020 ACS 5-Year estimate; sample-based period estimate.,foreign_born_south_america_entered_1990_to_1999,country_of_birth_by_year_of_entry,exact_2010_hierarchy_match,Table ID and complete Census hierarchy match the 2010 master after capitalization and punctuation normalization only.,strong,2010,2010,BC-2010-234,Estimate!!Total!!Latin America!!South America!!Entered 1990 to 1999,review_required,no,Selected because it is the strongest structural match already represented in the master. Review ACS period and category methodology before longitudinal analysis.
2020,2016-2020,Bergen County,New Jersey,05000US34003,34,003,American Community Survey,2016-2020 ACS 5-Year Estimates,B05007,PLACE OF BIRTH BY YEAR OF ENTRY BY CITIZENSHIP STATUS FOR THE FOREIGN-BORN POPULATION,B05007_089E,Estimate!!Total:!!Latin America:!!South America:!!Entered 1990 to 1999:!!Naturalized U.S. citizen,7097,788,,,persons,Foreign-born population,https://api.census.gov/data/2020/acs/acs5/groups/B05007.html,retrieved_and_moe_matched,2016–2020 ACS 5-Year estimate; sample-based period estimate.,foreign_born_south_america_entered_1990_to_1999_naturalized,citizenship_by_birthplace_and_year_of_entry,exact_2010_hierarchy_match,Table ID and complete Census hierarchy match the 2010 master after capitalization and punctuation normalization only.,strong,2010,2010,BC-2010-235,Estimate!!Total!!Latin America!!South America!!Entered 1990 to 1999!!Naturalized U.S. citizen,review_required,no,Selected because it is the strongest structural match already represented in the master. Review ACS period and category methodology before longitudinal analysis.
2020,2016-2020,Bergen County,New Jersey,05000US34003,34,003,American Community Survey,2016-2020 ACS 5-Year Estimates,B05007,PLACE OF BIRTH BY YEAR OF ENTRY BY CITIZENSHIP STATUS FOR THE FOREIGN-BORN POPULATION,B05007_090E,Estimate!!Total:!!Latin America:!!South America:!!Entered 1990 to 1999:!!Not a U.S. citizen,2751,561,,,persons,Foreign-born population,https://api.census.gov/data/2020/acs/acs5/groups/B05007.html,retrieved_and_moe_matched,2016–2020 ACS 5-Year estimate; sample-based period estimate.,foreign_born_south_america_entered_1990_to_1999_not_citizen,citizenship_by_birthplace_and_year_of_entry,exact_2010_hierarchy_match,Table ID and complete Census hierarchy match the 2010 master after capitalization and punctuation normalization only.,strong,2010,2010,BC-2010-236,Estimate!!Total!!Latin America!!South America!!Entered 1990 to 1999!!Not a U.S. citizen,review_required,no,Selected because it is the strongest structural match already represented in the master. Review ACS period and category methodology before longitudinal analysis.
2020,2016-2020,Bergen County,New Jersey,05000US34003,34,003,American Community Survey,2016-2020 ACS 5-Year Estimates,B05007,PLACE OF BIRTH BY YEAR OF ENTRY BY CITIZENSHIP STATUS FOR THE FOREIGN-BORN POPULATION,B05007_094E,Estimate!!Total:!!Other areas:,10457,1160,,,persons,Foreign-born population,https://api.census.gov/data/2020/acs/acs5/groups/B05007.html,retrieved_and_moe_matched,2016–2020 ACS 5-Year estimate; sample-based period estimate.,foreign_born_country_of_birth_other_areas,country_of_birth,exact_2010_hierarchy_match,Table ID and complete Census hierarchy match the 2010 master after capitalization and punctuation normalization only.,strong,2010,2010,BC-2010-243,Estimate!!Total!!Other areas,review_required,no,Selected because it is the strongest structural match already represented in the master. Review ACS period and category methodology before longitudinal analysis.
2020,2016-2020,Bergen County,New Jersey,05000US34003,34,003,American Community Survey,2016-2020 ACS 5-Year Estimates,B05007,PLACE OF BIRTH BY YEAR OF ENTRY BY CITIZENSHIP STATUS FOR THE FOREIGN-BORN POPULATION,B05007_101E,Estimate!!Total:!!Other areas:!!Entered 1990 to 1999:,2410,518,,,persons,Foreign-born population,https://api.census.gov/data/2020/acs/acs5/groups/B05007.html,retrieved_and_moe_matched,2016–2020 ACS 5-Year estimate; sample-based period estimate.,foreign_born_other_areas_entered_1990_to_1999,country_of_birth_by_year_of_entry,exact_2010_hierarchy_match,Table ID and complete Census hierarchy match the 2010 master after capitalization and punctuation normalization only.,strong,2010,2010,BC-2010-247,Estimate!!Total!!Other areas!!Entered 1990 to 1999,review_required,no,Selected because it is the strongest structural match already represented in the master. Review ACS period and category methodology before longitudinal analysis.
2020,2016-2020,Bergen County,New Jersey,05000US34003,34,003,American Community Survey,2016-2020 ACS 5-Year Estimates,B05007,PLACE OF BIRTH BY YEAR OF ENTRY BY CITIZENSHIP STATUS FOR THE FOREIGN-BORN POPULATION,B05007_102E,Estimate!!Total:!!Other areas:!!Entered 1990 to 1999:!!Naturalized U.S. citizen,2108,499,,,persons,Foreign-born population,https://api.census.gov/data/2020/acs/acs5/groups/B05007.html,retrieved_and_moe_matched,2016–2020 ACS 5-Year estimate; sample-based period estimate.,foreign_born_other_areas_entered_1990_to_1999_naturalized,citizenship_by_birthplace_and_year_of_entry,exact_2010_hierarchy_match,Table ID and complete Census hierarchy match the 2010 master after capitalization and punctuation normalization only.,strong,2010,2010,BC-2010-248,Estimate!!Total!!Other areas!!Entered 1990 to 1999!!Naturalized U.S. citizen,review_required,no,Selected because it is the strongest structural match already represented in the master. Review ACS period and category methodology before longitudinal analysis.
2020,2016-2020,Bergen County,New Jersey,05000US34003,34,003,American Community Survey,2016-2020 ACS 5-Year Estimates,B05007,PLACE OF BIRTH BY YEAR OF ENTRY BY CITIZENSHIP STATUS FOR THE FOREIGN-BORN POPULATION,B05007_103E,Estimate!!Total:!!Other areas:!!Entered 1990 to 1999:!!Not a U.S. citizen,302,145,,,persons,Foreign-born population,https://api.census.gov/data/2020/acs/acs5/groups/B05007.html,retrieved_and_moe_matched,2016–2020 ACS 5-Year estimate; sample-based period estimate.,foreign_born_other_areas_entered_1990_to_1999_not_citizen,citizenship_by_birthplace_and_year_of_entry,exact_2010_hierarchy_match,Table ID and complete Census hierarchy match the 2010 master after capitalization and punctuation normalization only.,strong,2010,2010,BC-2010-249,Estimate!!Total!!Other areas!!Entered 1990 to 1999!!Not a U.S. citizen,review_required,no,Selected because it is the strongest structural match already represented in the master. Review ACS period and category methodology before longitudinal analysis.
